"순번","노선명(도로명)","도로종류","도로기능","도로규모","도로폭","--- WORK_DTTM"
"1","4.19로","일반도로","국지도로","소로","6m미만","2026-03-01 11:18:02.675"
"2","4.19로11길","일반도로","국지도로","소로","6m미만","2026-03-01 11:18:02.675"
"3","4.19로12길","일반도로","국지도로","소로","6m미만","2026-03-01 11:18:02.675"
"4","4.19로13길","일반도로","국지도로","소로","6m미만","2026-03-01 11:18:02.675"
"5","4.19로17길","일반도로","국지도로","소로","6m미만","2026-03-01 11:18:02.675"
"6","4.19로1길","일반도로","국지도로","소로","6m미만","2026-03-01 11:18:02.675"
"7","4.19로20길","일반도로","국지도로","소로","6m미만","2026-03-01 11:18:02.675"
"8","4.19로21길","일반도로","국지도로","소로","6m미만","2026-03-01 11:18:02.675"
"9","4.19로23길","일반도로","국지도로","소로","6m미만","2026-03-01 11:18:02.675"
"10","4.19로25길","일반도로","국지도로","소로","6m미만","2026-03-01 11:18:02.676"
"11","4.19로27길","일반도로","국지도로","소로","6m미만","2026-03-01 11:18:02.681"
"12","4.19로28길","일반도로","국지도로","소로","6m미만","2026-03-01 11:18:02.681"
"13","4.19로29길","일반도로","국지도로","소로","6m미만","2026-03-01 11:18:02.681"
"14","4.19로2길","일반도로","국지도로","소로","6m미만","2026-03-01 11:18:02.681"
"15","4.19로30길","일반도로","국지도로","소로","6m미만","2026-03-01 11:18:02.681"
"16","4.19로31길","일반도로","국지도로","소로","6m미만","2026-03-01 11:18:02.681"
"17","4.19로32길","일반도로","국지도로","소로","6m미만","2026-03-01 11:18:02.681"
"18","4.19로8길","일반도로","국지도로","소로1류","폭10-12m","2026-03-01 11:18:02.681"
"19","4.19로9가길","일반도로","국지도로","소로","6m미만","2026-03-01 11:18:02.681"
"20","4.19로9길","일반도로","국지도로","소로3류","폭6-8m","2026-03-01 11:18:02.681"
"21","63로","일반도로","국지도로","대로3류","폭25-30m","2026-03-01 11:18:02.687"
"22","가락로","일반도로","국지도로","소로3류","폭6-8m","2026-03-01 11:18:02.687"
"23","가락로11길","일반도로","국지도로","소로","6m미만","2026-03-01 11:18:02.687"
"24","가락로12길","일반도로","국지도로","소로2류","폭8-10m","2026-03-01 11:18:02.687"
"25","가락로13길","일반도로","국지도로","소로","6m미만","2026-03-01 11:18:02.687"
"26","가락로15길","일반도로","국지도로","소로","6m미만","2026-03-01 11:18:02.687"
"27","가락로16길","일반도로","국지도로","소로3류","폭6-8m","2026-03-01 11:18:02.687"
"28","가락로17길","일반도로","국지도로","소로","6m미만","2026-03-01 11:18:02.687"
"29","가락로18길","일반도로","국지도로","소로","6m미만","2026-03-01 11:18:02.687"
"30","가락로19길","일반도로","국지도로","소로","6m미만","2026-03-01 11:18:02.687"
"31","가락로21길","일반도로","국지도로","소로","6m미만","2026-03-01 11:18:02.693"
"32","가락로23길","일반도로","국지도로","소로","6m미만","2026-03-01 11:18:02.693"
"33","가락로28길","일반도로","국지도로","소로3류","폭6-8m","2026-03-01 11:18:02.693"
"34","가락로2길","일반도로","국지도로","소로3류","폭6-8m","2026-03-01 11:18:02.693"
"35","가락로30길","일반도로","국지도로","소로","6m미만","2026-03-01 11:18:02.693"
"36","가락로31길","일반도로","국지도로","소로","6m미만","2026-03-01 11:18:02.693"
"37","가락로33길","일반도로","국지도로","소로","6m미만","2026-03-01 11:18:02.693"
"38","가락로34길","일반도로","국지도로","소로","6m미만","2026-03-01 11:18:02.693"
"39","가락로36길","일반도로","국지도로","소로3류","폭6-8m","2026-03-01 11:18:02.693"
"40","가락로37길","일반도로","국지도로","소로","6m미만","2026-03-01 11:18:02.693"
"41","가락로38길","일반도로","국지도로","소로","6m미만","2026-03-01 11:18:02.698"
"42","가락로39길","일반도로","국지도로","소로","6m미만","2026-03-01 11:18:02.698"
"43","가락로3길","일반도로","국지도로","소로","6m미만","2026-03-01 11:18:02.698"
"44","가락로40길","일반도로","국지도로","소로","6m미만","2026-03-01 11:18:02.698"
"45","가락로42길","일반도로","국지도로","소로2류","폭8-10m","2026-03-01 11:18:02.698"
"46","가락로5길","일반도로","국지도로","소로","6m미만","2026-03-01 11:18:02.698"
"47","가락로6길","일반도로","국지도로","소로3류","폭6-8m","2026-03-01 11:18:02.698"
"48","가락로7길","일반도로","국지도로","소로","6m미만","2026-03-01 11:18:02.698"
"49","가락로9길","일반도로","국지도로","소로","6m미만","2026-03-01 11:18:02.698"
"50","가람길","일반도로","국지도로","소로1류","폭10-12m","2026-03-01 11:18:02.698"
"51","가래여울1길","일반도로","국지도로","소로3류","폭6-8m","2026-03-01 11:18:02.703"
"52","가래여울2길","일반도로","국지도로","소로","6m미만","2026-03-01 11:18:02.703"
"53","가래여울길","일반도로","국지도로","소로","6m미만","2026-03-01 11:18:02.703"
"54","가로공원로","일반도로","국지도로","소로","6m미만","2026-03-01 11:18:02.703"
"55","가로공원로55길","일반도로","국지도로","소로","6m미만","2026-03-01 11:18:02.703"
"56","가로공원로56길","일반도로","국지도로","소로","6m미만","2026-03-01 11:18:02.703"
"57","가로공원로58길","일반도로","국지도로","소로","6m미만","2026-03-01 11:18:02.703"
"58","가로공원로60가길","일반도로","국지도로","소로","6m미만","2026-03-01 11:18:02.703"
"59","가로공원로60길","일반도로","국지도로","소로","6m미만","2026-03-01 11:18:02.703"
"60","가로공원로61길","일반도로","국지도로","소로3류","폭6-8m","2026-03-01 11:18:02.703"
"61","가로공원로64길","일반도로","국지도로","소로","6m미만","2026-03-01 11:18:02.708"
"62","가로공원로66길","일반도로","국지도로","소로","6m미만","2026-03-01 11:18:02.708"
"63","가로공원로67길","일반도로","국지도로","소로","6m미만","2026-03-01 11:18:02.708"
"64","가로공원로69길","일반도로","국지도로","소로","6m미만","2026-03-01 11:18:02.708"
"65","가로공원로70길","일반도로","국지도로","소로","6m미만","2026-03-01 11:18:02.708"
"66","가로공원로71길","일반도로","국지도로","소로","6m미만","2026-03-01 11:18:02.708"
"67","가로공원로72길","일반도로","국지도로","소로","6m미만","2026-03-01 11:18:02.708"
"68","가로공원로74길","일반도로","국지도로","소로","6m미만","2026-03-01 11:18:02.708"
"69","가로공원로76가길","일반도로","국지도로","소로3류","폭6-8m","2026-03-01 11:18:02.708"
"70","가로공원로76길","일반도로","국지도로","소로2류","폭8-10m","2026-03-01 11:18:02.708"
"71","가로공원로77길","일반도로","국지도로","소로","6m미만","2026-03-01 11:18:02.714"
"72","가로공원로78가길","일반도로","국지도로","소로","6m미만","2026-03-01 11:18:02.714"
"73","가로공원로78길","일반도로","국지도로","소로","6m미만","2026-03-01 11:18:02.714"
"74","가로공원로80가길","일반도로","국지도로","소로","6m미만","2026-03-01 11:18:02.714"
"75","가로공원로80길","일반도로","국지도로","소로","6m미만","2026-03-01 11:18:02.714"
"76","가로공원로82길","일반도로","국지도로","소로","6m미만","2026-03-01 11:18:02.714"
"77","가로공원로84길","일반도로","국지도로","소로","6m미만","2026-03-01 11:18:02.714"
"78","가로공원로86길","일반도로","국지도로","소로","6m미만","2026-03-01 11:18:02.714"
"79","가로공원로88길","일반도로","국지도로","소로","6m미만","2026-03-01 11:18:02.714"
"80","가로공원로89길","일반도로","국지도로","소로","6m미만","2026-03-01 11:18:02.714"
"81","가로수길","일반도로","국지도로","소로2류","폭8-10m","2026-03-01 11:18:02.719"
"82","가리봉~독산선","일반도로","보조간선도로","중로1류","폭20-25m","2026-03-01 11:18:02.719"
"83","가리봉~신길선","일반도로","보조간선도로","대로2류","폭30-35m","2026-03-01 11:18:02.719"
"84","가마산로","일반도로","국지도로","소로","6m미만","2026-03-01 11:18:02.719"
"85","가마산로11길","일반도로","국지도로","소로","6m미만","2026-03-01 11:18:02.719"
"86","가마산로12가길","일반도로","국지도로","소로","6m미만","2026-03-01 11:18:02.719"
"87","가마산로12길","일반도로","국지도로","소로","6m미만","2026-03-01 11:18:02.719"
"88","가마산로15가길","일반도로","국지도로","소로","6m미만","2026-03-01 11:18:02.719"
"89","가마산로15길","일반도로","국지도로","소로","6m미만","2026-03-01 11:18:02.719"
"90","가마산로19길","일반도로","국지도로","소로","6m미만","2026-03-01 11:18:02.719"
"91","가마산로20가길","일반도로","국지도로","소로","6m미만","2026-03-01 11:18:02.724"
"92","가마산로20길","일반도로","국지도로","소로2류","폭8-10m","2026-03-01 11:18:02.724"
"93","가마산로20나길","일반도로","국지도로","소로","6m미만","2026-03-01 11:18:02.724"
"94","가마산로20다길","일반도로","국지도로","소로","6m미만","2026-03-01 11:18:02.724"
"95","가마산로20라길","일반도로","국지도로","소로","6m미만","2026-03-01 11:18:02.724"
"96","가마산로21길","일반도로","국지도로","소로","6m미만","2026-03-01 11:18:02.724"
"97","가마산로22길","일반도로","국지도로","소로","6m미만","2026-03-01 11:18:02.724"
"98","가마산로23길","일반도로","국지도로","중로2류","폭15-20m","2026-03-01 11:18:02.724"
"99","가마산로25길","일반도로","국지도로","소로1류","폭10-12m","2026-03-01 11:18:02.724"
"100","가마산로26길","일반도로","국지도로","소로","6m미만","2026-03-01 11:18:02.724"
"101","가마산로27길","일반도로","국지도로","중로2류","폭15-20m","2026-03-01 11:18:02.73"
"102","가마산로2길","일반도로","국지도로","소로","6m미만","2026-03-01 11:18:02.73"
"103","가마산로31길","일반도로","국지도로","소로3류","폭6-8m","2026-03-01 11:18:02.73"
"104","가마산로32가길","일반도로","국지도로","소로","6m미만","2026-03-01 11:18:02.73"
"105","가마산로32길","일반도로","국지도로","소로1류","폭10-12m","2026-03-01 11:18:02.73"
"106","가마산로34길","일반도로","국지도로","소로2류","폭8-10m","2026-03-01 11:18:02.73"
"107","가마산로41길","일반도로","국지도로","소로1류","폭10-12m","2026-03-01 11:18:02.73"
"108","가마산로45길","일반도로","국지도로","소로3류","폭6-8m","2026-03-01 11:18:02.73"
"109","가마산로46가길","일반도로","국지도로","소로1류","폭10-12m","2026-03-01 11:18:02.73"
"110","가마산로46길","일반도로","국지도로","소로3류","폭6-8m","2026-03-01 11:18:02.73"
"111","가마산로47길","일반도로","국지도로","소로1류","폭10-12m","2026-03-01 11:18:02.735"
"112","가마산로48길","일반도로","국지도로","소로3류","폭6-8m","2026-03-01 11:18:02.735"
"113","가마산로49길","일반도로","국지도로","소로","6m미만","2026-03-01 11:18:02.735"
"114","가마산로4길","일반도로","국지도로","소로","6m미만","2026-03-01 11:18:02.735"
"115","가마산로50길","일반도로","국지도로","소로","6m미만","2026-03-01 11:18:02.735"
"116","가마산로51길","일반도로","국지도로","소로","6m미만","2026-03-01 11:18:02.735"
"117","가마산로54길","일반도로","국지도로","소로","6m미만","2026-03-01 11:18:02.735"
"118","가마산로56길","일반도로","국지도로","소로","6m미만","2026-03-01 11:18:02.735"
"119","가마산로5가길","일반도로","국지도로","소로","6m미만","2026-03-01 11:18:02.735"
"120","가마산로5길","일반도로","국지도로","소로3류","폭6-8m","2026-03-01 11:18:02.735"
"121","가마산로61가길","일반도로","국지도로","소로","6m미만","2026-03-01 11:18:02.74"
"122","가마산로61길","일반도로","국지도로","소로","6m미만","2026-03-01 11:18:02.74"
"123","가마산로61나길","일반도로","국지도로","소로","6m미만","2026-03-01 11:18:02.74"
"124","가마산로61다길","일반도로","국지도로","소로","6m미만","2026-03-01 11:18:02.74"
"125","가마산로61라길","일반도로","국지도로","소로","6m미만","2026-03-01 11:18:02.74"
"126","가마산로63길","일반도로","국지도로","소로","6m미만","2026-03-01 11:18:02.74"
"127","가마산로65길","일반도로","국지도로","소로","6m미만","2026-03-01 11:18:02.74"
"128","가마산로67길","일반도로","국지도로","소로","6m미만","2026-03-01 11:18:02.74"
"129","가마산로69가길","일반도로","국지도로","소로","6m미만","2026-03-01 11:18:02.74"
"130","가마산로69길","일반도로","국지도로","소로","6m미만","2026-03-01 11:18:02.74"
"131","가마산로71길","일반도로","국지도로","소로","6m미만","2026-03-01 11:18:02.745"
"132","가마산로77길","일반도로","국지도로","소로","6m미만","2026-03-01 11:18:02.745"
"133","가마산로79길","일반도로","국지도로","중로1류","폭20-25m","2026-03-01 11:18:02.745"
"134","가마산로7길","일반도로","국지도로","소로","6m미만","2026-03-01 11:18:02.745"
"135","가마산로88길","일반도로","국지도로","소로2류","폭8-10m","2026-03-01 11:18:02.745"
"136","가마산로89길","일반도로","국지도로","소로2류","폭8-10m","2026-03-01 11:18:02.745"
"137","가마산로90길","일반도로","국지도로","소로3류","폭6-8m","2026-03-01 11:18:02.745"
"138","가마산로9길","일반도로","국지도로","소로","6m미만","2026-03-01 11:18:02.745"
"139","가산디지털1로","일반도로","국지도로","중로1류","폭20-25m","2026-03-01 11:18:02.745"
"140","가산디지털2로","일반도로","국지도로","중로2류","폭15-20m","2026-03-01 11:18:02.745"
"141","가산로","일반도로","국지도로","소로","6m미만","2026-03-01 11:18:02.75"
"142","가산로3가길","일반도로","국지도로","소로","6m미만","2026-03-01 11:18:02.75"
"143","가산로3길","일반도로","국지도로","소로","6m미만","2026-03-01 11:18:02.75"
"144","가산로5길","일반도로","국지도로","소로3류","폭6-8m","2026-03-01 11:18:02.75"
"145","가산로7길","일반도로","국지도로","소로3류","폭6-8m","2026-03-01 11:18:02.75"
"146","가산로9길","일반도로","국지도로","소로1류","폭10-12m","2026-03-01 11:18:02.75"
"147","가양~현저선","일반도로","주간선도로","대로1류","폭35-40m","2026-03-01 11:18:02.75"
"148","가양대로","일반도로","국지도로","확인","불가","2026-03-01 11:18:02.75"
"149","가재울로","일반도로","국지도로","소로3류","폭6-8m","2026-03-01 11:18:02.75"
"150","가재울로10길","일반도로","국지도로","소로","6m미만","2026-03-01 11:18:02.75"
"151","가재울로12길","일반도로","국지도로","소로","6m미만","2026-03-01 11:18:02.755"
"152","가재울로14길","일반도로","국지도로","소로","6m미만","2026-03-01 11:18:02.755"
"153","가재울로2길","일반도로","국지도로","소로","6m미만","2026-03-01 11:18:02.755"
"154","가재울로2안길","일반도로","국지도로","소로","6m미만","2026-03-01 11:18:02.755"
"155","가재울로4길","일반도로","국지도로","소로","6m미만","2026-03-01 11:18:02.755"
"156","가재울로6길","일반도로","국지도로","소로","6m미만","2026-03-01 11:18:02.755"
"157","가재울로8길","일반도로","국지도로","소로","6m미만","2026-03-01 11:18:02.755"
"158","가재울미래로","일반도로","국지도로","중로1류","폭20-25m","2026-03-01 11:18:02.755"
"159","가좌로","일반도로","국지도로","소로","6m미만","2026-03-01 11:18:02.755"
"160","가좌로10길","일반도로","국지도로","소로","6m미만","2026-03-01 11:18:02.755"
"161","가좌로11가길","일반도로","국지도로","소로","6m미만","2026-03-01 11:18:02.76"
"162","가좌로11길","일반도로","국지도로","소로","6m미만","2026-03-01 11:18:02.76"
"163","가좌로11나길","일반도로","국지도로","소로","6m미만","2026-03-01 11:18:02.76"
"164","가좌로12길","일반도로","국지도로","소로3류","폭6-8m","2026-03-01 11:18:02.76"
"165","가좌로2길","일반도로","국지도로","소로","6m미만","2026-03-01 11:18:02.76"
"166","가좌로2안길","일반도로","국지도로","소로","6m미만","2026-03-01 11:18:02.76"
"167","가좌로4길","일반도로","국지도로","소로","6m미만","2026-03-01 11:18:02.76"
"168","가좌로5길","일반도로","국지도로","소로3류","폭6-8m","2026-03-01 11:18:02.76"
"169","가좌로6길","일반도로","국지도로","소로","6m미만","2026-03-01 11:18:02.76"
"170","가좌로7가길","일반도로","국지도로","소로","6m미만","2026-03-01 11:18:02.76"
"171","가좌로7길","일반도로","국지도로","소로","6m미만","2026-03-01 11:18:02.765"
"172","가좌로7나길","일반도로","국지도로","소로","6m미만","2026-03-01 11:18:02.765"
"173","가좌로7다길","일반도로","국지도로","소로","6m미만","2026-03-01 11:18:02.765"
"174","가좌로7라길","일반도로","국지도로","소로","6m미만","2026-03-01 11:18:02.765"
"175","가좌로9길","일반도로","국지도로","소로","6m미만","2026-03-01 11:18:02.765"
"176","간호대로","일반도로","국지도로","소로","6m미만","2026-03-01 11:18:02.765"
"177","간호대로1길","일반도로","국지도로","소로3류","폭6-8m","2026-03-01 11:18:02.765"
"178","간호대로2길","일반도로","국지도로","소로","6m미만","2026-03-01 11:18:02.765"
"179","간호대로3길","일반도로","국지도로","소로","6m미만","2026-03-01 11:18:02.765"
"180","간호대로4길","일반도로","국지도로","소로","6m미만","2026-03-01 11:18:02.765"
"181","갈월~동자동선","일반도로","보조간선도로","중로2류","폭15-20m","2026-03-01 11:18:02.77"
"182","갈현~적선선","일반도로","주간선도로","대로2류","폭30-35m","2026-03-01 11:18:02.77"
"183","갈현로","일반도로","국지도로","소로","6m미만","2026-03-01 11:18:02.77"
"184","갈현로11가길","일반도로","국지도로","소로","6m미만","2026-03-01 11:18:02.77"
"185","갈현로11길","일반도로","국지도로","소로","6m미만","2026-03-01 11:18:02.77"
"186","갈현로12길","일반도로","국지도로","소로","6m미만","2026-03-01 11:18:02.77"
"187","갈현로14길","일반도로","국지도로","소로","6m미만","2026-03-01 11:18:02.77"
"188","갈현로15길","일반도로","국지도로","소로","6m미만","2026-03-01 11:18:02.77"
"189","갈현로16길","일반도로","국지도로","소로","6m미만","2026-03-01 11:18:02.77"
"190","갈현로17가길","일반도로","국지도로","소로3류","폭6-8m","2026-03-01 11:18:02.77"
"191","갈현로17길","일반도로","국지도로","소로3류","폭6-8m","2026-03-01 11:18:02.775"
"192","갈현로17나길","일반도로","국지도로","소로","6m미만","2026-03-01 11:18:02.775"
"193","갈현로19길","일반도로","국지도로","소로","6m미만","2026-03-01 11:18:02.775"
"194","갈현로1길","일반도로","국지도로","소로","6m미만","2026-03-01 11:18:02.775"
"195","갈현로21길","일반도로","국지도로","소로","6m미만","2026-03-01 11:18:02.775"
"196","갈현로23길","일반도로","국지도로","소로","6m미만","2026-03-01 11:18:02.775"
"197","갈현로25길","일반도로","국지도로","소로","6m미만","2026-03-01 11:18:02.775"
"198","갈현로27길","일반도로","국지도로","소로","6m미만","2026-03-01 11:18:02.775"
"199","갈현로29길","일반도로","국지도로","소로","6m미만","2026-03-01 11:18:02.775"
"200","갈현로2가길","일반도로","국지도로","소로","6m미만","2026-03-01 11:18:02.775"
"201","갈현로2길","일반도로","국지도로","소로","6m미만","2026-03-01 11:18:02.78"
"202","갈현로31길","일반도로","국지도로","소로","6m미만","2026-03-01 11:18:02.78"
"203","갈현로33가길","일반도로","국지도로","소로","6m미만","2026-03-01 11:18:02.78"
"204","갈현로33길","일반도로","국지도로","소로","6m미만","2026-03-01 11:18:02.78"
"205","갈현로35길","일반도로","국지도로","소로","6m미만","2026-03-01 11:18:02.78"
"206","갈현로36길","일반도로","국지도로","소로","6m미만","2026-03-01 11:18:02.78"
"207","갈현로37가길","일반도로","국지도로","소로","6m미만","2026-03-01 11:18:02.78"
"208","갈현로37길","일반도로","국지도로","소로","6m미만","2026-03-01 11:18:02.78"
"209","갈현로39가길","일반도로","국지도로","소로","6m미만","2026-03-01 11:18:02.78"
"210","갈현로39길","일반도로","국지도로","소로","6m미만","2026-03-01 11:18:02.78"
"211","갈현로3가길","일반도로","국지도로","소로","6m미만","2026-03-01 11:18:02.785"
"212","갈현로3길","일반도로","국지도로","소로","6m미만","2026-03-01 11:18:02.785"
"213","갈현로3나길","일반도로","국지도로","소로2류","폭8-10m","2026-03-01 11:18:02.785"
"214","갈현로3다길","일반도로","국지도로","소로","6m미만","2026-03-01 11:18:02.785"
"215","갈현로41가길","일반도로","국지도로","소로","6m미만","2026-03-01 11:18:02.785"
"216","갈현로41길","일반도로","국지도로","소로","6m미만","2026-03-01 11:18:02.785"
"217","갈현로41나길","일반도로","국지도로","소로","6m미만","2026-03-01 11:18:02.785"
"218","갈현로41다길","일반도로","국지도로","소로","6m미만","2026-03-01 11:18:02.785"
"219","갈현로43길","일반도로","국지도로","소로","6m미만","2026-03-01 11:18:02.785"
"220","갈현로45가길","일반도로","국지도로","소로","6m미만","2026-03-01 11:18:02.785"
"221","갈현로45길","일반도로","국지도로","소로","6m미만","2026-03-01 11:18:02.79"
"222","갈현로45나길","일반도로","국지도로","소로","6m미만","2026-03-01 11:18:02.79"
"223","갈현로47가길","일반도로","국지도로","소로","6m미만","2026-03-01 11:18:02.79"
"224","갈현로47길","일반도로","국지도로","소로","6m미만","2026-03-01 11:18:02.79"
"225","갈현로4길","일반도로","국지도로","소로","6m미만","2026-03-01 11:18:02.79"
"226","갈현로5길","일반도로","국지도로","소로","6m미만","2026-03-01 11:18:02.79"
"227","갈현로7가길","일반도로","국지도로","소로","6m미만","2026-03-01 11:18:02.79"
"228","갈현로7길","일반도로","국지도로","소로","6m미만","2026-03-01 11:18:02.79"
"229","갈현로9길","일반도로","국지도로","소로","6m미만","2026-03-01 11:18:02.79"
"230","감이남로","일반도로","국지도로","소로3류","폭6-8m","2026-03-01 11:18:02.79"
"231","감이천자전거길","일반도로","국지도로","소로3류","폭6-8m","2026-03-01 11:18:02.795"
"232","감일남로","일반도로","국지도로","소로3류","폭6-8m","2026-03-01 11:18:02.795"
"233","감초로","일반도로","국지도로","확인","불가","2026-03-01 11:18:02.795"
"234","강남대로","일반도로","국지도로","소로","6m미만","2026-03-01 11:18:02.795"
"235","강남대로100길","일반도로","국지도로","소로","6m미만","2026-03-01 11:18:02.795"
"236","강남대로101길","일반도로","국지도로","소로3류","폭6-8m","2026-03-01 11:18:02.795"
"237","강남대로101안길","일반도로","국지도로","소로","6m미만","2026-03-01 11:18:02.795"
"238","강남대로102길","일반도로","국지도로","소로","6m미만","2026-03-01 11:18:02.795"
"239","강남대로105길","일반도로","국지도로","소로","6m미만","2026-03-01 11:18:02.795"
"240","강남대로106길","일반도로","국지도로","소로","6m미만","2026-03-01 11:18:02.795"
"241","강남대로107길","일반도로","국지도로","소로3류","폭6-8m","2026-03-01 11:18:02.8"
"242","강남대로109길","일반도로","국지도로","소로3류","폭6-8m","2026-03-01 11:18:02.8"
"243","강남대로10길","일반도로","국지도로","소로3류","폭6-8m","2026-03-01 11:18:02.8"
"244","강남대로110길","일반도로","국지도로","소로","6m미만","2026-03-01 11:18:02.8"
"245","강남대로112길","일반도로","국지도로","소로3류","폭6-8m","2026-03-01 11:18:02.8"
"246","강남대로114길","일반도로","국지도로","소로","6m미만","2026-03-01 11:18:02.8"
"247","강남대로116길","일반도로","국지도로","소로","6m미만","2026-03-01 11:18:02.8"
"248","강남대로118길","일반도로","국지도로","소로2류","폭8-10m","2026-03-01 11:18:02.8"
"249","강남대로120길","일반도로","국지도로","소로","6m미만","2026-03-01 11:18:02.8"
"250","강남대로122길","일반도로","국지도로","소로","6m미만","2026-03-01 11:18:02.8"
"251","강남대로124길","일반도로","국지도로","소로","6m미만","2026-03-01 11:18:02.806"
"252","강남대로126길","일반도로","국지도로","소로","6m미만","2026-03-01 11:18:02.806"
"253","강남대로128길","일반도로","국지도로","소로","6m미만","2026-03-01 11:18:02.806"
"254","강남대로12길","일반도로","국지도로","소로","6m미만","2026-03-01 11:18:02.806"
"255","강남대로130길","일반도로","국지도로","소로3류","폭6-8m","2026-03-01 11:18:02.806"
"256","강남대로132길","일반도로","국지도로","소로","6m미만","2026-03-01 11:18:02.806"
"257","강남대로136길","일반도로","국지도로","소로","6m미만","2026-03-01 11:18:02.806"
"258","강남대로140길","일반도로","국지도로","소로3류","폭6-8m","2026-03-01 11:18:02.806"
"259","강남대로146길","일반도로","국지도로","소로","6m미만","2026-03-01 11:18:02.806"
"260","강남대로150길","일반도로","국지도로","소로3류","폭6-8m","2026-03-01 11:18:02.806"
"261","강남대로152길","일반도로","국지도로","소로3류","폭6-8m","2026-03-01 11:18:02.811"
"262","강남대로154길","일반도로","국지도로","소로","6m미만","2026-03-01 11:18:02.811"
"263","강남대로156길","일반도로","국지도로","소로","6m미만","2026-03-01 11:18:02.811"
"264","강남대로158길","일반도로","국지도로","소로","6m미만","2026-03-01 11:18:02.811"
"265","강남대로160길","일반도로","국지도로","소로","6m미만","2026-03-01 11:18:02.811"
"266","강남대로162길","일반도로","국지도로","소로","6m미만","2026-03-01 11:18:02.811"
"267","강남대로16길","일반도로","국지도로","소로","6m미만","2026-03-01 11:18:02.811"
"268","강남대로18길","일반도로","국지도로","소로3류","폭6-8m","2026-03-01 11:18:02.811"
"269","강남대로23길","일반도로","국지도로","소로","6m미만","2026-03-01 11:18:02.811"
"270","강남대로25길","일반도로","국지도로","소로","6m미만","2026-03-01 11:18:02.811"
"271","강남대로27길","일반도로","국지도로","소로3류","폭6-8m","2026-03-01 11:18:02.816"
"272","강남대로2길","일반도로","국지도로","소로3류","폭6-8m","2026-03-01 11:18:02.816"
"273","강남대로30길","일반도로","국지도로","소로","6m미만","2026-03-01 11:18:02.816"
"274","강남대로34길","일반도로","국지도로","소로","6m미만","2026-03-01 11:18:02.816"
"275","강남대로37길","일반도로","국지도로","소로","6m미만","2026-03-01 11:18:02.816"
"276","강남대로39길","일반도로","국지도로","소로3류","폭6-8m","2026-03-01 11:18:02.816"
"277","강남대로41길","일반도로","국지도로","소로","6m미만","2026-03-01 11:18:02.816"
"278","강남대로42길","일반도로","국지도로","소로2류","폭8-10m","2026-03-01 11:18:02.816"
"279","강남대로43길","일반도로","국지도로","소로","6m미만","2026-03-01 11:18:02.816"
"280","강남대로44길","일반도로","국지도로","소로","6m미만","2026-03-01 11:18:02.816"
"281","강남대로45길","일반도로","국지도로","소로","6m미만","2026-03-01 11:18:02.821"
"282","강남대로47길","일반도로","국지도로","소로3류","폭6-8m","2026-03-01 11:18:02.821"
"283","강남대로48길","일반도로","국지도로","소로","6m미만","2026-03-01 11:18:02.821"
"284","강남대로49길","일반도로","국지도로","소로3류","폭6-8m","2026-03-01 11:18:02.821"
"285","강남대로4길","일반도로","국지도로","소로3류","폭6-8m","2026-03-01 11:18:02.821"
"286","강남대로51길","일반도로","국지도로","소로2류","폭8-10m","2026-03-01 11:18:02.821"
"287","강남대로53길","일반도로","국지도로","소로1류","폭10-12m","2026-03-01 11:18:02.822"
"288","강남대로54길","일반도로","국지도로","소로","6m미만","2026-03-01 11:18:02.822"
"289","강남대로55길","일반도로","국지도로","중로1류","폭20-25m","2026-03-01 11:18:02.822"
"290","강남대로58길","일반도로","국지도로","소로3류","폭6-8m","2026-03-01 11:18:02.822"
"291","강남대로61길","일반도로","국지도로","중로1류","폭20-25m","2026-03-01 11:18:02.827"
"292","강남대로62길","일반도로","국지도로","소로3류","폭6-8m","2026-03-01 11:18:02.827"
"293","강남대로65길","일반도로","국지도로","소로3류","폭6-8m","2026-03-01 11:18:02.827"
"294","강남대로66길","일반도로","국지도로","소로2류","폭8-10m","2026-03-01 11:18:02.827"
"295","강남대로69길","일반도로","국지도로","소로3류","폭6-8m","2026-03-01 11:18:02.827"
"296","강남대로6길","일반도로","국지도로","소로3류","폭6-8m","2026-03-01 11:18:02.827"
"297","강남대로78길","일반도로","국지도로","소로3류","폭6-8m","2026-03-01 11:18:02.827"
"298","강남대로79길","일반도로","국지도로","소로2류","폭8-10m","2026-03-01 11:18:02.827"
"299","강남대로83길","일반도로","국지도로","소로3류","폭6-8m","2026-03-01 11:18:02.827"
"300","강남대로84길","일반도로","국지도로","소로3류","폭6-8m","2026-03-01 11:18:02.827"
"301","강남대로85길","일반도로","국지도로","소로","6m미만","2026-03-01 11:18:02.832"
"302","강남대로89길","일반도로","국지도로","소로3류","폭6-8m","2026-03-01 11:18:02.832"
"303","강남대로8길","일반도로","국지도로","소로3류","폭6-8m","2026-03-01 11:18:02.832"
"304","강남대로91길","일반도로","국지도로","소로3류","폭6-8m","2026-03-01 11:18:02.832"
"305","강남대로92길","일반도로","국지도로","소로","6m미만","2026-03-01 11:18:02.832"
"306","강남대로93길","일반도로","국지도로","소로","6m미만","2026-03-01 11:18:02.832"
"307","강남대로94길","일반도로","국지도로","소로","6m미만","2026-03-01 11:18:02.832"
"308","강남대로95길","일반도로","국지도로","소로","6m미만","2026-03-01 11:18:02.832"
"309","강남대로96길","일반도로","국지도로","소로","6m미만","2026-03-01 11:18:02.832"
"310","강남대로97길","일반도로","국지도로","소로","6m미만","2026-03-01 11:18:02.832"
"311","강남대로98길","일반도로","국지도로","소로","6m미만","2026-03-01 11:18:02.837"
"312","강남대로99길","일반도로","국지도로","소로","6m미만","2026-03-01 11:18:02.837"
"313","강남순환로","자동차전용도로","도시고속도로","대로3류","폭25-30m","2026-03-01 11:18:02.837"
"314","강남순환로","일반도로","국지도로","확인","불가","2026-03-01 11:18:02.837"
"315","강남초등2길","일반도로","국지도로","소로","6m미만","2026-03-01 11:18:02.837"
"316","강남초등4길","일반도로","국지도로","소로","6m미만","2026-03-01 11:18:02.837"
"317","강남초등6길","일반도로","국지도로","소로3류","폭6-8m","2026-03-01 11:18:02.837"
"318","강남초등8길","일반도로","국지도로","소로3류","폭6-8m","2026-03-01 11:18:02.837"
"319","강남초등길","일반도로","국지도로","소로3류","폭6-8m","2026-03-01 11:18:02.837"
"320","강동대로","일반도로","국지도로","소로","6m미만","2026-03-01 11:18:02.837"
"321","강동대로2길","일반도로","국지도로","중로1류","폭20-25m","2026-03-01 11:18:02.843"
"322","강동대로3길","일반도로","국지도로","소로3류","폭6-8m","2026-03-01 11:18:02.843"
"323","강동대로51길","일반도로","국지도로","소로2류","폭8-10m","2026-03-01 11:18:02.843"
"324","강동대로53길","일반도로","국지도로","소로1류","폭10-12m","2026-03-01 11:18:02.843"
"325","강동대로55길","일반도로","국지도로","소로","6m미만","2026-03-01 11:18:02.843"
"326","강동대로5길","일반도로","국지도로","소로","6m미만","2026-03-01 11:18:02.843"
"327","강동대로7길","일반도로","국지도로","소로3류","폭6-8m","2026-03-01 11:18:02.843"
"328","강동대로9길","일반도로","국지도로","소로1류","폭10-12m","2026-03-01 11:18:02.843"
"329","강변북로","자동차전용도로","도시고속도로","중로1류","폭20-25m","2026-03-01 11:18:02.843"
"330","강변북로","일반도로","국지도로","확인","불가","2026-03-01 11:18:02.843"
"331","강변역로","일반도로","국지도로","확인","불가","2026-03-01 11:18:02.848"
"332","강변역로2길","일반도로","국지도로","소로","6m미만","2026-03-01 11:18:02.848"
"333","강변역로4길","일반도로","국지도로","중로1류","폭20-25m","2026-03-01 11:18:02.848"
"334","강서로","일반도로","국지도로","소로3류","폭6-8m","2026-03-01 11:18:02.848"
"335","강서로10길","일반도로","국지도로","소로","6m미만","2026-03-01 11:18:02.848"
"336","강서로12길","일반도로","국지도로","소로","6m미만","2026-03-01 11:18:02.848"
"337","강서로13길","일반도로","국지도로","소로","6m미만","2026-03-01 11:18:02.848"
"338","강서로15길","일반도로","국지도로","소로","6m미만","2026-03-01 11:18:02.848"
"339","강서로16길","일반도로","국지도로","소로","6m미만","2026-03-01 11:18:02.848"
"340","강서로17가길","일반도로","국지도로","소로","6m미만","2026-03-01 11:18:02.848"
"341","강서로17길","일반도로","국지도로","소로2류","폭8-10m","2026-03-01 11:18:02.853"
"342","강서로17나길","일반도로","국지도로","소로","6m미만","2026-03-01 11:18:02.853"
"343","강서로17다길","일반도로","국지도로","소로","6m미만","2026-03-01 11:18:02.853"
"344","강서로17라길","일반도로","국지도로","소로","6m미만","2026-03-01 11:18:02.853"
"345","강서로18가길","일반도로","국지도로","소로","6m미만","2026-03-01 11:18:02.853"
"346","강서로18길","일반도로","국지도로","소로","6m미만","2026-03-01 11:18:02.853"
"347","강서로18나길","일반도로","국지도로","소로","6m미만","2026-03-01 11:18:02.853"
"348","강서로18다길","일반도로","국지도로","소로","6m미만","2026-03-01 11:18:02.853"
"349","강서로18라길","일반도로","국지도로","소로","6m미만","2026-03-01 11:18:02.853"
"350","강서로18마길","일반도로","국지도로","소로","6m미만","2026-03-01 11:18:02.853"
"351","강서로18바길","일반도로","국지도로","소로","6m미만","2026-03-01 11:18:02.858"
"352","강서로18아길","일반도로","국지도로","소로","6m미만","2026-03-01 11:18:02.858"
"353","강서로19길","일반도로","국지도로","소로","6m미만","2026-03-01 11:18:02.858"
"354","강서로20길","일반도로","국지도로","소로","6m미만","2026-03-01 11:18:02.858"
"355","강서로23길","일반도로","국지도로","소로","6m미만","2026-03-01 11:18:02.858"
"356","강서로24길","일반도로","국지도로","소로","6m미만","2026-03-01 11:18:02.858"
"357","강서로26길","일반도로","국지도로","소로","6m미만","2026-03-01 11:18:02.858"
"358","강서로27길","일반도로","국지도로","소로","6m미만","2026-03-01 11:18:02.858"
"359","강서로29길","일반도로","국지도로","소로2류","폭8-10m","2026-03-01 11:18:02.858"
"360","강서로31길","일반도로","국지도로","소로","6m미만","2026-03-01 11:18:02.858"
"361","강서로33가길","일반도로","국지도로","소로","6m미만","2026-03-01 11:18:02.863"
"362","강서로33길","일반도로","국지도로","소로","6m미만","2026-03-01 11:18:02.863"
"363","강서로34길","일반도로","국지도로","소로","6m미만","2026-03-01 11:18:02.863"
"364","강서로35길","일반도로","국지도로","소로","6m미만","2026-03-01 11:18:02.863"
"365","강서로36길","일반도로","국지도로","소로","6m미만","2026-03-01 11:18:02.863"
"366","강서로37길","일반도로","국지도로","소로","6m미만","2026-03-01 11:18:02.863"
"367","강서로39길","일반도로","국지도로","소로3류","폭6-8m","2026-03-01 11:18:02.863"
"368","강서로41길","일반도로","국지도로","소로","6m미만","2026-03-01 11:18:02.863"
"369","강서로43길","일반도로","국지도로","소로3류","폭6-8m","2026-03-01 11:18:02.863"
"370","강서로45가길","일반도로","국지도로","소로","6m미만","2026-03-01 11:18:02.863"
"371","강서로45길","일반도로","국지도로","소로3류","폭6-8m","2026-03-01 11:18:02.868"
"372","강서로45나길","일반도로","국지도로","소로3류","폭6-8m","2026-03-01 11:18:02.868"
"373","강서로45다길","일반도로","국지도로","소로","6m미만","2026-03-01 11:18:02.868"
"374","강서로45라길","일반도로","국지도로","소로","6m미만","2026-03-01 11:18:02.869"
"375","강서로46길","일반도로","국지도로","소로3류","폭6-8m","2026-03-01 11:18:02.869"
"376","강서로47가길","일반도로","국지도로","소로3류","폭6-8m","2026-03-01 11:18:02.869"
"377","강서로47길","일반도로","국지도로","소로1류","폭10-12m","2026-03-01 11:18:02.869"
"378","강서로47나길","일반도로","국지도로","소로3류","폭6-8m","2026-03-01 11:18:02.869"
"379","강서로47다길","일반도로","국지도로","소로","6m미만","2026-03-01 11:18:02.869"
"380","강서로47라길","일반도로","국지도로","소로","6m미만","2026-03-01 11:18:02.869"
"381","강서로47마길","일반도로","국지도로","소로","6m미만","2026-03-01 11:18:02.873"
"382","강서로47바길","일반도로","국지도로","소로","6m미만","2026-03-01 11:18:02.873"
"383","강서로48길","일반도로","국지도로","소로","6m미만","2026-03-01 11:18:02.873"
"384","강서로50길","일반도로","국지도로","중로2류","폭15-20m","2026-03-01 11:18:02.873"
"385","강서로52길","일반도로","국지도로","소로3류","폭6-8m","2026-03-01 11:18:02.873"
"386","강서로54길","일반도로","국지도로","소로","6m미만","2026-03-01 11:18:02.873"
"387","강서로56가길","일반도로","국지도로","중로2류","폭15-20m","2026-03-01 11:18:02.873"
"388","강서로56길","일반도로","국지도로","중로1류","폭20-25m","2026-03-01 11:18:02.874"
"389","강서로56나길","일반도로","국지도로","중로2류","폭15-20m","2026-03-01 11:18:02.874"
"390","강서로5가길","일반도로","국지도로","소로","6m미만","2026-03-01 11:18:02.874"
"391","강서로5길","일반도로","국지도로","소로1류","폭10-12m","2026-03-01 11:18:02.879"
"392","강서로5나길","일반도로","국지도로","소로","6m미만","2026-03-01 11:18:02.879"
"393","강서로5다길","일반도로","국지도로","소로","6m미만","2026-03-01 11:18:02.879"
"394","강서로5라길","일반도로","국지도로","소로","6m미만","2026-03-01 11:18:02.879"
"395","강서로62길","일반도로","국지도로","중로1류","폭20-25m","2026-03-01 11:18:02.879"
"396","강서로68길","일반도로","국지도로","중로2류","폭15-20m","2026-03-01 11:18:02.879"
"397","강서로74길","일반도로","국지도로","소로3류","폭6-8m","2026-03-01 11:18:02.879"
"398","강서로76길","일반도로","국지도로","소로3류","폭6-8m","2026-03-01 11:18:02.879"
"399","강서로7길","일반도로","국지도로","소로","6m미만","2026-03-01 11:18:02.879"
"400","강서로80길","일반도로","국지도로","소로2류","폭8-10m","2026-03-01 11:18:02.879"
"401","강서로8길","일반도로","국지도로","소로","6m미만","2026-03-01 11:18:02.884"
"402","개봉로","일반도로","국지도로","소로","6m미만","2026-03-01 11:18:02.884"
"403","개봉로10길","일반도로","국지도로","소로","6m미만","2026-03-01 11:18:02.884"
"404","개봉로11가길","일반도로","국지도로","소로","6m미만","2026-03-01 11:18:02.884"
"405","개봉로11길","일반도로","국지도로","소로","6m미만","2026-03-01 11:18:02.884"
"406","개봉로11나길","일반도로","국지도로","소로","6m미만","2026-03-01 11:18:02.884"
"407","개봉로12길","일반도로","국지도로","소로","6m미만","2026-03-01 11:18:02.884"
"408","개봉로14길","일반도로","국지도로","소로","6m미만","2026-03-01 11:18:02.884"
"409","개봉로15길","일반도로","국지도로","소로3류","폭6-8m","2026-03-01 11:18:02.884"
"410","개봉로16가길","일반도로","국지도로","소로","6m미만","2026-03-01 11:18:02.884"
"411","개봉로16길","일반도로","국지도로","소로","6m미만","2026-03-01 11:18:02.889"
"412","개봉로17가길","일반도로","국지도로","소로","6m미만","2026-03-01 11:18:02.889"
"413","개봉로17길","일반도로","국지도로","소로","6m미만","2026-03-01 11:18:02.889"
"414","개봉로17나길","일반도로","국지도로","소로","6m미만","2026-03-01 11:18:02.889"
"415","개봉로17다길","일반도로","국지도로","소로","6m미만","2026-03-01 11:18:02.889"
"416","개봉로17라길","일반도로","국지도로","소로3류","폭6-8m","2026-03-01 11:18:02.889"
"417","개봉로17마길","일반도로","국지도로","소로3류","폭6-8m","2026-03-01 11:18:02.889"
"418","개봉로17바길","일반도로","국지도로","소로3류","폭6-8m","2026-03-01 11:18:02.889"
"419","개봉로17아길","일반도로","국지도로","소로3류","폭6-8m","2026-03-01 11:18:02.889"
"420","개봉로18길","일반도로","국지도로","소로","6m미만","2026-03-01 11:18:02.889"
"421","개봉로19길","일반도로","국지도로","소로","6m미만","2026-03-01 11:18:02.894"
"422","개봉로1가길","일반도로","국지도로","소로","6m미만","2026-03-01 11:18:02.894"
"423","개봉로1길","일반도로","국지도로","소로3류","폭6-8m","2026-03-01 11:18:02.894"
"424","개봉로1나길","일반도로","국지도로","소로3류","폭6-8m","2026-03-01 11:18:02.894"
"425","개봉로1다길","일반도로","국지도로","소로","6m미만","2026-03-01 11:18:02.894"
"426","개봉로1라길","일반도로","국지도로","소로","6m미만","2026-03-01 11:18:02.894"
"427","개봉로20길","일반도로","국지도로","소로2류","폭8-10m","2026-03-01 11:18:02.894"
"428","개봉로23가길","일반도로","국지도로","중로1류","폭20-25m","2026-03-01 11:18:02.894"
"429","개봉로23길","일반도로","국지도로","소로","6m미만","2026-03-01 11:18:02.894"
"430","개봉로24길","일반도로","국지도로","소로","6m미만","2026-03-01 11:18:02.894"
"431","개봉로2길","일반도로","국지도로","소로1류","폭10-12m","2026-03-01 11:18:02.899"
"432","개봉로3가길","일반도로","국지도로","소로","6m미만","2026-03-01 11:18:02.899"
"433","개봉로3길","일반도로","국지도로","소로","6m미만","2026-03-01 11:18:02.899"
"434","개봉로5길","일반도로","국지도로","소로","6m미만","2026-03-01 11:18:02.899"
"435","개봉로6길","일반도로","국지도로","소로","6m미만","2026-03-01 11:18:02.899"
"436","개봉선","일반도로","보조간선도로","대로3류","폭25-30m","2026-03-01 11:18:02.899"
"437","개운사1길","일반도로","국지도로","소로","6m미만","2026-03-01 11:18:02.899"
"438","개운사2길","일반도로","국지도로","소로","6m미만","2026-03-01 11:18:02.899"
"439","개운사길","일반도로","국지도로","소로","6m미만","2026-03-01 11:18:02.899"
"440","개포로","일반도로","국지도로","중로1류","폭20-25m","2026-03-01 11:18:02.899"
"441","개포로109길","일반도로","국지도로","중로1류","폭20-25m","2026-03-01 11:18:02.904"
"442","개포로110길","일반도로","국지도로","중로1류","폭20-25m","2026-03-01 11:18:02.904"
"443","개포로116길","일반도로","국지도로","소로2류","폭8-10m","2026-03-01 11:18:02.904"
"444","개포로118길","일반도로","국지도로","소로","6m미만","2026-03-01 11:18:02.904"
"445","개포로120길","일반도로","국지도로","소로","6m미만","2026-03-01 11:18:02.904"
"446","개포로124길","일반도로","국지도로","중로2류","폭15-20m","2026-03-01 11:18:02.904"
"447","개포로128길","일반도로","국지도로","소로3류","폭6-8m","2026-03-01 11:18:02.904"
"448","개포로130길","일반도로","국지도로","소로","6m미만","2026-03-01 11:18:02.904"
"449","개포로136길","일반도로","국지도로","소로","6m미만","2026-03-01 11:18:02.904"
"450","개포로138길","일반도로","국지도로","소로3류","폭6-8m","2026-03-01 11:18:02.904"
"451","개포로140길","일반도로","국지도로","중로1류","폭20-25m","2026-03-01 11:18:02.909"
"452","개포로15길","일반도로","국지도로","소로3류","폭6-8m","2026-03-01 11:18:02.909"
"453","개포로17길","일반도로","국지도로","소로3류","폭6-8m","2026-03-01 11:18:02.909"
"454","개포로20길","일반도로","국지도로","소로3류","폭6-8m","2026-03-01 11:18:02.909"
"455","개포로21길","일반도로","국지도로","소로","6m미만","2026-03-01 11:18:02.909"
"456","개포로22길","일반도로","국지도로","소로2류","폭8-10m","2026-03-01 11:18:02.909"
"457","개포로24길","일반도로","국지도로","소로3류","폭6-8m","2026-03-01 11:18:02.909"
"458","개포로25길","일반도로","국지도로","소로3류","폭6-8m","2026-03-01 11:18:02.909"
"459","개포로26길","일반도로","국지도로","소로","6m미만","2026-03-01 11:18:02.909"
"460","개포로28길","일반도로","국지도로","소로3류","폭6-8m","2026-03-01 11:18:02.909"
"461","개포로30길","일반도로","국지도로","소로3류","폭6-8m","2026-03-01 11:18:02.913"
"462","개포로31길","일반도로","국지도로","소로3류","폭6-8m","2026-03-01 11:18:02.913"
"463","개포로32길","일반도로","국지도로","소로3류","폭6-8m","2026-03-01 11:18:02.913"
"464","개포로34길","일반도로","국지도로","소로3류","폭6-8m","2026-03-01 11:18:02.913"
"465","개포로35길","일반도로","국지도로","소로3류","폭6-8m","2026-03-01 11:18:02.913"
"466","개포로36길","일반도로","국지도로","소로3류","폭6-8m","2026-03-01 11:18:02.913"
"467","개포로38길","일반도로","국지도로","소로3류","폭6-8m","2026-03-01 11:18:02.913"
"468","개포로53길","일반도로","국지도로","소로2류","폭8-10m","2026-03-01 11:18:02.913"
"469","개포로82길","일반도로","국지도로","소로2류","폭8-10m","2026-03-01 11:18:02.913"
"470","개포로88길","일반도로","국지도로","중로1류","폭20-25m","2026-03-01 11:18:02.913"
"471","개화10가길","일반도로","국지도로","소로","6m미만","2026-03-01 11:18:02.918"
"472","개화10길","일반도로","국지도로","소로","6m미만","2026-03-01 11:18:02.918"
"473","개화12길","일반도로","국지도로","소로","6m미만","2026-03-01 11:18:02.918"
"474","개화2길","일반도로","국지도로","소로","6m미만","2026-03-01 11:18:02.918"
"475","개화3길","일반도로","국지도로","소로3류","폭6-8m","2026-03-01 11:18:02.918"
"476","개화4길","일반도로","국지도로","소로","6m미만","2026-03-01 11:18:02.918"
"477","개화6길","일반도로","국지도로","소로","6m미만","2026-03-01 11:18:02.918"
"478","개화길","일반도로","국지도로","소로","6m미만","2026-03-01 11:18:02.919"
"479","개화동로","일반도로","국지도로","소로2류","폭8-10m","2026-03-01 11:18:02.919"
"480","개화동로11길","일반도로","국지도로","소로","6m미만","2026-03-01 11:18:02.919"
"481","개화동로13길","일반도로","국지도로","소로","6m미만","2026-03-01 11:18:02.923"
"482","개화동로15길","일반도로","국지도로","소로2류","폭8-10m","2026-03-01 11:18:02.923"
"483","개화동로17길","일반도로","국지도로","소로","6m미만","2026-03-01 11:18:02.923"
"484","개화동로19길","일반도로","국지도로","소로","6m미만","2026-03-01 11:18:02.923"
"485","개화동로20길","일반도로","국지도로","소로3류","폭6-8m","2026-03-01 11:18:02.923"
"486","개화동로21길","일반도로","국지도로","중로2류","폭15-20m","2026-03-01 11:18:02.923"
"487","개화동로23길","일반도로","국지도로","소로","6m미만","2026-03-01 11:18:02.923"
"488","개화동로25길","일반도로","국지도로","소로","6m미만","2026-03-01 11:18:02.923"
"489","개화동로27가길","일반도로","국지도로","소로2류","폭8-10m","2026-03-01 11:18:02.923"
"490","개화동로27길","일반도로","국지도로","소로","6m미만","2026-03-01 11:18:02.923"
"491","개화동로27나길","일반도로","국지도로","소로","6m미만","2026-03-01 11:18:02.928"
"492","개화동로29길","일반도로","국지도로","소로3류","폭6-8m","2026-03-01 11:18:02.928"
"493","개화동로2길","일반도로","국지도로","소로","6m미만","2026-03-01 11:18:02.928"
"494","개화동로31길","일반도로","국지도로","소로","6m미만","2026-03-01 11:18:02.928"
"495","개화동로4길","일반도로","국지도로","소로","6m미만","2026-03-01 11:18:02.928"
"496","개화동로5길","일반도로","국지도로","소로","6m미만","2026-03-01 11:18:02.928"
"497","개화동로7길","일반도로","국지도로","소로","6m미만","2026-03-01 11:18:02.928"
"498","개화동로8길","일반도로","국지도로","소로2류","폭8-10m","2026-03-01 11:18:02.928"
"499","개화동로9길","일반도로","국지도로","소로","6m미만","2026-03-01 11:18:02.928"
"500","거마로","일반도로","국지도로","중로2류","폭15-20m","2026-03-01 11:18:02.928"
"501","거마로10길","일반도로","국지도로","소로2류","폭8-10m","2026-03-01 11:18:02.933"
"502","거마로13길","일반도로","국지도로","소로","6m미만","2026-03-01 11:18:02.933"
"503","거마로15길","일반도로","국지도로","소로","6m미만","2026-03-01 11:18:02.933"
"504","거마로17길","일반도로","국지도로","소로","6m미만","2026-03-01 11:18:02.933"
"505","거마로20길","일반도로","국지도로","소로","6m미만","2026-03-01 11:18:02.933"
"506","거마로22길","일반도로","국지도로","소로","6m미만","2026-03-01 11:18:02.933"
"507","거마로24길","일반도로","국지도로","소로","6m미만","2026-03-01 11:18:02.933"
"508","거마로27길","일반도로","국지도로","소로2류","폭8-10m","2026-03-01 11:18:02.934"
"509","거마로2길","일반도로","국지도로","소로3류","폭6-8m","2026-03-01 11:18:02.934"
"510","거마로3길","일반도로","국지도로","소로2류","폭8-10m","2026-03-01 11:18:02.934"
"511","거마로5길","일반도로","국지도로","소로3류","폭6-8m","2026-03-01 11:18:02.938"
"512","거마로7길","일반도로","국지도로","소로","6m미만","2026-03-01 11:18:02.938"
"513","거마로8길","일반도로","국지도로","소로3류","폭6-8m","2026-03-01 11:18:02.938"
"514","거마로9길","일반도로","국지도로","소로","6m미만","2026-03-01 11:18:02.938"
"515","거북골로","일반도로","국지도로","소로3류","폭6-8m","2026-03-01 11:18:02.938"
"516","거북골로12길","일반도로","국지도로","중로1류","폭20-25m","2026-03-01 11:18:02.938"
"517","거북골로14가길","일반도로","국지도로","소로","6m미만","2026-03-01 11:18:02.938"
"518","거북골로14길","일반도로","국지도로","소로","6m미만","2026-03-01 11:18:02.939"
"519","거북골로14나길","일반도로","국지도로","소로3류","폭6-8m","2026-03-01 11:18:02.939"
"520","거북골로14다길","일반도로","국지도로","소로","6m미만","2026-03-01 11:18:02.939"
"521","거북골로14라길","일반도로","국지도로","소로","6m미만","2026-03-01 11:18:02.943"
"522","거북골로16길","일반도로","국지도로","소로","6m미만","2026-03-01 11:18:02.943"
"523","거북골로18가길","일반도로","국지도로","소로","6m미만","2026-03-01 11:18:02.943"
"524","거북골로18길","일반도로","국지도로","소로","6m미만","2026-03-01 11:18:02.943"
"525","거북골로18나길","일반도로","국지도로","소로","6m미만","2026-03-01 11:18:02.943"
"526","거북골로18다길","일반도로","국지도로","소로","6m미만","2026-03-01 11:18:02.943"
"527","거북골로19길","일반도로","국지도로","소로","6m미만","2026-03-01 11:18:02.943"
"528","거북골로20길","일반도로","국지도로","소로","6m미만","2026-03-01 11:18:02.943"
"529","거북골로21길","일반도로","국지도로","소로","6m미만","2026-03-01 11:18:02.943"
"530","거북골로22길","일반도로","국지도로","소로","6m미만","2026-03-01 11:18:02.943"
"531","거북골로23길","일반도로","국지도로","소로","6m미만","2026-03-01 11:18:02.949"
"532","거북골로24길","일반도로","국지도로","소로","6m미만","2026-03-01 11:18:02.949"
"533","겸재로","일반도로","국지도로","소로","6m미만","2026-03-01 11:18:02.949"
"534","겸재로10가길","일반도로","국지도로","소로","6m미만","2026-03-01 11:18:02.949"
"535","겸재로10길","일반도로","국지도로","소로","6m미만","2026-03-01 11:18:02.949"
"536","겸재로13길","일반도로","국지도로","소로","6m미만","2026-03-01 11:18:02.949"
"537","겸재로15길","일반도로","국지도로","소로","6m미만","2026-03-01 11:18:02.949"
"538","겸재로18길","일반도로","국지도로","소로","6m미만","2026-03-01 11:18:02.949"
"539","겸재로22길","일반도로","국지도로","소로","6m미만","2026-03-01 11:18:02.949"
"540","겸재로23가길","일반도로","국지도로","소로","6m미만","2026-03-01 11:18:02.949"
"541","겸재로23길","일반도로","국지도로","소로","6m미만","2026-03-01 11:18:02.954"
"542","겸재로24길","일반도로","국지도로","소로","6m미만","2026-03-01 11:18:02.954"
"543","겸재로26길","일반도로","국지도로","소로","6m미만","2026-03-01 11:18:02.954"
"544","겸재로27가길","일반도로","국지도로","소로","6m미만","2026-03-01 11:18:02.954"
"545","겸재로27길","일반도로","국지도로","소로","6m미만","2026-03-01 11:18:02.954"
"546","겸재로28길","일반도로","국지도로","소로","6m미만","2026-03-01 11:18:02.954"
"547","겸재로29길","일반도로","국지도로","소로","6m미만","2026-03-01 11:18:02.954"
"548","겸재로2길","일반도로","국지도로","소로3류","폭6-8m","2026-03-01 11:18:02.954"
"549","겸재로30가길","일반도로","국지도로","소로","6m미만","2026-03-01 11:18:02.954"
"550","겸재로30길","일반도로","국지도로","소로","6m미만","2026-03-01 11:18:02.954"
"551","겸재로35길","일반도로","국지도로","소로","6m미만","2026-03-01 11:18:02.959"
"552","겸재로36길","일반도로","국지도로","소로","6m미만","2026-03-01 11:18:02.959"
"553","겸재로3길","일반도로","국지도로","소로3류","폭6-8m","2026-03-01 11:18:02.959"
"554","겸재로40길","일반도로","국지도로","소로3류","폭6-8m","2026-03-01 11:18:02.959"
"555","겸재로42길","일반도로","국지도로","소로","6m미만","2026-03-01 11:18:02.959"
"556","겸재로44길","일반도로","국지도로","소로","6m미만","2026-03-01 11:18:02.959"
"557","겸재로46길","일반도로","국지도로","소로","6m미만","2026-03-01 11:18:02.959"
"558","겸재로48길","일반도로","국지도로","소로","6m미만","2026-03-01 11:18:02.959"
"559","겸재로49길","일반도로","국지도로","소로","6m미만","2026-03-01 11:18:02.959"
"560","겸재로4길","일반도로","국지도로","소로","6m미만","2026-03-01 11:18:02.959"
"561","겸재로50가길","일반도로","국지도로","소로","6m미만","2026-03-01 11:18:02.964"
"562","겸재로50길","일반도로","국지도로","소로","6m미만","2026-03-01 11:18:02.964"
"563","겸재로50나길","일반도로","국지도로","소로","6m미만","2026-03-01 11:18:02.964"
"564","겸재로54가길","일반도로","국지도로","소로","6m미만","2026-03-01 11:18:02.964"
"565","겸재로54길","일반도로","국지도로","소로","6m미만","2026-03-01 11:18:02.964"
"566","겸재로61가길","일반도로","국지도로","소로","6m미만","2026-03-01 11:18:02.964"
"567","겸재로61길","일반도로","국지도로","소로","6m미만","2026-03-01 11:18:02.964"
"568","겸재로64길","일반도로","국지도로","소로","6m미만","2026-03-01 11:18:02.964"
"569","겸재로7길","일반도로","국지도로","소로","6m미만","2026-03-01 11:18:02.964"
"570","겸재로9길","일반도로","국지도로","소로","6m미만","2026-03-01 11:18:02.964"
"571","경교장1길","일반도로","국지도로","중로1류","폭20-25m","2026-03-01 11:18:02.97"
"572","경교장길","일반도로","국지도로","소로1류","폭10-12m","2026-03-01 11:18:02.97"
"573","경기대로","일반도로","국지도로","소로","6m미만","2026-03-01 11:18:02.97"
"574","경기대로11길","일반도로","국지도로","소로","6m미만","2026-03-01 11:18:02.97"
"575","경기대로1길","일반도로","국지도로","소로","6m미만","2026-03-01 11:18:02.97"
"576","경기대로1안길","일반도로","국지도로","소로","6m미만","2026-03-01 11:18:02.97"
"577","경기대로3길","일반도로","국지도로","소로","6m미만","2026-03-01 11:18:02.97"
"578","경기대로5길","일반도로","국지도로","소로","6m미만","2026-03-01 11:18:02.97"
"579","경기대로7길","일반도로","국지도로","소로","6m미만","2026-03-01 11:18:02.97"
"580","경기대로9길","일반도로","국지도로","소로","6m미만","2026-03-01 11:18:02.97"
"581","경기대로9안길","일반도로","국지도로","소로","6m미만","2026-03-01 11:18:02.975"
"582","경동시장로","일반도로","국지도로","소로","6m미만","2026-03-01 11:18:02.975"
"583","경동시장로10가길","일반도로","국지도로","소로","6m미만","2026-03-01 11:18:02.975"
"584","경동시장로10길","일반도로","국지도로","소로","6m미만","2026-03-01 11:18:02.975"
"585","경동시장로12길","일반도로","국지도로","소로","6m미만","2026-03-01 11:18:02.975"
"586","경동시장로14길","일반도로","국지도로","소로","6m미만","2026-03-01 11:18:02.975"
"587","경동시장로15길","일반도로","국지도로","소로","6m미만","2026-03-01 11:18:02.975"
"588","경동시장로18길","일반도로","국지도로","소로","6m미만","2026-03-01 11:18:02.975"
"589","경동시장로20길","일반도로","국지도로","소로","6m미만","2026-03-01 11:18:02.975"
"590","경동시장로21길","일반도로","국지도로","소로","6m미만","2026-03-01 11:18:02.975"
"591","경동시장로22길","일반도로","국지도로","소로","6m미만","2026-03-01 11:18:02.981"
"592","경동시장로23길","일반도로","국지도로","소로","6m미만","2026-03-01 11:18:02.981"
"593","경동시장로2길","일반도로","국지도로","소로3류","폭6-8m","2026-03-01 11:18:02.981"
"594","경동시장로3길","일반도로","국지도로","소로","6m미만","2026-03-01 11:18:02.981"
"595","경동시장로6길","일반도로","국지도로","소로","6m미만","2026-03-01 11:18:02.981"
"596","경동시장로8길","일반도로","국지도로","소로","6m미만","2026-03-01 11:18:02.981"
"597","경동시장로9가길","일반도로","국지도로","소로","6m미만","2026-03-01 11:18:02.981"
"598","경동시장로9길","일반도로","국지도로","소로","6m미만","2026-03-01 11:18:02.981"
"599","경동시장로9나길","일반도로","국지도로","소로3류","폭6-8m","2026-03-01 11:18:02.981"
"600","경부간선","자동차전용도로","도시고속도로","광로3류","폭40-50m","2026-03-01 11:18:02.981"
"601","경부고속도로","일반도로","기타","광로3류","폭40-50m","2026-03-01 11:18:02.986"
"602","경서로","일반도로","국지도로","소로2류","폭8-10m","2026-03-01 11:18:02.986"
"603","경서로11길","일반도로","국지도로","소로","6m미만","2026-03-01 11:18:02.986"
"604","경서로1가길","일반도로","국지도로","소로","6m미만","2026-03-01 11:18:02.986"
"605","경서로1길","일반도로","국지도로","소로","6m미만","2026-03-01 11:18:02.986"
"606","경서로1나길","일반도로","국지도로","소로","6m미만","2026-03-01 11:18:02.986"
"607","경서로3길","일반도로","국지도로","소로","6m미만","2026-03-01 11:18:02.986"
"608","경서로5길","일반도로","국지도로","소로","6m미만","2026-03-01 11:18:02.986"
"609","경서로7가길","일반도로","국지도로","소로","6m미만","2026-03-01 11:18:02.986"
"610","경서로7길","일반도로","국지도로","소로","6m미만","2026-03-01 11:18:02.986"
"611","경인고속도로","일반도로","기타","확인","불가","2026-03-01 11:18:02.991"
"612","경인로","일반도로","국지도로","소로3류","폭6-8m","2026-03-01 11:18:02.991"
"613","경인로100길","일반도로","국지도로","소로","6m미만","2026-03-01 11:18:02.991"
"614","경인로102길","일반도로","국지도로","중로2류","폭15-20m","2026-03-01 11:18:02.991"
"615","경인로108길","일반도로","국지도로","소로","6m미만","2026-03-01 11:18:02.991"
"616","경인로112길","일반도로","국지도로","소로3류","폭6-8m","2026-03-01 11:18:02.991"
"617","경인로114가길","일반도로","국지도로","소로3류","폭6-8m","2026-03-01 11:18:02.991"
"618","경인로114길","일반도로","국지도로","소로","6m미만","2026-03-01 11:18:02.991"
"619","경인로114나길","일반도로","국지도로","소로","6m미만","2026-03-01 11:18:02.991"
"620","경인로11길","일반도로","국지도로","소로","6m미만","2026-03-01 11:18:02.991"
"621","경인로13길","일반도로","국지도로","소로","6m미만","2026-03-01 11:18:02.996"
"622","경인로15가길","일반도로","국지도로","소로","6m미만","2026-03-01 11:18:02.996"
"623","경인로15길","일반도로","국지도로","소로","6m미만","2026-03-01 11:18:02.996"
"624","경인로15나길","일반도로","국지도로","소로","6m미만","2026-03-01 11:18:02.996"
"625","경인로19가길","일반도로","국지도로","소로","6m미만","2026-03-01 11:18:02.996"
"626","경인로19길","일반도로","국지도로","소로","6m미만","2026-03-01 11:18:02.996"
"627","경인로20가길","일반도로","국지도로","중로1류","폭20-25m","2026-03-01 11:18:02.996"
"628","경인로20길","일반도로","국지도로","중로2류","폭15-20m","2026-03-01 11:18:02.996"
"629","경인로20나길","일반도로","국지도로","소로","6m미만","2026-03-01 11:18:02.996"
"630","경인로22길","일반도로","국지도로","소로3류","폭6-8m","2026-03-01 11:18:02.996"
"631","경인로23길","일반도로","국지도로","소로3류","폭6-8m","2026-03-01 11:18:03.001"
"632","경인로25길","일반도로","국지도로","소로","6m미만","2026-03-01 11:18:03.001"
"633","경인로27길","일반도로","국지도로","소로","6m미만","2026-03-01 11:18:03.001"
"634","경인로2길","일반도로","국지도로","소로1류","폭10-12m","2026-03-01 11:18:03.001"
"635","경인로31길","일반도로","국지도로","소로2류","폭8-10m","2026-03-01 11:18:03.001"
"636","경인로33가길","일반도로","국지도로","소로","6m미만","2026-03-01 11:18:03.001"
"637","경인로33길","일반도로","국지도로","소로","6m미만","2026-03-01 11:18:03.001"
"638","경인로33나길","일반도로","국지도로","소로","6m미만","2026-03-01 11:18:03.001"
"639","경인로33다길","일반도로","국지도로","소로","6m미만","2026-03-01 11:18:03.001"
"640","경인로33라길","일반도로","국지도로","소로","6m미만","2026-03-01 11:18:03.001"
"641","경인로33마길","일반도로","국지도로","소로","6m미만","2026-03-01 11:18:03.006"
"642","경인로33바길","일반도로","국지도로","소로","6m미만","2026-03-01 11:18:03.006"
"643","경인로35가길","일반도로","국지도로","소로","6m미만","2026-03-01 11:18:03.006"
"644","경인로35길","일반도로","국지도로","소로","6m미만","2026-03-01 11:18:03.006"
"645","경인로35나길","일반도로","국지도로","소로","6m미만","2026-03-01 11:18:03.006"
"646","경인로35다길","일반도로","국지도로","소로","6m미만","2026-03-01 11:18:03.006"
"647","경인로38길","일반도로","국지도로","소로2류","폭8-10m","2026-03-01 11:18:03.006"
"648","경인로3길","일반도로","국지도로","소로2류","폭8-10m","2026-03-01 11:18:03.006"
"649","경인로40길","일반도로","국지도로","소로2류","폭8-10m","2026-03-01 11:18:03.006"
"650","경인로42길","일반도로","국지도로","중로2류","폭15-20m","2026-03-01 11:18:03.006"
"651","경인로43길","일반도로","국지도로","중로2류","폭15-20m","2026-03-01 11:18:03.011"
"652","경인로46길","일반도로","국지도로","중로1류","폭20-25m","2026-03-01 11:18:03.011"
"653","경인로47가길","일반도로","국지도로","소로","6m미만","2026-03-01 11:18:03.012"
"654","경인로47길","일반도로","국지도로","소로","6m미만","2026-03-01 11:18:03.012"
"655","경인로47나길","일반도로","국지도로","소로","6m미만","2026-03-01 11:18:03.012"
"656","경인로47다길","일반도로","국지도로","소로","6m미만","2026-03-01 11:18:03.012"
"657","경인로51길","일반도로","국지도로","소로2류","폭8-10m","2026-03-01 11:18:03.012"
"658","경인로53가길","일반도로","국지도로","소로2류","폭8-10m","2026-03-01 11:18:03.012"
"659","경인로53길","일반도로","국지도로","중로1류","폭20-25m","2026-03-01 11:18:03.012"
"660","경인로53나길","일반도로","국지도로","소로","6m미만","2026-03-01 11:18:03.012"
"661","경인로54길","일반도로","국지도로","소로","6m미만","2026-03-01 11:18:03.017"
"662","경인로55길","일반도로","국지도로","소로2류","폭8-10m","2026-03-01 11:18:03.017"
"663","경인로56길","일반도로","국지도로","소로","6m미만","2026-03-01 11:18:03.017"
"664","경인로58길","일반도로","국지도로","소로","6m미만","2026-03-01 11:18:03.017"
"665","경인로59길","일반도로","국지도로","중로2류","폭15-20m","2026-03-01 11:18:03.017"
"666","경인로61길","일반도로","국지도로","소로","6m미만","2026-03-01 11:18:03.017"
"667","경인로62길","일반도로","국지도로","소로","6m미만","2026-03-01 11:18:03.017"
"668","경인로63길","일반도로","국지도로","소로3류","폭6-8m","2026-03-01 11:18:03.017"
"669","경인로65길","일반도로","국지도로","중로1류","폭20-25m","2026-03-01 11:18:03.017"
"670","경인로66길","일반도로","국지도로","소로1류","폭10-12m","2026-03-01 11:18:03.017"
"671","경인로67가길","일반도로","국지도로","소로2류","폭8-10m","2026-03-01 11:18:03.022"
"672","경인로67길","일반도로","국지도로","중로1류","폭20-25m","2026-03-01 11:18:03.022"
"673","경인로67나길","일반도로","국지도로","소로","6m미만","2026-03-01 11:18:03.022"
"674","경인로6길","일반도로","국지도로","소로2류","폭8-10m","2026-03-01 11:18:03.022"
"675","경인로71길","일반도로","국지도로","소로1류","폭10-12m","2026-03-01 11:18:03.022"
"676","경인로72길","일반도로","국지도로","소로","6m미만","2026-03-01 11:18:03.022"
"677","경인로74길","일반도로","국지도로","소로","6m미만","2026-03-01 11:18:03.022"
"678","경인로75길","일반도로","국지도로","소로3류","폭6-8m","2026-03-01 11:18:03.022"
"679","경인로76길","일반도로","국지도로","소로","6m미만","2026-03-01 11:18:03.022"
"680","경인로77가길","일반도로","국지도로","소로","6m미만","2026-03-01 11:18:03.022"
"681","경인로77길","일반도로","국지도로","중로1류","폭20-25m","2026-03-01 11:18:03.028"
"682","경인로78길","일반도로","국지도로","소로3류","폭6-8m","2026-03-01 11:18:03.028"
"683","경인로79길","일반도로","국지도로","소로3류","폭6-8m","2026-03-01 11:18:03.028"
"684","경인로80길","일반도로","국지도로","소로","6m미만","2026-03-01 11:18:03.028"
"685","경인로82길","일반도로","국지도로","소로3류","폭6-8m","2026-03-01 11:18:03.028"
"686","경인로88길","일반도로","국지도로","소로3류","폭6-8m","2026-03-01 11:18:03.028"
"687","경인로8길","일반도로","국지도로","중로1류","폭20-25m","2026-03-01 11:18:03.028"
"688","경인로90길","일반도로","국지도로","소로3류","폭6-8m","2026-03-01 11:18:03.028"
"689","경인로92길","일반도로","국지도로","소로","6m미만","2026-03-01 11:18:03.028"
"690","경인로93길","일반도로","국지도로","소로3류","폭6-8m","2026-03-01 11:18:03.028"
"691","경인로94길","일반도로","국지도로","소로3류","폭6-8m","2026-03-01 11:18:03.033"
"692","경인로96길","일반도로","국지도로","소로3류","폭6-8m","2026-03-01 11:18:03.033"
"693","경인로9길","일반도로","국지도로","소로","6m미만","2026-03-01 11:18:03.033"
"694","경인지하도로","일반도로","국지도로","확인","불가","2026-03-01 11:18:03.033"
"695","경춘북로","일반도로","국지도로","확인","불가","2026-03-01 11:18:03.033"
"696","경희궁1가길","일반도로","국지도로","소로","6m미만","2026-03-01 11:18:03.033"
"697","경희궁1길","일반도로","국지도로","소로","6m미만","2026-03-01 11:18:03.033"
"698","경희궁2길","일반도로","국지도로","소로","6m미만","2026-03-01 11:18:03.033"
"699","경희궁3가길","일반도로","국지도로","소로","6m미만","2026-03-01 11:18:03.033"
"700","경희궁3길","일반도로","국지도로","소로","6m미만","2026-03-01 11:18:03.033"
"701","경희궁3나길","일반도로","국지도로","소로","6m미만","2026-03-01 11:18:03.038"
"702","경희궁4길","일반도로","국지도로","소로1류","폭10-12m","2026-03-01 11:18:03.038"
"703","경희궁길","일반도로","국지도로","소로2류","폭8-10m","2026-03-01 11:18:03.038"
"704","경희대로","일반도로","국지도로","소로1류","폭10-12m","2026-03-01 11:18:03.038"
"705","경희대로1가길","일반도로","국지도로","소로","6m미만","2026-03-01 11:18:03.038"
"706","경희대로1길","일반도로","국지도로","소로3류","폭6-8m","2026-03-01 11:18:03.038"
"707","경희대로1나길","일반도로","국지도로","소로","6m미만","2026-03-01 11:18:03.038"
"708","경희대로3길","일반도로","국지도로","소로3류","폭6-8m","2026-03-01 11:18:03.038"
"709","경희대로4길","일반도로","국지도로","소로","6m미만","2026-03-01 11:18:03.038"
"710","경희대로6길","일반도로","국지도로","소로","6m미만","2026-03-01 11:18:03.038"
"711","계동2길","일반도로","국지도로","소로","6m미만","2026-03-01 11:18:03.043"
"712","계동4길","일반도로","국지도로","소로","6m미만","2026-03-01 11:18:03.043"
"713","계동6길","일반도로","국지도로","소로","6m미만","2026-03-01 11:18:03.043"
"714","계동길","일반도로","국지도로","소로","6m미만","2026-03-01 11:18:03.043"
"715","고덕로","일반도로","국지도로","소로3류","폭6-8m","2026-03-01 11:18:03.043"
"716","고덕로10길","일반도로","국지도로","소로3류","폭6-8m","2026-03-01 11:18:03.043"
"717","고덕로13길","일반도로","국지도로","소로1류","폭10-12m","2026-03-01 11:18:03.043"
"718","고덕로14가길","일반도로","국지도로","소로","6m미만","2026-03-01 11:18:03.043"
"719","고덕로14길","일반도로","국지도로","소로","6m미만","2026-03-01 11:18:03.043"
"720","고덕로15길","일반도로","국지도로","소로2류","폭8-10m","2026-03-01 11:18:03.043"
"721","고덕로16길","일반도로","국지도로","소로","6m미만","2026-03-01 11:18:03.048"
"722","고덕로18길","일반도로","국지도로","소로","6m미만","2026-03-01 11:18:03.048"
"723","고덕로19길","일반도로","국지도로","소로3류","폭6-8m","2026-03-01 11:18:03.048"
"724","고덕로1길","일반도로","국지도로","소로","6m미만","2026-03-01 11:18:03.048"
"725","고덕로20가길","일반도로","국지도로","소로","6m미만","2026-03-01 11:18:03.048"
"726","고덕로20길","일반도로","국지도로","소로","6m미만","2026-03-01 11:18:03.048"
"727","고덕로20나길","일반도로","국지도로","소로","6m미만","2026-03-01 11:18:03.048"
"728","고덕로20다길","일반도로","국지도로","소로","6m미만","2026-03-01 11:18:03.048"
"729","고덕로20라길","일반도로","국지도로","소로","6m미만","2026-03-01 11:18:03.048"
"730","고덕로20마길","일반도로","국지도로","소로3류","폭6-8m","2026-03-01 11:18:03.048"
"731","고덕로23길","일반도로","국지도로","소로3류","폭6-8m","2026-03-01 11:18:03.053"
"732","고덕로24가길","일반도로","국지도로","소로","6m미만","2026-03-01 11:18:03.053"
"733","고덕로24길","일반도로","국지도로","소로","6m미만","2026-03-01 11:18:03.053"
"734","고덕로24나길","일반도로","국지도로","소로","6m미만","2026-03-01 11:18:03.053"
"735","고덕로25길","일반도로","국지도로","소로3류","폭6-8m","2026-03-01 11:18:03.053"
"736","고덕로27길","일반도로","국지도로","소로3류","폭6-8m","2026-03-01 11:18:03.053"
"737","고덕로28길","일반도로","국지도로","소로3류","폭6-8m","2026-03-01 11:18:03.053"
"738","고덕로38길","일반도로","국지도로","소로2류","폭8-10m","2026-03-01 11:18:03.053"
"739","고덕로3길","일반도로","국지도로","소로3류","폭6-8m","2026-03-01 11:18:03.053"
"740","고덕로46길","일반도로","국지도로","중로1류","폭20-25m","2026-03-01 11:18:03.053"
"741","고덕로55길","일반도로","국지도로","중로2류","폭15-20m","2026-03-01 11:18:03.058"
"742","고덕로61길","일반도로","국지도로","중로1류","폭20-25m","2026-03-01 11:18:03.058"
"743","고덕로62길","일반도로","국지도로","중로2류","폭15-20m","2026-03-01 11:18:03.058"
"744","고덕로79길","일반도로","국지도로","중로1류","폭20-25m","2026-03-01 11:18:03.058"
"745","고덕로80길","일반도로","국지도로","중로1류","폭20-25m","2026-03-01 11:18:03.058"
"746","고덕로83길","일반도로","국지도로","소로2류","폭8-10m","2026-03-01 11:18:03.058"
"747","고덕로8길","일반도로","국지도로","소로","6m미만","2026-03-01 11:18:03.058"
"748","고덕로97길","일반도로","국지도로","중로1류","폭20-25m","2026-03-01 11:18:03.058"
"749","고덕로98길","일반도로","국지도로","중로1류","폭20-25m","2026-03-01 11:18:03.058"
"750","고덕비즈밸리로","일반도로","국지도로","대로3류","폭25-30m","2026-03-01 11:18:03.058"
"751","고덕비즈밸리로1길","일반도로","국지도로","중로1류","폭20-25m","2026-03-01 11:18:03.063"
"752","고덕비즈밸리로2가길","일반도로","국지도로","중로1류","폭20-25m","2026-03-01 11:18:03.063"
"753","고덕비즈밸리로2길","일반도로","국지도로","중로1류","폭20-25m","2026-03-01 11:18:03.063"
"754","고덕비즈밸리로3길","일반도로","국지도로","대로3류","폭25-30m","2026-03-01 11:18:03.063"
"755","고덕비즈밸리로4길","일반도로","국지도로","대로3류","폭25-30m","2026-03-01 11:18:03.063"
"756","고덕비즈밸리로6가길","일반도로","국지도로","소로2류","폭8-10m","2026-03-01 11:18:03.063"
"757","고덕비즈밸리로6길","일반도로","국지도로","중로1류","폭20-25m","2026-03-01 11:18:03.063"
"758","고려대로","일반도로","국지도로","소로","6m미만","2026-03-01 11:18:03.063"
"759","고려대로10길","일반도로","국지도로","소로3류","폭6-8m","2026-03-01 11:18:03.063"
"760","고려대로11길","일반도로","국지도로","소로3류","폭6-8m","2026-03-01 11:18:03.063"
"761","고려대로12길","일반도로","국지도로","소로","6m미만","2026-03-01 11:18:03.068"
"762","고려대로13길","일반도로","국지도로","소로3류","폭6-8m","2026-03-01 11:18:03.068"
"763","고려대로14길","일반도로","국지도로","소로3류","폭6-8m","2026-03-01 11:18:03.068"
"764","고려대로16길","일반도로","국지도로","소로","6m미만","2026-03-01 11:18:03.068"
"765","고려대로17가길","일반도로","국지도로","소로","6m미만","2026-03-01 11:18:03.068"
"766","고려대로17길","일반도로","국지도로","소로2류","폭8-10m","2026-03-01 11:18:03.068"
"767","고려대로1길","일반도로","국지도로","소로","6m미만","2026-03-01 11:18:03.068"
"768","고려대로22길","일반도로","국지도로","소로","6m미만","2026-03-01 11:18:03.068"
"769","고려대로24가길","일반도로","국지도로","소로","6m미만","2026-03-01 11:18:03.068"
"770","고려대로24길","일반도로","국지도로","소로3류","폭6-8m","2026-03-01 11:18:03.068"
"771","고려대로26길","일반도로","국지도로","소로","6m미만","2026-03-01 11:18:03.073"
"772","고려대로27길","일반도로","국지도로","소로","6m미만","2026-03-01 11:18:03.073"
"773","고려대로28길","일반도로","국지도로","소로","6m미만","2026-03-01 11:18:03.073"
"774","고려대로2길","일반도로","국지도로","소로","6m미만","2026-03-01 11:18:03.073"
"775","고려대로30길","일반도로","국지도로","소로","6m미만","2026-03-01 11:18:03.073"
"776","고려대로5길","일반도로","국지도로","소로3류","폭6-8m","2026-03-01 11:18:03.073"
"777","고려대로6길","일반도로","국지도로","소로","6m미만","2026-03-01 11:18:03.073"
"778","고려대로7가길","일반도로","국지도로","소로","6m미만","2026-03-01 11:18:03.073"
"779","고려대로7길","일반도로","국지도로","소로2류","폭8-10m","2026-03-01 11:18:03.073"
"780","고려대로7나길","일반도로","국지도로","소로","6m미만","2026-03-01 11:18:03.073"
"781","고려대로7다길","일반도로","국지도로","소로","6m미만","2026-03-01 11:18:03.078"
"782","고려대로7라길","일반도로","국지도로","소로","6m미만","2026-03-01 11:18:03.078"
"783","고려대로7마길","일반도로","국지도로","소로","6m미만","2026-03-01 11:18:03.078"
"784","고려대로8길","일반도로","국지도로","소로3류","폭6-8m","2026-03-01 11:18:03.078"
"785","고무래로","일반도로","국지도로","소로1류","폭10-12m","2026-03-01 11:18:03.078"
"786","고무래로10길","일반도로","국지도로","소로2류","폭8-10m","2026-03-01 11:18:03.078"
"787","고무래로8길","일반도로","국지도로","소로3류","폭6-8m","2026-03-01 11:18:03.078"
"788","고미술로","일반도로","국지도로","소로1류","폭10-12m","2026-03-01 11:18:03.078"
"789","고산14길","일반도로","국지도로","소로","6m미만","2026-03-01 11:18:03.078"
"790","고산16길","일반도로","국지도로","소로","6m미만","2026-03-01 11:18:03.078"
"791","고산18길","일반도로","국지도로","소로","6m미만","2026-03-01 11:18:03.082"
"792","고산2길","일반도로","국지도로","소로","6m미만","2026-03-01 11:18:03.082"
"793","고산3길","일반도로","국지도로","소로","6m미만","2026-03-01 11:18:03.082"
"794","고산5길","일반도로","국지도로","소로","6m미만","2026-03-01 11:18:03.082"
"795","고산7길","일반도로","국지도로","소로","6m미만","2026-03-01 11:18:03.082"
"796","고산길","일반도로","국지도로","소로","6m미만","2026-03-01 11:18:03.082"
"797","고산말6길","일반도로","국지도로","소로","6m미만","2026-03-01 11:18:03.082"
"798","고산자로","일반도로","국지도로","소로","6m미만","2026-03-01 11:18:03.082"
"799","고산자로10길","일반도로","국지도로","소로3류","폭6-8m","2026-03-01 11:18:03.082"
"800","고산자로12길","일반도로","국지도로","소로","6m미만","2026-03-01 11:18:03.082"
"801","고산자로14길","일반도로","국지도로","소로2류","폭8-10m","2026-03-01 11:18:03.087"
"802","고산자로16길","일반도로","국지도로","소로","6m미만","2026-03-01 11:18:03.087"
"803","고산자로17길","일반도로","국지도로","소로","6m미만","2026-03-01 11:18:03.087"
"804","고산자로18길","일반도로","국지도로","소로","6m미만","2026-03-01 11:18:03.087"
"805","고산자로20길","일반도로","국지도로","소로","6m미만","2026-03-01 11:18:03.087"
"806","고산자로22길","일반도로","국지도로","소로2류","폭8-10m","2026-03-01 11:18:03.087"
"807","고산자로24길","일반도로","국지도로","소로","6m미만","2026-03-01 11:18:03.087"
"808","고산자로26길","일반도로","국지도로","소로","6m미만","2026-03-01 11:18:03.087"
"809","고산자로28가길","일반도로","국지도로","소로","6m미만","2026-03-01 11:18:03.087"
"810","고산자로28길","일반도로","국지도로","소로3류","폭6-8m","2026-03-01 11:18:03.087"
"811","고산자로29길","일반도로","국지도로","소로2류","폭8-10m","2026-03-01 11:18:03.092"
"812","고산자로2길","일반도로","국지도로","소로3류","폭6-8m","2026-03-01 11:18:03.092"
"813","고산자로30길","일반도로","국지도로","소로2류","폭8-10m","2026-03-01 11:18:03.092"
"814","고산자로31길","일반도로","국지도로","소로","6m미만","2026-03-01 11:18:03.092"
"815","고산자로32길","일반도로","국지도로","소로3류","폭6-8m","2026-03-01 11:18:03.092"
"816","고산자로33길","일반도로","국지도로","소로","6m미만","2026-03-01 11:18:03.092"
"817","고산자로34가길","일반도로","국지도로","소로","6m미만","2026-03-01 11:18:03.092"
"818","고산자로34길","일반도로","국지도로","소로","6m미만","2026-03-01 11:18:03.092"
"819","고산자로36길","일반도로","국지도로","소로3류","폭6-8m","2026-03-01 11:18:03.092"
"820","고산자로38길","일반도로","국지도로","소로","6m미만","2026-03-01 11:18:03.092"
"821","고산자로40길","일반도로","국지도로","소로","6m미만","2026-03-01 11:18:03.097"
"822","고산자로42길","일반도로","국지도로","소로","6m미만","2026-03-01 11:18:03.097"
"823","고산자로44길","일반도로","국지도로","소로","6m미만","2026-03-01 11:18:03.097"
"824","고산자로46길","일반도로","국지도로","소로","6m미만","2026-03-01 11:18:03.097"
"825","고산자로48길","일반도로","국지도로","소로","6m미만","2026-03-01 11:18:03.097"
"826","고산자로4길","일반도로","국지도로","중로2류","폭15-20m","2026-03-01 11:18:03.097"
"827","고산자로50길","일반도로","국지도로","소로","6m미만","2026-03-01 11:18:03.097"
"828","고산자로52길","일반도로","국지도로","소로","6m미만","2026-03-01 11:18:03.097"
"829","고산자로54길","일반도로","국지도로","소로","6m미만","2026-03-01 11:18:03.097"
"830","고산자로56길","일반도로","국지도로","소로","6m미만","2026-03-01 11:18:03.097"
"831","고산자로58길","일반도로","국지도로","소로","6m미만","2026-03-01 11:18:03.102"
"832","고산자로60길","일반도로","국지도로","소로2류","폭8-10m","2026-03-01 11:18:03.102"
"833","고산자로62길","일반도로","국지도로","소로","6m미만","2026-03-01 11:18:03.102"
"834","고산자로6가길","일반도로","국지도로","소로2류","폭8-10m","2026-03-01 11:18:03.102"
"835","고산자로6길","일반도로","국지도로","소로","6m미만","2026-03-01 11:18:03.102"
"836","고산자로8가길","일반도로","국지도로","소로","6m미만","2026-03-01 11:18:03.102"
"837","고산자로8길","일반도로","국지도로","소로","6m미만","2026-03-01 11:18:03.102"
"838","고산자로8나길","일반도로","국지도로","소로","6m미만","2026-03-01 11:18:03.102"
"839","고산자로8다길","일반도로","국지도로","소로","6m미만","2026-03-01 11:18:03.102"
"840","고산자로8라길","일반도로","국지도로","소로","6m미만","2026-03-01 11:18:03.102"
"841","고척~가양선","일반도로","보조간선도로","대로1류","폭35-40m","2026-03-01 11:18:03.107"
"842","고척로","일반도로","국지도로","소로","6m미만","2026-03-01 11:18:03.107"
"843","고척로10길","일반도로","국지도로","소로","6m미만","2026-03-01 11:18:03.107"
"844","고척로12길","일반도로","국지도로","소로","6m미만","2026-03-01 11:18:03.107"
"845","고척로16가길","일반도로","국지도로","소로","6m미만","2026-03-01 11:18:03.107"
"846","고척로16길","일반도로","국지도로","소로","6m미만","2026-03-01 11:18:03.107"
"847","고척로18가길","일반도로","국지도로","소로","6m미만","2026-03-01 11:18:03.107"
"848","고척로18길","일반도로","국지도로","소로","6m미만","2026-03-01 11:18:03.107"
"849","고척로18나길","일반도로","국지도로","소로","6m미만","2026-03-01 11:18:03.107"
"850","고척로19가길","일반도로","국지도로","소로","6m미만","2026-03-01 11:18:03.107"
"851","고척로19길","일반도로","국지도로","소로3류","폭6-8m","2026-03-01 11:18:03.112"
"852","고척로1길","일반도로","국지도로","소로","6m미만","2026-03-01 11:18:03.112"
"853","고척로20길","일반도로","국지도로","소로","6m미만","2026-03-01 11:18:03.112"
"854","고척로21가길","일반도로","국지도로","소로","6m미만","2026-03-01 11:18:03.112"
"855","고척로21길","일반도로","국지도로","소로","6m미만","2026-03-01 11:18:03.112"
"856","고척로21나길","일반도로","국지도로","소로","6m미만","2026-03-01 11:18:03.112"
"857","고척로21다길","일반도로","국지도로","소로","6m미만","2026-03-01 11:18:03.112"
"858","고척로21라길","일반도로","국지도로","소로","6m미만","2026-03-01 11:18:03.112"
"859","고척로22길","일반도로","국지도로","소로3류","폭6-8m","2026-03-01 11:18:03.112"
"860","고척로23길","일반도로","국지도로","소로","6m미만","2026-03-01 11:18:03.112"
"861","고척로25길","일반도로","국지도로","소로","6m미만","2026-03-01 11:18:03.117"
"862","고척로27가길","일반도로","국지도로","소로","6m미만","2026-03-01 11:18:03.117"
"863","고척로27길","일반도로","국지도로","소로3류","폭6-8m","2026-03-01 11:18:03.117"
"864","고척로27나길","일반도로","국지도로","소로","6m미만","2026-03-01 11:18:03.117"
"865","고척로27다길","일반도로","국지도로","소로","6m미만","2026-03-01 11:18:03.117"
"866","고척로27라길","일반도로","국지도로","소로","6m미만","2026-03-01 11:18:03.117"
"867","고척로27마길","일반도로","국지도로","소로","6m미만","2026-03-01 11:18:03.117"
"868","고척로27바길","일반도로","국지도로","소로","6m미만","2026-03-01 11:18:03.117"
"869","고척로30길","일반도로","국지도로","소로","6m미만","2026-03-01 11:18:03.117"
"870","고척로31길","일반도로","국지도로","소로","6m미만","2026-03-01 11:18:03.117"
"871","고척로32길","일반도로","국지도로","소로","6m미만","2026-03-01 11:18:03.122"
"872","고척로33가길","일반도로","국지도로","소로","6m미만","2026-03-01 11:18:03.122"
"873","고척로33길","일반도로","국지도로","소로","6m미만","2026-03-01 11:18:03.122"
"874","고척로33나길","일반도로","국지도로","소로","6m미만","2026-03-01 11:18:03.122"
"875","고척로33다길","일반도로","국지도로","소로","6m미만","2026-03-01 11:18:03.122"
"876","고척로33라길","일반도로","국지도로","소로","6m미만","2026-03-01 11:18:03.122"
"877","고척로35길","일반도로","국지도로","소로","6m미만","2026-03-01 11:18:03.122"
"878","고척로37길","일반도로","국지도로","소로","6m미만","2026-03-01 11:18:03.122"
"879","고척로39가길","일반도로","국지도로","소로","6m미만","2026-03-01 11:18:03.122"
"880","고척로39길","일반도로","국지도로","소로","6m미만","2026-03-01 11:18:03.122"
"881","고척로3가길","일반도로","국지도로","소로","6m미만","2026-03-01 11:18:03.127"
"882","고척로3길","일반도로","국지도로","소로","6m미만","2026-03-01 11:18:03.127"
"883","고척로40길","일반도로","국지도로","소로","6m미만","2026-03-01 11:18:03.127"
"884","고척로41가길","일반도로","국지도로","소로","6m미만","2026-03-01 11:18:03.127"
"885","고척로41길","일반도로","국지도로","소로","6m미만","2026-03-01 11:18:03.127"
"886","고척로43길","일반도로","국지도로","소로","6m미만","2026-03-01 11:18:03.127"
"887","고척로45길","일반도로","국지도로","소로","6m미만","2026-03-01 11:18:03.127"
"888","고척로47길","일반도로","국지도로","소로","6m미만","2026-03-01 11:18:03.127"
"889","고척로48길","일반도로","국지도로","소로","6m미만","2026-03-01 11:18:03.127"
"890","고척로49길","일반도로","국지도로","소로","6m미만","2026-03-01 11:18:03.127"
"891","고척로4길","일반도로","국지도로","소로","6m미만","2026-03-01 11:18:03.132"
"892","고척로51가길","일반도로","국지도로","소로3류","폭6-8m","2026-03-01 11:18:03.132"
"893","고척로51길","일반도로","국지도로","소로","6m미만","2026-03-01 11:18:03.132"
"894","고척로52가길","일반도로","국지도로","소로","6m미만","2026-03-01 11:18:03.132"
"895","고척로52길","일반도로","국지도로","소로","6m미만","2026-03-01 11:18:03.132"
"896","고척로52나길","일반도로","국지도로","소로2류","폭8-10m","2026-03-01 11:18:03.132"
"897","고척로52다길","일반도로","국지도로","소로","6m미만","2026-03-01 11:18:03.132"
"898","고척로52라길","일반도로","국지도로","소로","6m미만","2026-03-01 11:18:03.132"
"899","고척로52마길","일반도로","국지도로","소로","6m미만","2026-03-01 11:18:03.132"
"900","고척로54길","일반도로","국지도로","소로","6m미만","2026-03-01 11:18:03.132"
"901","고척로55길","일반도로","국지도로","소로","6m미만","2026-03-01 11:18:03.137"
"902","고척로60길","일반도로","국지도로","소로3류","폭6-8m","2026-03-01 11:18:03.137"
"903","고척로6길","일반도로","국지도로","소로","6m미만","2026-03-01 11:18:03.137"
"904","고척로8길","일반도로","국지도로","소로","6m미만","2026-03-01 11:18:03.137"
"905","곰달래로","일반도로","국지도로","소로","6m미만","2026-03-01 11:18:03.137"
"906","곰달래로10길","일반도로","국지도로","소로","6m미만","2026-03-01 11:18:03.137"
"907","곰달래로11길","일반도로","국지도로","소로","6m미만","2026-03-01 11:18:03.137"
"908","곰달래로13길","일반도로","국지도로","소로1류","폭10-12m","2026-03-01 11:18:03.137"
"909","곰달래로14길","일반도로","국지도로","소로1류","폭10-12m","2026-03-01 11:18:03.137"
"910","곰달래로15가길","일반도로","국지도로","소로","6m미만","2026-03-01 11:18:03.137"
"911","곰달래로15길","일반도로","국지도로","소로3류","폭6-8m","2026-03-01 11:18:03.142"
"912","곰달래로16길","일반도로","국지도로","소로","6m미만","2026-03-01 11:18:03.142"
"913","곰달래로17길","일반도로","국지도로","소로","6m미만","2026-03-01 11:18:03.142"
"914","곰달래로18길","일반도로","국지도로","소로","6m미만","2026-03-01 11:18:03.142"
"915","곰달래로19가길","일반도로","국지도로","소로","6m미만","2026-03-01 11:18:03.142"
"916","곰달래로19길","일반도로","국지도로","소로","6m미만","2026-03-01 11:18:03.142"
"917","곰달래로19나길","일반도로","국지도로","소로","6m미만","2026-03-01 11:18:03.142"
"918","곰달래로1길","일반도로","국지도로","소로3류","폭6-8m","2026-03-01 11:18:03.142"
"919","곰달래로20길","일반도로","국지도로","소로3류","폭6-8m","2026-03-01 11:18:03.142"
"920","곰달래로21길","일반도로","국지도로","소로","6m미만","2026-03-01 11:18:03.142"
"921","곰달래로22길","일반도로","국지도로","소로","6m미만","2026-03-01 11:18:03.148"
"922","곰달래로23길","일반도로","국지도로","소로","6m미만","2026-03-01 11:18:03.148"
"923","곰달래로24길","일반도로","국지도로","소로3류","폭6-8m","2026-03-01 11:18:03.148"
"924","곰달래로25길","일반도로","국지도로","소로","6m미만","2026-03-01 11:18:03.148"
"925","곰달래로26길","일반도로","국지도로","소로3류","폭6-8m","2026-03-01 11:18:03.148"
"926","곰달래로27길","일반도로","국지도로","소로","6m미만","2026-03-01 11:18:03.148"
"927","곰달래로28길","일반도로","국지도로","소로","6m미만","2026-03-01 11:18:03.148"
"928","곰달래로29길","일반도로","국지도로","소로","6m미만","2026-03-01 11:18:03.148"
"929","곰달래로2길","일반도로","국지도로","소로2류","폭8-10m","2026-03-01 11:18:03.148"
"930","곰달래로30길","일반도로","국지도로","소로3류","폭6-8m","2026-03-01 11:18:03.148"
"931","곰달래로31가길","일반도로","국지도로","소로3류","폭6-8m","2026-03-01 11:18:03.153"
"932","곰달래로31길","일반도로","국지도로","소로","6m미만","2026-03-01 11:18:03.153"
"933","곰달래로31나길","일반도로","국지도로","소로","6m미만","2026-03-01 11:18:03.153"
"934","곰달래로31다길","일반도로","국지도로","소로","6m미만","2026-03-01 11:18:03.153"
"935","곰달래로31라길","일반도로","국지도로","소로","6m미만","2026-03-01 11:18:03.153"
"936","곰달래로31마길","일반도로","국지도로","소로","6m미만","2026-03-01 11:18:03.153"
"937","곰달래로32길","일반도로","국지도로","소로","6m미만","2026-03-01 11:18:03.153"
"938","곰달래로33가길","일반도로","국지도로","소로","6m미만","2026-03-01 11:18:03.153"
"939","곰달래로33길","일반도로","국지도로","소로","6m미만","2026-03-01 11:18:03.153"
"940","곰달래로35길","일반도로","국지도로","소로","6m미만","2026-03-01 11:18:03.153"
"941","곰달래로36길","일반도로","국지도로","소로","6m미만","2026-03-01 11:18:03.158"
"942","곰달래로37길","일반도로","국지도로","소로","6m미만","2026-03-01 11:18:03.158"
"943","곰달래로38길","일반도로","국지도로","소로3류","폭6-8m","2026-03-01 11:18:03.158"
"944","곰달래로39길","일반도로","국지도로","소로","6m미만","2026-03-01 11:18:03.158"
"945","곰달래로3길","일반도로","국지도로","소로","6m미만","2026-03-01 11:18:03.158"
"946","곰달래로41길","일반도로","국지도로","소로","6m미만","2026-03-01 11:18:03.158"
"947","곰달래로43길","일반도로","국지도로","소로","6m미만","2026-03-01 11:18:03.158"
"948","곰달래로44길","일반도로","국지도로","소로","6m미만","2026-03-01 11:18:03.158"
"949","곰달래로45길","일반도로","국지도로","소로","6m미만","2026-03-01 11:18:03.158"
"950","곰달래로47길","일반도로","국지도로","소로","6m미만","2026-03-01 11:18:03.158"
"951","곰달래로49가길","일반도로","국지도로","소로","6m미만","2026-03-01 11:18:03.164"
"952","곰달래로49길","일반도로","국지도로","소로3류","폭6-8m","2026-03-01 11:18:03.164"
"953","곰달래로50길","일반도로","국지도로","소로2류","폭8-10m","2026-03-01 11:18:03.164"
"954","곰달래로51길","일반도로","국지도로","소로","6m미만","2026-03-01 11:18:03.164"
"955","곰달래로52길","일반도로","국지도로","소로","6m미만","2026-03-01 11:18:03.164"
"956","곰달래로53가길","일반도로","국지도로","소로","6m미만","2026-03-01 11:18:03.164"
"957","곰달래로53길","일반도로","국지도로","소로","6m미만","2026-03-01 11:18:03.164"
"958","곰달래로53나길","일반도로","국지도로","소로3류","폭6-8m","2026-03-01 11:18:03.164"
"959","곰달래로54길","일반도로","국지도로","소로3류","폭6-8m","2026-03-01 11:18:03.164"
"960","곰달래로55길","일반도로","국지도로","소로","6m미만","2026-03-01 11:18:03.164"
"961","곰달래로56길","일반도로","국지도로","소로","6m미만","2026-03-01 11:18:03.169"
"962","곰달래로57가길","일반도로","국지도로","소로","6m미만","2026-03-01 11:18:03.169"
"963","곰달래로57길","일반도로","국지도로","소로","6m미만","2026-03-01 11:18:03.169"
"964","곰달래로58길","일반도로","국지도로","소로","6m미만","2026-03-01 11:18:03.169"
"965","곰달래로59길","일반도로","국지도로","소로3류","폭6-8m","2026-03-01 11:18:03.169"
"966","곰달래로5길","일반도로","국지도로","소로1류","폭10-12m","2026-03-01 11:18:03.169"
"967","곰달래로60가길","일반도로","국지도로","소로","6m미만","2026-03-01 11:18:03.169"
"968","곰달래로60길","일반도로","국지도로","소로3류","폭6-8m","2026-03-01 11:18:03.169"
"969","곰달래로6길","일반도로","국지도로","소로1류","폭10-12m","2026-03-01 11:18:03.169"
"970","곰달래로7길","일반도로","국지도로","소로","6m미만","2026-03-01 11:18:03.169"
"971","곰달래로9길","일반도로","국지도로","소로","6m미만","2026-03-01 11:18:03.174"
"972","공덕~봉래선","일반도로","주간선도로","대로2류","폭30-35m","2026-03-01 11:18:03.174"
"973","공릉~우이선","일반도로","보조간선도로","대로2류","폭30-35m","2026-03-01 11:18:03.174"
"974","공릉로","일반도로","국지도로","소로3류","폭6-8m","2026-03-01 11:18:03.174"
"975","공릉로12가길","일반도로","국지도로","소로","6m미만","2026-03-01 11:18:03.174"
"976","공릉로12길","일반도로","국지도로","소로3류","폭6-8m","2026-03-01 11:18:03.174"
"977","공릉로12나길","일반도로","국지도로","소로3류","폭6-8m","2026-03-01 11:18:03.174"
"978","공릉로13길","일반도로","국지도로","소로","6m미만","2026-03-01 11:18:03.174"
"979","공릉로14길","일반도로","국지도로","소로","6m미만","2026-03-01 11:18:03.174"
"980","공릉로16길","일반도로","국지도로","소로","6m미만","2026-03-01 11:18:03.174"
"981","공릉로18길","일반도로","국지도로","소로1류","폭10-12m","2026-03-01 11:18:03.179"
"982","공릉로20가길","일반도로","국지도로","소로1류","폭10-12m","2026-03-01 11:18:03.18"
"983","공릉로20길","일반도로","국지도로","소로","6m미만","2026-03-01 11:18:03.18"
"984","공릉로22길","일반도로","국지도로","소로","6m미만","2026-03-01 11:18:03.18"
"985","공릉로24길","일반도로","국지도로","소로","6m미만","2026-03-01 11:18:03.18"
"986","공릉로26길","일반도로","국지도로","소로","6m미만","2026-03-01 11:18:03.18"
"987","공릉로27길","일반도로","국지도로","소로","6m미만","2026-03-01 11:18:03.18"
"988","공릉로29길","일반도로","국지도로","소로","6m미만","2026-03-01 11:18:03.18"
"989","공릉로2가길","일반도로","국지도로","소로","6m미만","2026-03-01 11:18:03.18"
"990","공릉로2길","일반도로","국지도로","소로","6m미만","2026-03-01 11:18:03.18"
"991","공릉로2나길","일반도로","국지도로","소로","6m미만","2026-03-01 11:18:03.184"
"992","공릉로2다길","일반도로","국지도로","소로","6m미만","2026-03-01 11:18:03.184"
"993","공릉로2라길","일반도로","국지도로","소로2류","폭8-10m","2026-03-01 11:18:03.184"
"994","공릉로32길","일반도로","국지도로","소로","6m미만","2026-03-01 11:18:03.184"
"995","공릉로33길","일반도로","국지도로","소로","6m미만","2026-03-01 11:18:03.184"
"996","공릉로34길","일반도로","국지도로","소로3류","폭6-8m","2026-03-01 11:18:03.184"
"997","공릉로35길","일반도로","국지도로","소로","6m미만","2026-03-01 11:18:03.184"
"998","공릉로37길","일반도로","국지도로","소로3류","폭6-8m","2026-03-01 11:18:03.184"
"999","공릉로38길","일반도로","국지도로","소로","6m미만","2026-03-01 11:18:03.185"
"1000","공릉로39길","일반도로","국지도로","소로","6m미만","2026-03-01 11:18:03.185"
"1001","공릉로41가길","일반도로","국지도로","소로","6m미만","2026-03-01 11:18:03.19"
"1002","공릉로41길","일반도로","국지도로","소로","6m미만","2026-03-01 11:18:03.19"
"1003","공릉로41나길","일반도로","국지도로","소로","6m미만","2026-03-01 11:18:03.19"
"1004","공릉로41다길","일반도로","국지도로","소로","6m미만","2026-03-01 11:18:03.19"
"1005","공릉로41라길","일반도로","국지도로","소로","6m미만","2026-03-01 11:18:03.19"
"1006","공릉로41마길","일반도로","국지도로","소로","6m미만","2026-03-01 11:18:03.19"
"1007","공릉로42길","일반도로","국지도로","소로3류","폭6-8m","2026-03-01 11:18:03.19"
"1008","공릉로43가길","일반도로","국지도로","소로","6m미만","2026-03-01 11:18:03.19"
"1009","공릉로43길","일반도로","국지도로","소로","6m미만","2026-03-01 11:18:03.19"
"1010","공릉로46가길","일반도로","국지도로","소로","6m미만","2026-03-01 11:18:03.19"
"1011","공릉로46길","일반도로","국지도로","중로2류","폭15-20m","2026-03-01 11:18:03.194"
"1012","공릉로48길","일반도로","국지도로","소로2류","폭8-10m","2026-03-01 11:18:03.194"
"1013","공릉로4길","일반도로","국지도로","소로","6m미만","2026-03-01 11:18:03.194"
"1014","공릉로51길","일반도로","국지도로","소로3류","폭6-8m","2026-03-01 11:18:03.194"
"1015","공릉로55길","일반도로","국지도로","중로2류","폭15-20m","2026-03-01 11:18:03.194"
"1016","공릉로58가길","일반도로","국지도로","소로","6m미만","2026-03-01 11:18:03.194"
"1017","공릉로58길","일반도로","국지도로","소로","6m미만","2026-03-01 11:18:03.194"
"1018","공릉로58나길","일반도로","국지도로","소로","6m미만","2026-03-01 11:18:03.194"
"1019","공릉로58다길","일반도로","국지도로","소로","6m미만","2026-03-01 11:18:03.195"
"1020","공릉로58라길","일반도로","국지도로","소로","6m미만","2026-03-01 11:18:03.195"
"1021","공릉로58마길","일반도로","국지도로","소로3류","폭6-8m","2026-03-01 11:18:03.199"
"1022","공릉로58바길","일반도로","국지도로","소로","6m미만","2026-03-01 11:18:03.199"
"1023","공릉로59가길","일반도로","국지도로","소로","6m미만","2026-03-01 11:18:03.2"
"1024","공릉로59길","일반도로","국지도로","중로1류","폭20-25m","2026-03-01 11:18:03.2"
"1025","공릉로59나길","일반도로","국지도로","소로3류","폭6-8m","2026-03-01 11:18:03.2"
"1026","공릉로62가길","일반도로","국지도로","소로3류","폭6-8m","2026-03-01 11:18:03.2"
"1027","공릉로62길","일반도로","국지도로","소로2류","폭8-10m","2026-03-01 11:18:03.2"
"1028","공릉로63길","일반도로","국지도로","소로1류","폭10-12m","2026-03-01 11:18:03.2"
"1029","공릉로65길","일반도로","국지도로","소로","6m미만","2026-03-01 11:18:03.2"
"1030","공릉로70길","일반도로","국지도로","소로","6m미만","2026-03-01 11:18:03.2"
"1031","공원로","일반도로","국지도로","소로1류","폭10-12m","2026-03-01 11:18:03.205"
"1032","공원로11가길","일반도로","국지도로","소로","6m미만","2026-03-01 11:18:03.205"
"1033","공원로11길","일반도로","국지도로","소로","6m미만","2026-03-01 11:18:03.205"
"1034","공원로6가길","일반도로","국지도로","중로1류","폭20-25m","2026-03-01 11:18:03.205"
"1035","공원로6길","일반도로","국지도로","대로3류","폭25-30m","2026-03-01 11:18:03.205"
"1036","공원로6나길","일반도로","국지도로","소로3류","폭6-8m","2026-03-01 11:18:03.205"
"1037","공원로6다길","일반도로","국지도로","소로3류","폭6-8m","2026-03-01 11:18:03.205"
"1038","공원로7길","일반도로","국지도로","소로","6m미만","2026-03-01 11:18:03.205"
"1039","공원로8길","일반도로","국지도로","소로1류","폭10-12m","2026-03-01 11:18:03.205"
"1040","공원로9길","일반도로","국지도로","소로","6m미만","2026-03-01 11:18:03.205"
"1041","공항~발산선","일반도로","보조간선도로","중로1류","폭20-25m","2026-03-01 11:18:03.21"
"1042","공항대로","일반도로","국지도로","소로","6m미만","2026-03-01 11:18:03.21"
"1043","공항대로10가길","일반도로","국지도로","소로","6m미만","2026-03-01 11:18:03.21"
"1044","공항대로10길","일반도로","국지도로","소로2류","폭8-10m","2026-03-01 11:18:03.21"
"1045","공항대로11길","일반도로","국지도로","소로","6m미만","2026-03-01 11:18:03.21"
"1046","공항대로13길","일반도로","국지도로","소로","6m미만","2026-03-01 11:18:03.21"
"1047","공항대로15가길","일반도로","국지도로","소로","6m미만","2026-03-01 11:18:03.21"
"1048","공항대로15길","일반도로","국지도로","소로","6m미만","2026-03-01 11:18:03.21"
"1049","공항대로2가길","일반도로","국지도로","소로","6m미만","2026-03-01 11:18:03.21"
"1050","공항대로2길","일반도로","국지도로","소로","6m미만","2026-03-01 11:18:03.21"
"1051","공항대로36가길","일반도로","국지도로","소로","6m미만","2026-03-01 11:18:03.215"
"1052","공항대로36길","일반도로","국지도로","소로1류","폭10-12m","2026-03-01 11:18:03.215"
"1053","공항대로38길","일반도로","국지도로","소로3류","폭6-8m","2026-03-01 11:18:03.215"
"1054","공항대로39길","일반도로","국지도로","소로2류","폭8-10m","2026-03-01 11:18:03.215"
"1055","공항대로3가길","일반도로","국지도로","소로","6m미만","2026-03-01 11:18:03.215"
"1056","공항대로3길","일반도로","국지도로","소로3류","폭6-8m","2026-03-01 11:18:03.215"
"1057","공항대로3나길","일반도로","국지도로","소로","6m미만","2026-03-01 11:18:03.215"
"1058","공항대로41길","일반도로","국지도로","중로1류","폭20-25m","2026-03-01 11:18:03.215"
"1059","공항대로42길","일반도로","국지도로","소로3류","폭6-8m","2026-03-01 11:18:03.215"
"1060","공항대로43길","일반도로","국지도로","소로1류","폭10-12m","2026-03-01 11:18:03.215"
"1061","공항대로44길","일반도로","국지도로","소로3류","폭6-8m","2026-03-01 11:18:03.22"
"1062","공항대로45가길","일반도로","국지도로","소로","6m미만","2026-03-01 11:18:03.22"
"1063","공항대로45길","일반도로","국지도로","중로1류","폭20-25m","2026-03-01 11:18:03.22"
"1064","공항대로45나길","일반도로","국지도로","소로3류","폭6-8m","2026-03-01 11:18:03.22"
"1065","공항대로46길","일반도로","국지도로","소로2류","폭8-10m","2026-03-01 11:18:03.22"
"1066","공항대로48길","일반도로","국지도로","소로","6m미만","2026-03-01 11:18:03.22"
"1067","공항대로49길","일반도로","국지도로","소로","6m미만","2026-03-01 11:18:03.22"
"1068","공항대로4가길","일반도로","국지도로","소로","6m미만","2026-03-01 11:18:03.22"
"1069","공항대로4길","일반도로","국지도로","소로","6m미만","2026-03-01 11:18:03.22"
"1070","공항대로51길","일반도로","국지도로","소로","6m미만","2026-03-01 11:18:03.22"
"1071","공항대로53가길","일반도로","국지도로","소로","6m미만","2026-03-01 11:18:03.225"
"1072","공항대로53길","일반도로","국지도로","소로","6m미만","2026-03-01 11:18:03.225"
"1073","공항대로53나길","일반도로","국지도로","소로","6m미만","2026-03-01 11:18:03.225"
"1074","공항대로55길","일반도로","국지도로","소로3류","폭6-8m","2026-03-01 11:18:03.225"
"1075","공항대로57길","일반도로","국지도로","소로2류","폭8-10m","2026-03-01 11:18:03.225"
"1076","공항대로58가길","일반도로","국지도로","소로","6m미만","2026-03-01 11:18:03.225"
"1077","공항대로58길","일반도로","국지도로","소로","6m미만","2026-03-01 11:18:03.225"
"1078","공항대로58나길","일반도로","국지도로","소로","6m미만","2026-03-01 11:18:03.225"
"1079","공항대로58다길","일반도로","국지도로","소로","6m미만","2026-03-01 11:18:03.225"
"1080","공항대로59가길","일반도로","국지도로","소로","6m미만","2026-03-01 11:18:03.225"
"1081","공항대로59길","일반도로","국지도로","소로3류","폭6-8m","2026-03-01 11:18:03.23"
"1082","공항대로59나길","일반도로","국지도로","소로","6m미만","2026-03-01 11:18:03.23"
"1083","공항대로59다길","일반도로","국지도로","소로2류","폭8-10m","2026-03-01 11:18:03.23"
"1084","공항대로5길","일반도로","국지도로","소로","6m미만","2026-03-01 11:18:03.23"
"1085","공항대로61길","일반도로","국지도로","소로2류","폭8-10m","2026-03-01 11:18:03.23"
"1086","공항대로63길","일반도로","국지도로","소로3류","폭6-8m","2026-03-01 11:18:03.23"
"1087","공항대로65가길","일반도로","국지도로","소로2류","폭8-10m","2026-03-01 11:18:03.23"
"1088","공항대로65길","일반도로","국지도로","소로3류","폭6-8m","2026-03-01 11:18:03.23"
"1089","공항대로67길","일반도로","국지도로","소로2류","폭8-10m","2026-03-01 11:18:03.23"
"1090","공항대로69길","일반도로","국지도로","소로3류","폭6-8m","2026-03-01 11:18:03.23"
"1091","공항대로71길","일반도로","국지도로","소로1류","폭10-12m","2026-03-01 11:18:03.235"
"1092","공항대로75길","일반도로","국지도로","중로2류","폭15-20m","2026-03-01 11:18:03.235"
"1093","공항대로7가길","일반도로","국지도로","소로","6m미만","2026-03-01 11:18:03.235"
"1094","공항대로7길","일반도로","국지도로","소로","6m미만","2026-03-01 11:18:03.235"
"1095","공항대로7나길","일반도로","국지도로","소로","6m미만","2026-03-01 11:18:03.235"
"1096","공항대로7다길","일반도로","국지도로","소로","6m미만","2026-03-01 11:18:03.235"
"1097","공항대로7라길","일반도로","국지도로","소로","6m미만","2026-03-01 11:18:03.235"
"1098","공항대로7마길","일반도로","국지도로","소로","6m미만","2026-03-01 11:18:03.235"
"1099","공항대로81길","일반도로","국지도로","소로3류","폭6-8m","2026-03-01 11:18:03.235"
"1100","공항대로8가길","일반도로","국지도로","소로","6m미만","2026-03-01 11:18:03.235"
"1101","공항대로8길","일반도로","국지도로","소로","6m미만","2026-03-01 11:18:03.24"
"1102","과천대로","일반도로","국지도로","소로3류","폭6-8m","2026-03-01 11:18:03.24"
"1103","과해~삼성선","일반도로","주간선도로","광로3류","폭40-50m","2026-03-01 11:18:03.24"
"1104","관악로","일반도로","국지도로","소로","6m미만","2026-03-01 11:18:03.24"
"1105","관악로10길","일반도로","국지도로","소로","6m미만","2026-03-01 11:18:03.24"
"1106","관악로11가길","일반도로","국지도로","소로","6m미만","2026-03-01 11:18:03.24"
"1107","관악로11길","일반도로","국지도로","소로","6m미만","2026-03-01 11:18:03.24"
"1108","관악로11나길","일반도로","국지도로","소로","6m미만","2026-03-01 11:18:03.24"
"1109","관악로12길","일반도로","국지도로","소로","6m미만","2026-03-01 11:18:03.24"
"1110","관악로13길","일반도로","국지도로","소로3류","폭6-8m","2026-03-01 11:18:03.24"
"1111","관악로14가길","일반도로","국지도로","소로","6m미만","2026-03-01 11:18:03.245"
"1112","관악로14길","일반도로","국지도로","소로","6m미만","2026-03-01 11:18:03.245"
"1113","관악로14나길","일반도로","국지도로","소로","6m미만","2026-03-01 11:18:03.245"
"1114","관악로15길","일반도로","국지도로","소로","6m미만","2026-03-01 11:18:03.245"
"1115","관악로16길","일반도로","국지도로","소로","6m미만","2026-03-01 11:18:03.245"
"1116","관악로17길","일반도로","국지도로","소로3류","폭6-8m","2026-03-01 11:18:03.245"
"1117","관악로24가길","일반도로","국지도로","소로","6m미만","2026-03-01 11:18:03.245"
"1118","관악로24길","일반도로","국지도로","소로2류","폭8-10m","2026-03-01 11:18:03.245"
"1119","관악로24나길","일반도로","국지도로","소로","6m미만","2026-03-01 11:18:03.245"
"1120","관악로25길","일반도로","국지도로","소로","6m미만","2026-03-01 11:18:03.245"
"1121","관악로28길","일반도로","국지도로","소로","6m미만","2026-03-01 11:18:03.25"
"1122","관악로29길","일반도로","국지도로","소로","6m미만","2026-03-01 11:18:03.25"
"1123","관악로30길","일반도로","국지도로","소로1류","폭10-12m","2026-03-01 11:18:03.25"
"1124","관악로37길","일반도로","국지도로","소로3류","폭6-8m","2026-03-01 11:18:03.25"
"1125","관악로38길","일반도로","국지도로","소로","6m미만","2026-03-01 11:18:03.25"
"1126","관악로40길","일반도로","국지도로","중로2류","폭15-20m","2026-03-01 11:18:03.25"
"1127","관악로5길","일반도로","국지도로","소로","6m미만","2026-03-01 11:18:03.25"
"1128","관악로6길","일반도로","국지도로","소로","6m미만","2026-03-01 11:18:03.25"
"1129","관악로8길","일반도로","국지도로","소로","6m미만","2026-03-01 11:18:03.25"
"1130","관천로","일반도로","국지도로","중로2류","폭15-20m","2026-03-01 11:18:03.25"
"1131","관천로10길","일반도로","국지도로","소로","6m미만","2026-03-01 11:18:03.255"
"1132","관천로11길","일반도로","국지도로","소로","6m미만","2026-03-01 11:18:03.255"
"1133","관천로12길","일반도로","국지도로","소로","6m미만","2026-03-01 11:18:03.255"
"1134","관천로15길","일반도로","국지도로","소로","6m미만","2026-03-01 11:18:03.255"
"1135","관천로16길","일반도로","국지도로","소로","6m미만","2026-03-01 11:18:03.255"
"1136","관천로17길","일반도로","국지도로","소로","6m미만","2026-03-01 11:18:03.255"
"1137","관천로18길","일반도로","국지도로","소로","6m미만","2026-03-01 11:18:03.255"
"1138","관천로19길","일반도로","국지도로","소로","6m미만","2026-03-01 11:18:03.255"
"1139","관천로20길","일반도로","국지도로","소로","6m미만","2026-03-01 11:18:03.255"
"1140","관천로21길","일반도로","국지도로","소로","6m미만","2026-03-01 11:18:03.255"
"1141","관천로22길","일반도로","국지도로","소로","6m미만","2026-03-01 11:18:03.26"
"1142","관천로23길","일반도로","국지도로","소로","6m미만","2026-03-01 11:18:03.26"
"1143","관천로24길","일반도로","국지도로","소로","6m미만","2026-03-01 11:18:03.26"
"1144","관천로25길","일반도로","국지도로","소로","6m미만","2026-03-01 11:18:03.26"
"1145","관천로26길","일반도로","국지도로","소로","6m미만","2026-03-01 11:18:03.26"
"1146","관천로27길","일반도로","국지도로","소로","6m미만","2026-03-01 11:18:03.26"
"1147","광나루로","일반도로","국지도로","소로","6m미만","2026-03-01 11:18:03.26"
"1148","광나루로11길","일반도로","국지도로","소로3류","폭6-8m","2026-03-01 11:18:03.26"
"1149","광나루로12길","일반도로","국지도로","소로","6m미만","2026-03-01 11:18:03.26"
"1150","광나루로13길","일반도로","국지도로","소로","6m미만","2026-03-01 11:18:03.26"
"1151","광나루로14길","일반도로","국지도로","소로","6m미만","2026-03-01 11:18:03.265"
"1152","광나루로15길","일반도로","국지도로","소로","6m미만","2026-03-01 11:18:03.265"
"1153","광나루로16길","일반도로","국지도로","소로","6m미만","2026-03-01 11:18:03.265"
"1154","광나루로17길","일반도로","국지도로","소로","6m미만","2026-03-01 11:18:03.265"
"1155","광나루로18길","일반도로","국지도로","소로","6m미만","2026-03-01 11:18:03.265"
"1156","광나루로19길","일반도로","국지도로","소로","6m미만","2026-03-01 11:18:03.265"
"1157","광나루로20가길","일반도로","국지도로","소로","6m미만","2026-03-01 11:18:03.265"
"1158","광나루로20길","일반도로","국지도로","소로","6m미만","2026-03-01 11:18:03.265"
"1159","광나루로22가길","일반도로","국지도로","소로","6m미만","2026-03-01 11:18:03.265"
"1160","광나루로22길","일반도로","국지도로","소로","6m미만","2026-03-01 11:18:03.265"
"1161","광나루로22나길","일반도로","국지도로","소로","6m미만","2026-03-01 11:18:03.271"
"1162","광나루로24길","일반도로","국지도로","소로","6m미만","2026-03-01 11:18:03.271"
"1163","광나루로26길","일반도로","국지도로","소로","6m미만","2026-03-01 11:18:03.271"
"1164","광나루로28길","일반도로","국지도로","소로","6m미만","2026-03-01 11:18:03.271"
"1165","광나루로2가길","일반도로","국지도로","소로","6m미만","2026-03-01 11:18:03.271"
"1166","광나루로2길","일반도로","국지도로","소로","6m미만","2026-03-01 11:18:03.271"
"1167","광나루로30가길","일반도로","국지도로","소로","6m미만","2026-03-01 11:18:03.271"
"1168","광나루로30길","일반도로","국지도로","소로3류","폭6-8m","2026-03-01 11:18:03.271"
"1169","광나루로30나길","일반도로","국지도로","소로","6m미만","2026-03-01 11:18:03.271"
"1170","광나루로30다길","일반도로","국지도로","소로","6m미만","2026-03-01 11:18:03.271"
"1171","광나루로32길","일반도로","국지도로","소로","6m미만","2026-03-01 11:18:03.276"
"1172","광나루로34길","일반도로","국지도로","소로","6m미만","2026-03-01 11:18:03.276"
"1173","광나루로35길","일반도로","국지도로","소로","6m미만","2026-03-01 11:18:03.276"
"1174","광나루로36길","일반도로","국지도로","소로3류","폭6-8m","2026-03-01 11:18:03.276"
"1175","광나루로37길","일반도로","국지도로","소로","6m미만","2026-03-01 11:18:03.276"
"1176","광나루로38길","일반도로","국지도로","소로","6m미만","2026-03-01 11:18:03.276"
"1177","광나루로39길","일반도로","국지도로","소로3류","폭6-8m","2026-03-01 11:18:03.276"
"1178","광나루로40길","일반도로","국지도로","소로","6m미만","2026-03-01 11:18:03.276"
"1179","광나루로43길","일반도로","국지도로","소로1류","폭10-12m","2026-03-01 11:18:03.276"
"1180","광나루로44길","일반도로","국지도로","소로","6m미만","2026-03-01 11:18:03.276"
"1181","광나루로46길","일반도로","국지도로","소로3류","폭6-8m","2026-03-01 11:18:03.281"
"1182","광나루로48길","일반도로","국지도로","소로","6m미만","2026-03-01 11:18:03.282"
"1183","광나루로4가길","일반도로","국지도로","소로","6m미만","2026-03-01 11:18:03.282"
"1184","광나루로4길","일반도로","국지도로","소로","6m미만","2026-03-01 11:18:03.282"
"1185","광나루로4나길","일반도로","국지도로","소로","6m미만","2026-03-01 11:18:03.282"
"1186","광나루로4다길","일반도로","국지도로","소로","6m미만","2026-03-01 11:18:03.282"
"1187","광나루로50길","일반도로","국지도로","소로","6m미만","2026-03-01 11:18:03.282"
"1188","광나루로52길","일반도로","국지도로","소로","6m미만","2026-03-01 11:18:03.282"
"1189","광나루로54길","일반도로","국지도로","소로3류","폭6-8m","2026-03-01 11:18:03.282"
"1190","광나루로56길","일반도로","국지도로","중로1류","폭20-25m","2026-03-01 11:18:03.282"
"1191","광나루로6길","일반도로","국지도로","중로1류","폭20-25m","2026-03-01 11:18:03.287"
"1192","광나루로8길","일반도로","국지도로","소로2류","폭8-10m","2026-03-01 11:18:03.287"
"1193","광나루로9가길","일반도로","국지도로","소로","6m미만","2026-03-01 11:18:03.287"
"1194","광나루로9길","일반도로","국지도로","소로","6m미만","2026-03-01 11:18:03.287"
"1195","광남로","일반도로","국지도로","중로1류","폭20-25m","2026-03-01 11:18:03.287"
"1196","광명~시흥선","일반도로","보조간선도로","중로1류","폭20-25m","2026-03-01 11:18:03.287"
"1197","광명~오류동길","일반도로","보조간선도로","대로2류","폭30-35m","2026-03-01 11:18:03.287"
"1198","광성로","일반도로","국지도로","소로3류","폭6-8m","2026-03-01 11:18:03.287"
"1199","광성로4길","일반도로","국지도로","소로","6m미만","2026-03-01 11:18:03.287"
"1200","광성로6길","일반도로","국지도로","소로3류","폭6-8m","2026-03-01 11:18:03.287"
"1201","광성로6안길","일반도로","국지도로","소로2류","폭8-10m","2026-03-01 11:18:03.292"
"1202","광신1길","일반도로","국지도로","소로","6m미만","2026-03-01 11:18:03.292"
"1203","광신3길","일반도로","국지도로","소로","6m미만","2026-03-01 11:18:03.292"
"1204","광신5길","일반도로","국지도로","소로","6m미만","2026-03-01 11:18:03.292"
"1205","광신길","일반도로","국지도로","소로","6m미만","2026-03-01 11:18:03.292"
"1206","광운로","일반도로","국지도로","소로","6m미만","2026-03-01 11:18:03.292"
"1207","광운로10길","일반도로","국지도로","소로","6m미만","2026-03-01 11:18:03.292"
"1208","광운로12길","일반도로","국지도로","중로2류","폭15-20m","2026-03-01 11:18:03.292"
"1209","광운로13길","일반도로","국지도로","소로","6m미만","2026-03-01 11:18:03.292"
"1210","광운로15길","일반도로","국지도로","소로","6m미만","2026-03-01 11:18:03.292"
"1211","광운로17길","일반도로","국지도로","소로","6m미만","2026-03-01 11:18:03.297"
"1212","광운로19가길","일반도로","국지도로","소로","6m미만","2026-03-01 11:18:03.297"
"1213","광운로19길","일반도로","국지도로","소로","6m미만","2026-03-01 11:18:03.297"
"1214","광운로1길","일반도로","국지도로","소로","6m미만","2026-03-01 11:18:03.297"
"1215","광운로22길","일반도로","국지도로","소로1류","폭10-12m","2026-03-01 11:18:03.297"
"1216","광운로2가길","일반도로","국지도로","소로3류","폭6-8m","2026-03-01 11:18:03.297"
"1217","광운로2길","일반도로","국지도로","소로3류","폭6-8m","2026-03-01 11:18:03.297"
"1218","광운로2나길","일반도로","국지도로","소로1류","폭10-12m","2026-03-01 11:18:03.297"
"1219","광운로3길","일반도로","국지도로","소로","6m미만","2026-03-01 11:18:03.297"
"1220","광운로6길","일반도로","국지도로","소로","6m미만","2026-03-01 11:18:03.297"
"1221","광운로7길","일반도로","국지도로","소로","6m미만","2026-03-01 11:18:03.302"
"1222","광장~상일선","일반도로","보조간선도로","중로2류","폭15-20m","2026-03-01 11:18:03.302"
"1223","광장로","일반도로","국지도로","소로2류","폭8-10m","2026-03-01 11:18:03.302"
"1224","광장로1가길","일반도로","국지도로","소로3류","폭6-8m","2026-03-01 11:18:03.302"
"1225","광장로1길","일반도로","국지도로","소로","6m미만","2026-03-01 11:18:03.302"
"1226","광장로1나길","일반도로","국지도로","소로","6m미만","2026-03-01 11:18:03.302"
"1227","광장로1다길","일반도로","국지도로","소로","6m미만","2026-03-01 11:18:03.302"
"1228","광장로3길","일반도로","국지도로","소로","6m미만","2026-03-01 11:18:03.302"
"1229","광장로5길","일반도로","국지도로","소로","6m미만","2026-03-01 11:18:03.302"
"1230","광장로7길","일반도로","국지도로","소로","6m미만","2026-03-01 11:18:03.302"
"1231","광장로9길","일반도로","국지도로","소로","6m미만","2026-03-01 11:18:03.307"
"1232","광평로","일반도로","국지도로","소로2류","폭8-10m","2026-03-01 11:18:03.307"
"1233","광평로10길","일반도로","국지도로","소로1류","폭10-12m","2026-03-01 11:18:03.307"
"1234","광평로19길","일반도로","국지도로","중로1류","폭20-25m","2026-03-01 11:18:03.307"
"1235","광평로1길","일반도로","국지도로","소로2류","폭8-10m","2026-03-01 11:18:03.307"
"1236","광평로20길","일반도로","국지도로","중로1류","폭20-25m","2026-03-01 11:18:03.307"
"1237","광평로31길","일반도로","국지도로","소로1류","폭10-12m","2026-03-01 11:18:03.307"
"1238","광평로34길","일반도로","국지도로","소로1류","폭10-12m","2026-03-01 11:18:03.307"
"1239","광평로39길","일반도로","국지도로","소로2류","폭8-10m","2026-03-01 11:18:03.307"
"1240","광평로3길","일반도로","국지도로","소로","6m미만","2026-03-01 11:18:03.307"
"1241","광평로42길","일반도로","국지도로","소로","6m미만","2026-03-01 11:18:03.312"
"1242","광평로46길","일반도로","국지도로","소로3류","폭6-8m","2026-03-01 11:18:03.312"
"1243","광평로47길","일반도로","국지도로","중로1류","폭20-25m","2026-03-01 11:18:03.312"
"1244","광평로51길","일반도로","국지도로","중로2류","폭15-20m","2026-03-01 11:18:03.312"
"1245","광평로56길","일반도로","국지도로","소로1류","폭10-12m","2026-03-01 11:18:03.312"
"1246","광평로59길","일반도로","국지도로","소로2류","폭8-10m","2026-03-01 11:18:03.312"
"1247","광평로5길","일반도로","국지도로","소로","6m미만","2026-03-01 11:18:03.312"
"1248","광평로60길","일반도로","국지도로","소로1류","폭10-12m","2026-03-01 11:18:03.312"
"1249","광평로7길","일반도로","국지도로","소로","6m미만","2026-03-01 11:18:03.312"
"1250","광평로9길","일반도로","국지도로","중로1류","폭20-25m","2026-03-01 11:18:03.312"
"1251","구로~신길선","일반도로","보조간선도로","대로3류","폭25-30m","2026-03-01 11:18:03.318"
"1252","구로~염창선","일반도로","보조간선도로","대로2류","폭30-35m","2026-03-01 11:18:03.318"
"1253","구로동로","일반도로","국지도로","소로","6m미만","2026-03-01 11:18:03.318"
"1254","구로동로11길","일반도로","국지도로","소로","6m미만","2026-03-01 11:18:03.318"
"1255","구로동로12길","일반도로","국지도로","소로","6m미만","2026-03-01 11:18:03.318"
"1256","구로동로13길","일반도로","국지도로","소로","6m미만","2026-03-01 11:18:03.318"
"1257","구로동로14길","일반도로","국지도로","소로","6m미만","2026-03-01 11:18:03.318"
"1258","구로동로15길","일반도로","국지도로","소로","6m미만","2026-03-01 11:18:03.318"
"1259","구로동로17길","일반도로","국지도로","소로","6m미만","2026-03-01 11:18:03.318"
"1260","구로동로18길","일반도로","국지도로","소로","6m미만","2026-03-01 11:18:03.318"
"1261","구로동로19길","일반도로","국지도로","소로","6m미만","2026-03-01 11:18:03.323"
"1262","구로동로1길","일반도로","국지도로","소로","6m미만","2026-03-01 11:18:03.323"
"1263","구로동로20길","일반도로","국지도로","소로","6m미만","2026-03-01 11:18:03.323"
"1264","구로동로21가길","일반도로","국지도로","소로","6m미만","2026-03-01 11:18:03.323"
"1265","구로동로21길","일반도로","국지도로","소로","6m미만","2026-03-01 11:18:03.323"
"1266","구로동로21나길","일반도로","국지도로","소로","6m미만","2026-03-01 11:18:03.323"
"1267","구로동로22길","일반도로","국지도로","소로","6m미만","2026-03-01 11:18:03.323"
"1268","구로동로23길","일반도로","국지도로","소로","6m미만","2026-03-01 11:18:03.323"
"1269","구로동로25길","일반도로","국지도로","소로","6m미만","2026-03-01 11:18:03.323"
"1270","구로동로26길","일반도로","국지도로","소로","6m미만","2026-03-01 11:18:03.323"
"1271","구로동로28가길","일반도로","국지도로","소로","6m미만","2026-03-01 11:18:03.328"
"1272","구로동로28길","일반도로","국지도로","소로","6m미만","2026-03-01 11:18:03.328"
"1273","구로동로29길","일반도로","국지도로","소로","6m미만","2026-03-01 11:18:03.328"
"1274","구로동로2가길","일반도로","국지도로","소로","6m미만","2026-03-01 11:18:03.328"
"1275","구로동로2길","일반도로","국지도로","소로","6m미만","2026-03-01 11:18:03.328"
"1276","구로동로2나길","일반도로","국지도로","소로","6m미만","2026-03-01 11:18:03.328"
"1277","구로동로2다길","일반도로","국지도로","소로","6m미만","2026-03-01 11:18:03.328"
"1278","구로동로33길","일반도로","국지도로","소로3류","폭6-8m","2026-03-01 11:18:03.328"
"1279","구로동로35가길","일반도로","국지도로","소로","6m미만","2026-03-01 11:18:03.328"
"1280","구로동로35길","일반도로","국지도로","소로2류","폭8-10m","2026-03-01 11:18:03.328"
"1281","구로동로35나길","일반도로","국지도로","소로","6m미만","2026-03-01 11:18:03.333"
"1282","구로동로38길","일반도로","국지도로","소로","6m미만","2026-03-01 11:18:03.333"
"1283","구로동로3길","일반도로","국지도로","소로","6m미만","2026-03-01 11:18:03.333"
"1284","구로동로40가길","일반도로","국지도로","소로","6m미만","2026-03-01 11:18:03.333"
"1285","구로동로40길","일반도로","국지도로","소로","6m미만","2026-03-01 11:18:03.333"
"1286","구로동로40나길","일반도로","국지도로","소로","6m미만","2026-03-01 11:18:03.333"
"1287","구로동로41길","일반도로","국지도로","소로","6m미만","2026-03-01 11:18:03.333"
"1288","구로동로42길","일반도로","국지도로","소로","6m미만","2026-03-01 11:18:03.333"
"1289","구로동로43길","일반도로","국지도로","소로3류","폭6-8m","2026-03-01 11:18:03.333"
"1290","구로동로45길","일반도로","국지도로","소로","6m미만","2026-03-01 11:18:03.333"
"1291","구로동로47길","일반도로","국지도로","소로","6m미만","2026-03-01 11:18:03.338"
"1292","구로동로48길","일반도로","국지도로","소로3류","폭6-8m","2026-03-01 11:18:03.338"
"1293","구로동로49길","일반도로","국지도로","소로","6m미만","2026-03-01 11:18:03.338"
"1294","구로동로50길","일반도로","국지도로","소로","6m미만","2026-03-01 11:18:03.338"
"1295","구로동로5길","일반도로","국지도로","소로","6m미만","2026-03-01 11:18:03.338"
"1296","구로동로7가길","일반도로","국지도로","소로","6m미만","2026-03-01 11:18:03.338"
"1297","구로동로7길","일반도로","국지도로","소로","6m미만","2026-03-01 11:18:03.338"
"1298","구로동로7나길","일반도로","국지도로","소로","6m미만","2026-03-01 11:18:03.338"
"1299","구로동로7다길","일반도로","국지도로","소로","6m미만","2026-03-01 11:18:03.338"
"1300","구로동로7라길","일반도로","국지도로","소로","6m미만","2026-03-01 11:18:03.338"
"1301","구로동로8길","일반도로","국지도로","소로","6m미만","2026-03-01 11:18:03.343"
"1302","구로동로9길","일반도로","국지도로","소로","6m미만","2026-03-01 11:18:03.343"
"1303","구로중앙로","일반도로","국지도로","중로2류","폭15-20m","2026-03-01 11:18:03.343"
"1304","구로중앙로11길","일반도로","국지도로","소로","6m미만","2026-03-01 11:18:03.343"
"1305","구로중앙로12길","일반도로","국지도로","소로","6m미만","2026-03-01 11:18:03.343"
"1306","구로중앙로14길","일반도로","국지도로","소로","6m미만","2026-03-01 11:18:03.343"
"1307","구로중앙로15길","일반도로","국지도로","소로3류","폭6-8m","2026-03-01 11:18:03.343"
"1308","구로중앙로18길","일반도로","국지도로","중로2류","폭15-20m","2026-03-01 11:18:03.343"
"1309","구로중앙로19가길","일반도로","국지도로","소로3류","폭6-8m","2026-03-01 11:18:03.343"
"1310","구로중앙로19길","일반도로","국지도로","소로","6m미만","2026-03-01 11:18:03.343"
"1311","구로중앙로19나길","일반도로","국지도로","소로","6m미만","2026-03-01 11:18:03.348"
"1312","구로중앙로21길","일반도로","국지도로","소로","6m미만","2026-03-01 11:18:03.348"
"1313","구로중앙로22길","일반도로","국지도로","소로","6m미만","2026-03-01 11:18:03.348"
"1314","구로중앙로24가길","일반도로","국지도로","소로","6m미만","2026-03-01 11:18:03.348"
"1315","구로중앙로24길","일반도로","국지도로","소로","6m미만","2026-03-01 11:18:03.348"
"1316","구로중앙로25길","일반도로","국지도로","소로","6m미만","2026-03-01 11:18:03.348"
"1317","구로중앙로26가길","일반도로","국지도로","소로","6m미만","2026-03-01 11:18:03.348"
"1318","구로중앙로26길","일반도로","국지도로","소로3류","폭6-8m","2026-03-01 11:18:03.348"
"1319","구로중앙로27가길","일반도로","국지도로","소로","6m미만","2026-03-01 11:18:03.349"
"1320","구로중앙로27길","일반도로","국지도로","소로2류","폭8-10m","2026-03-01 11:18:03.349"
"1321","구로중앙로27나길","일반도로","국지도로","소로","6m미만","2026-03-01 11:18:03.354"
"1322","구로중앙로27다길","일반도로","국지도로","소로","6m미만","2026-03-01 11:18:03.354"
"1323","구로중앙로28가길","일반도로","국지도로","소로","6m미만","2026-03-01 11:18:03.354"
"1324","구로중앙로28길","일반도로","국지도로","소로3류","폭6-8m","2026-03-01 11:18:03.354"
"1325","구로중앙로28나길","일반도로","국지도로","소로","6m미만","2026-03-01 11:18:03.354"
"1326","구로중앙로28다길","일반도로","국지도로","소로2류","폭8-10m","2026-03-01 11:18:03.354"
"1327","구로중앙로2길","일반도로","국지도로","소로","6m미만","2026-03-01 11:18:03.354"
"1328","구로중앙로30길","일반도로","국지도로","소로","6m미만","2026-03-01 11:18:03.354"
"1329","구로중앙로31길","일반도로","국지도로","소로3류","폭6-8m","2026-03-01 11:18:03.354"
"1330","구로중앙로32가길","일반도로","국지도로","소로","6m미만","2026-03-01 11:18:03.354"
"1331","구로중앙로32길","일반도로","국지도로","소로1류","폭10-12m","2026-03-01 11:18:03.359"
"1332","구로중앙로32나길","일반도로","국지도로","소로","6m미만","2026-03-01 11:18:03.359"
"1333","구로중앙로32다길","일반도로","국지도로","소로","6m미만","2026-03-01 11:18:03.359"
"1334","구로중앙로34길","일반도로","국지도로","소로","6m미만","2026-03-01 11:18:03.359"
"1335","구로중앙로37길","일반도로","국지도로","중로1류","폭20-25m","2026-03-01 11:18:03.359"
"1336","구로중앙로39길","일반도로","국지도로","중로2류","폭15-20m","2026-03-01 11:18:03.359"
"1337","구로중앙로3길","일반도로","국지도로","소로","6m미만","2026-03-01 11:18:03.359"
"1338","구로중앙로40가길","일반도로","국지도로","소로","6m미만","2026-03-01 11:18:03.359"
"1339","구로중앙로40길","일반도로","국지도로","소로3류","폭6-8m","2026-03-01 11:18:03.359"
"1340","구로중앙로40나길","일반도로","국지도로","소로2류","폭8-10m","2026-03-01 11:18:03.359"
"1341","구로중앙로42길","일반도로","국지도로","소로","6m미만","2026-03-01 11:18:03.364"
"1342","구로중앙로5길","일반도로","국지도로","소로","6m미만","2026-03-01 11:18:03.364"
"1343","구로중앙로7길","일반도로","국지도로","소로","6m미만","2026-03-01 11:18:03.364"
"1344","구로중앙로8길","일반도로","국지도로","소로","6m미만","2026-03-01 11:18:03.364"
"1345","구로중앙로9길","일반도로","국지도로","소로","6m미만","2026-03-01 11:18:03.364"
"1346","구룡길","일반도로","국지도로","중로1류","폭20-25m","2026-03-01 11:18:03.364"
"1347","구룡지하도로","일반도로","국지도로","확인","불가","2026-03-01 11:18:03.364"
"1348","구리포천고속도로","일반도로","기타","중로2류","폭15-20m","2026-03-01 11:18:03.364"
"1349","구암5가길","일반도로","국지도로","소로3류","폭6-8m","2026-03-01 11:18:03.364"
"1350","구암5길","일반도로","국지도로","소로1류","폭10-12m","2026-03-01 11:18:03.364"
"1351","구암길","일반도로","국지도로","소로2류","폭8-10m","2026-03-01 11:18:03.37"
"1352","구의~광장선","일반도로","보조간선도로","대로2류","폭30-35m","2026-03-01 11:18:03.37"
"1353","구의강변로","일반도로","국지도로","소로1류","폭10-12m","2026-03-01 11:18:03.37"
"1354","구의강변로1길","일반도로","국지도로","소로","6m미만","2026-03-01 11:18:03.37"
"1355","구의강변로3가길","일반도로","국지도로","소로","6m미만","2026-03-01 11:18:03.37"
"1356","구의강변로3길","일반도로","국지도로","소로","6m미만","2026-03-01 11:18:03.37"
"1357","구의강변로5길","일반도로","국지도로","소로3류","폭6-8m","2026-03-01 11:18:03.37"
"1358","구의강변로7길","일반도로","국지도로","소로","6m미만","2026-03-01 11:18:03.37"
"1359","구의로","일반도로","국지도로","소로","6m미만","2026-03-01 11:18:03.37"
"1360","구의로10길","일반도로","국지도로","소로","6m미만","2026-03-01 11:18:03.37"
"1361","구의로11길","일반도로","국지도로","소로","6m미만","2026-03-01 11:18:03.375"
"1362","구의로12길","일반도로","국지도로","소로","6m미만","2026-03-01 11:18:03.375"
"1363","구의로14길","일반도로","국지도로","소로","6m미만","2026-03-01 11:18:03.375"
"1364","구의로16길","일반도로","국지도로","소로","6m미만","2026-03-01 11:18:03.375"
"1365","구의로1길","일반도로","국지도로","소로","6m미만","2026-03-01 11:18:03.375"
"1366","구의로3길","일반도로","국지도로","소로","6m미만","2026-03-01 11:18:03.375"
"1367","구의로4길","일반도로","국지도로","소로","6m미만","2026-03-01 11:18:03.375"
"1368","구의로6길","일반도로","국지도로","소로","6m미만","2026-03-01 11:18:03.375"
"1369","구의로8길","일반도로","국지도로","소로","6m미만","2026-03-01 11:18:03.375"
"1370","구의로9길","일반도로","국지도로","소로","6m미만","2026-03-01 11:18:03.375"
"1371","구의선","일반도로","보조간선도로","대로3류","폭25-30m","2026-03-01 11:18:03.38"
"1372","구일로","일반도로","국지도로","소로1류","폭10-12m","2026-03-01 11:18:03.38"
"1373","구일로10길","일반도로","국지도로","중로1류","폭20-25m","2026-03-01 11:18:03.38"
"1374","구일로2길","일반도로","국지도로","소로1류","폭10-12m","2026-03-01 11:18:03.38"
"1375","구일로4길","일반도로","국지도로","중로2류","폭15-20m","2026-03-01 11:18:03.38"
"1376","구일로8길","일반도로","국지도로","중로2류","폭15-20m","2026-03-01 11:18:03.38"
"1377","구천면로","일반도로","국지도로","소로3류","폭6-8m","2026-03-01 11:18:03.381"
"1378","구천면로100길","일반도로","국지도로","소로3류","폭6-8m","2026-03-01 11:18:03.381"
"1379","구천면로11길","일반도로","국지도로","소로3류","폭6-8m","2026-03-01 11:18:03.381"
"1380","구천면로12길","일반도로","국지도로","소로","6m미만","2026-03-01 11:18:03.381"
"1381","구천면로13길","일반도로","국지도로","소로","6m미만","2026-03-01 11:18:03.386"
"1382","구천면로14길","일반도로","국지도로","소로","6m미만","2026-03-01 11:18:03.386"
"1383","구천면로15길","일반도로","국지도로","소로","6m미만","2026-03-01 11:18:03.386"
"1384","구천면로16길","일반도로","국지도로","소로","6m미만","2026-03-01 11:18:03.386"
"1385","구천면로17길","일반도로","국지도로","소로3류","폭6-8m","2026-03-01 11:18:03.386"
"1386","구천면로18길","일반도로","국지도로","소로","6m미만","2026-03-01 11:18:03.386"
"1387","구천면로21길","일반도로","국지도로","소로3류","폭6-8m","2026-03-01 11:18:03.386"
"1388","구천면로23길","일반도로","국지도로","소로3류","폭6-8m","2026-03-01 11:18:03.386"
"1389","구천면로24길","일반도로","국지도로","소로3류","폭6-8m","2026-03-01 11:18:03.386"
"1390","구천면로28길","일반도로","국지도로","소로","6m미만","2026-03-01 11:18:03.386"
"1391","구천면로29길","일반도로","국지도로","소로","6m미만","2026-03-01 11:18:03.391"
"1392","구천면로30길","일반도로","국지도로","소로","6m미만","2026-03-01 11:18:03.391"
"1393","구천면로31길","일반도로","국지도로","소로","6m미만","2026-03-01 11:18:03.391"
"1394","구천면로33길","일반도로","국지도로","소로","6m미만","2026-03-01 11:18:03.391"
"1395","구천면로34길","일반도로","국지도로","소로","6m미만","2026-03-01 11:18:03.391"
"1396","구천면로35길","일반도로","국지도로","소로","6m미만","2026-03-01 11:18:03.391"
"1397","구천면로36길","일반도로","국지도로","소로","6m미만","2026-03-01 11:18:03.391"
"1398","구천면로39길","일반도로","국지도로","소로","6m미만","2026-03-01 11:18:03.391"
"1399","구천면로40길","일반도로","국지도로","소로","6m미만","2026-03-01 11:18:03.391"
"1400","구천면로41길","일반도로","국지도로","소로","6m미만","2026-03-01 11:18:03.391"
"1401","구천면로42가길","일반도로","국지도로","소로","6m미만","2026-03-01 11:18:03.396"
"1402","구천면로42길","일반도로","국지도로","소로","6m미만","2026-03-01 11:18:03.396"
"1403","구천면로46길","일반도로","국지도로","소로","6m미만","2026-03-01 11:18:03.396"
"1404","구천면로47가길","일반도로","국지도로","소로","6m미만","2026-03-01 11:18:03.396"
"1405","구천면로47길","일반도로","국지도로","소로","6m미만","2026-03-01 11:18:03.396"
"1406","구천면로47나길","일반도로","국지도로","소로","6m미만","2026-03-01 11:18:03.396"
"1407","구천면로48길","일반도로","국지도로","소로","6m미만","2026-03-01 11:18:03.396"
"1408","구천면로50길","일반도로","국지도로","소로","6m미만","2026-03-01 11:18:03.396"
"1409","구천면로52길","일반도로","국지도로","소로","6m미만","2026-03-01 11:18:03.397"
"1410","구천면로53가길","일반도로","국지도로","소로","6m미만","2026-03-01 11:18:03.397"
"1411","구천면로53길","일반도로","국지도로","소로","6m미만","2026-03-01 11:18:03.402"
"1412","구천면로55길","일반도로","국지도로","소로","6m미만","2026-03-01 11:18:03.402"
"1413","구천면로57길","일반도로","국지도로","소로","6m미만","2026-03-01 11:18:03.402"
"1414","구천면로59길","일반도로","국지도로","소로","6m미만","2026-03-01 11:18:03.402"
"1415","구천면로60길","일반도로","국지도로","소로","6m미만","2026-03-01 11:18:03.402"
"1416","구천면로62가길","일반도로","국지도로","소로","6m미만","2026-03-01 11:18:03.402"
"1417","구천면로62길","일반도로","국지도로","소로","6m미만","2026-03-01 11:18:03.402"
"1418","구천면로64길","일반도로","국지도로","소로","6m미만","2026-03-01 11:18:03.402"
"1419","구천면로65길","일반도로","국지도로","소로2류","폭8-10m","2026-03-01 11:18:03.402"
"1420","구천면로68가길","일반도로","국지도로","소로","6m미만","2026-03-01 11:18:03.402"
"1421","구천면로68길","일반도로","국지도로","소로","6m미만","2026-03-01 11:18:03.407"
"1422","구천면로68나길","일반도로","국지도로","소로","6m미만","2026-03-01 11:18:03.407"
"1423","구천면로78길","일반도로","국지도로","소로","6m미만","2026-03-01 11:18:03.407"
"1424","구천면로80길","일반도로","국지도로","소로3류","폭6-8m","2026-03-01 11:18:03.407"
"1425","구천면로93길","일반도로","국지도로","중로2류","폭15-20m","2026-03-01 11:18:03.407"
"1426","구천면로98길","일반도로","국지도로","소로3류","폭6-8m","2026-03-01 11:18:03.407"
"1427","국사봉10길","일반도로","국지도로","소로","6m미만","2026-03-01 11:18:03.407"
"1428","국사봉12길","일반도로","국지도로","소로","6m미만","2026-03-01 11:18:03.407"
"1429","국사봉14길","일반도로","국지도로","소로","6m미만","2026-03-01 11:18:03.407"
"1430","국사봉16길","일반도로","국지도로","소로3류","폭6-8m","2026-03-01 11:18:03.407"
"1431","국사봉18길","일반도로","국지도로","소로","6m미만","2026-03-01 11:18:03.412"
"1432","국사봉1가길","일반도로","국지도로","소로","6m미만","2026-03-01 11:18:03.412"
"1433","국사봉1길","일반도로","국지도로","소로","6m미만","2026-03-01 11:18:03.412"
"1434","국사봉1나길","일반도로","국지도로","소로","6m미만","2026-03-01 11:18:03.412"
"1435","국사봉1다길","일반도로","국지도로","소로","6m미만","2026-03-01 11:18:03.412"
"1436","국사봉1라길","일반도로","국지도로","소로","6m미만","2026-03-01 11:18:03.412"
"1437","국사봉2가길","일반도로","국지도로","소로","6m미만","2026-03-01 11:18:03.412"
"1438","국사봉2길","일반도로","국지도로","소로","6m미만","2026-03-01 11:18:03.412"
"1439","국사봉2나길","일반도로","국지도로","소로","6m미만","2026-03-01 11:18:03.412"
"1440","국사봉2다길","일반도로","국지도로","소로","6m미만","2026-03-01 11:18:03.412"
"1441","국사봉2라길","일반도로","국지도로","소로3류","폭6-8m","2026-03-01 11:18:03.418"
"1442","국사봉2마길","일반도로","국지도로","소로","6m미만","2026-03-01 11:18:03.418"
"1443","국사봉2바길","일반도로","국지도로","소로1류","폭10-12m","2026-03-01 11:18:03.418"
"1444","국사봉3길","일반도로","국지도로","소로","6m미만","2026-03-01 11:18:03.418"
"1445","국사봉5길","일반도로","국지도로","소로","6m미만","2026-03-01 11:18:03.418"
"1446","국사봉6길","일반도로","국지도로","소로","6m미만","2026-03-01 11:18:03.418"
"1447","국사봉7길","일반도로","국지도로","소로","6m미만","2026-03-01 11:18:03.418"
"1448","국사봉8길","일반도로","국지도로","소로","6m미만","2026-03-01 11:18:03.418"
"1449","국사봉길","일반도로","국지도로","소로","6m미만","2026-03-01 11:18:03.418"
"1450","국제금융로","일반도로","국지도로","대로3류","폭25-30m","2026-03-01 11:18:03.418"
"1451","국제금융로2길","일반도로","국지도로","중로1류","폭20-25m","2026-03-01 11:18:03.424"
"1452","국제금융로6길","일반도로","국지도로","중로1류","폭20-25m","2026-03-01 11:18:03.424"
"1453","국제금융로7가길","일반도로","국지도로","소로3류","폭6-8m","2026-03-01 11:18:03.424"
"1454","국제금융로7길","일반도로","국지도로","중로1류","폭20-25m","2026-03-01 11:18:03.424"
"1455","국제금융로8길","일반도로","국지도로","중로2류","폭15-20m","2026-03-01 11:18:03.424"
"1456","국회단지10길","일반도로","국지도로","소로","6m미만","2026-03-01 11:18:03.424"
"1457","국회단지11길","일반도로","국지도로","소로","6m미만","2026-03-01 11:18:03.424"
"1458","국회단지12길","일반도로","국지도로","소로","6m미만","2026-03-01 11:18:03.424"
"1459","국회단지13길","일반도로","국지도로","소로","6m미만","2026-03-01 11:18:03.424"
"1460","국회단지14길","일반도로","국지도로","소로","6m미만","2026-03-01 11:18:03.424"
"1461","국회단지15길","일반도로","국지도로","소로","6m미만","2026-03-01 11:18:03.43"
"1462","국회단지16길","일반도로","국지도로","소로","6m미만","2026-03-01 11:18:03.43"
"1463","국회단지17길","일반도로","국지도로","소로","6m미만","2026-03-01 11:18:03.43"
"1464","국회단지18길","일반도로","국지도로","소로","6m미만","2026-03-01 11:18:03.43"
"1465","국회단지19길","일반도로","국지도로","소로","6m미만","2026-03-01 11:18:03.43"
"1466","국회단지20길","일반도로","국지도로","소로","6m미만","2026-03-01 11:18:03.43"
"1467","국회단지21길","일반도로","국지도로","소로","6m미만","2026-03-01 11:18:03.43"
"1468","국회단지22길","일반도로","국지도로","소로","6m미만","2026-03-01 11:18:03.43"
"1469","국회단지23길","일반도로","국지도로","소로","6m미만","2026-03-01 11:18:03.43"
"1470","국회단지25길","일반도로","국지도로","소로","6m미만","2026-03-01 11:18:03.43"
"1471","국회단지27길","일반도로","국지도로","소로","6m미만","2026-03-01 11:18:03.435"
"1472","국회단지2길","일반도로","국지도로","소로","6m미만","2026-03-01 11:18:03.435"
"1473","국회단지4길","일반도로","국지도로","소로","6m미만","2026-03-01 11:18:03.435"
"1474","국회단지5길","일반도로","국지도로","소로","6m미만","2026-03-01 11:18:03.435"
"1475","국회단지6길","일반도로","국지도로","소로","6m미만","2026-03-01 11:18:03.435"
"1476","국회단지7길","일반도로","국지도로","소로3류","폭6-8m","2026-03-01 11:18:03.435"
"1477","국회단지8길","일반도로","국지도로","소로","6m미만","2026-03-01 11:18:03.435"
"1478","국회단지9길","일반도로","국지도로","소로","6m미만","2026-03-01 11:18:03.435"
"1479","국회단지길","일반도로","국지도로","소로1류","폭10-12m","2026-03-01 11:18:03.435"
"1480","국회대로","일반도로","국지도로","소로","6m미만","2026-03-01 11:18:03.435"
"1481","국회대로10길","일반도로","국지도로","소로3류","폭6-8m","2026-03-01 11:18:03.44"
"1482","국회대로22길","일반도로","국지도로","소로3류","폭6-8m","2026-03-01 11:18:03.44"
"1483","국회대로28길","일반도로","국지도로","소로2류","폭8-10m","2026-03-01 11:18:03.44"
"1484","국회대로29길","일반도로","국지도로","소로3류","폭6-8m","2026-03-01 11:18:03.44"
"1485","국회대로30길","일반도로","국지도로","소로2류","폭8-10m","2026-03-01 11:18:03.44"
"1486","국회대로34길","일반도로","국지도로","소로","6m미만","2026-03-01 11:18:03.44"
"1487","국회대로36길","일반도로","국지도로","소로","6m미만","2026-03-01 11:18:03.44"
"1488","국회대로37길","일반도로","국지도로","소로","6m미만","2026-03-01 11:18:03.44"
"1489","국회대로38길","일반도로","국지도로","소로2류","폭8-10m","2026-03-01 11:18:03.44"
"1490","국회대로39길","일반도로","국지도로","소로","6m미만","2026-03-01 11:18:03.44"
"1491","국회대로44길","일반도로","국지도로","소로","6m미만","2026-03-01 11:18:03.445"
"1492","국회대로46길","일반도로","국지도로","소로3류","폭6-8m","2026-03-01 11:18:03.445"
"1493","국회대로50길","일반도로","국지도로","소로","6m미만","2026-03-01 11:18:03.445"
"1494","국회대로52길","일반도로","국지도로","소로3류","폭6-8m","2026-03-01 11:18:03.445"
"1495","국회대로53길","일반도로","국지도로","소로","6m미만","2026-03-01 11:18:03.445"
"1496","국회대로54길","일반도로","국지도로","소로","6m미만","2026-03-01 11:18:03.445"
"1497","국회대로55길","일반도로","국지도로","소로","6m미만","2026-03-01 11:18:03.445"
"1498","국회대로56길","일반도로","국지도로","소로","6m미만","2026-03-01 11:18:03.445"
"1499","국회대로62길","일반도로","국지도로","중로1류","폭20-25m","2026-03-01 11:18:03.445"
"1500","국회대로66길","일반도로","국지도로","소로1류","폭10-12m","2026-03-01 11:18:03.445"
"1501","국회대로68길","일반도로","국지도로","소로3류","폭6-8m","2026-03-01 11:18:03.451"
"1502","국회대로70길","일반도로","국지도로","소로1류","폭10-12m","2026-03-01 11:18:03.451"
"1503","국회대로72길","일반도로","국지도로","소로3류","폭6-8m","2026-03-01 11:18:03.451"
"1504","국회대로74길","일반도로","국지도로","소로1류","폭10-12m","2026-03-01 11:18:03.451"
"1505","국회대로76가길","일반도로","국지도로","소로3류","폭6-8m","2026-03-01 11:18:03.451"
"1506","국회대로76길","일반도로","국지도로","광로2류","폭50-70m","2026-03-01 11:18:03.451"
"1507","국회대로76나길","일반도로","국지도로","소로1류","폭10-12m","2026-03-01 11:18:03.451"
"1508","국회대로7길","일반도로","국지도로","소로3류","폭6-8m","2026-03-01 11:18:03.451"
"1509","국회대로8길","일반도로","국지도로","소로3류","폭6-8m","2026-03-01 11:18:03.451"
"1510","군자교동측지하도로","일반도로","국지도로","확인","불가","2026-03-01 11:18:03.451"
"1511","군자로","일반도로","국지도로","소로","6m미만","2026-03-01 11:18:03.456"
"1512","군자로10길","일반도로","국지도로","소로","6m미만","2026-03-01 11:18:03.456"
"1513","군자로11길","일반도로","국지도로","소로","6m미만","2026-03-01 11:18:03.456"
"1514","군자로12길","일반도로","국지도로","소로","6m미만","2026-03-01 11:18:03.456"
"1515","군자로13길","일반도로","국지도로","소로","6m미만","2026-03-01 11:18:03.456"
"1516","군자로15길","일반도로","국지도로","소로","6m미만","2026-03-01 11:18:03.456"
"1517","군자로17길","일반도로","국지도로","소로","6m미만","2026-03-01 11:18:03.456"
"1518","군자로2길","일반도로","국지도로","소로","6m미만","2026-03-01 11:18:03.456"
"1519","군자로3길","일반도로","국지도로","소로","6m미만","2026-03-01 11:18:03.456"
"1520","군자로4길","일반도로","국지도로","소로","6m미만","2026-03-01 11:18:03.456"
"1521","군자로5길","일반도로","국지도로","소로","6m미만","2026-03-01 11:18:03.462"
"1522","군자로6길","일반도로","국지도로","소로","6m미만","2026-03-01 11:18:03.462"
"1523","군자로7길","일반도로","국지도로","소로","6m미만","2026-03-01 11:18:03.462"
"1524","군자로9길","일반도로","국지도로","소로","6m미만","2026-03-01 11:18:03.462"
"1525","굴레방로","일반도로","국지도로","소로3류","폭6-8m","2026-03-01 11:18:03.462"
"1526","굴레방로1길","일반도로","국지도로","소로","6m미만","2026-03-01 11:18:03.462"
"1527","굴레방로3길","일반도로","국지도로","소로3류","폭6-8m","2026-03-01 11:18:03.462"
"1528","굴레방로5길","일반도로","국지도로","중로1류","폭20-25m","2026-03-01 11:18:03.462"
"1529","굴레방로7길","일반도로","국지도로","소로","6m미만","2026-03-01 11:18:03.462"
"1530","굴레방로9길","일반도로","국지도로","소로","6m미만","2026-03-01 11:18:03.462"
"1531","궁동~영등포선","일반도로","보조간선도로","대로3류","폭25-30m","2026-03-01 11:18:03.467"
"1532","금낭화로","일반도로","국지도로","소로2류","폭8-10m","2026-03-01 11:18:03.467"
"1533","금낭화로11길","일반도로","국지도로","소로","6m미만","2026-03-01 11:18:03.467"
"1534","금낭화로13길","일반도로","국지도로","소로2류","폭8-10m","2026-03-01 11:18:03.467"
"1535","금낭화로15길","일반도로","국지도로","소로","6m미만","2026-03-01 11:18:03.467"
"1536","금낭화로16길","일반도로","국지도로","소로","6m미만","2026-03-01 11:18:03.467"
"1537","금낭화로17길","일반도로","국지도로","소로2류","폭8-10m","2026-03-01 11:18:03.467"
"1538","금낭화로18길","일반도로","국지도로","소로1류","폭10-12m","2026-03-01 11:18:03.467"
"1539","금낭화로19길","일반도로","국지도로","소로1류","폭10-12m","2026-03-01 11:18:03.467"
"1540","금낭화로1길","일반도로","국지도로","소로","6m미만","2026-03-01 11:18:03.467"
"1541","금낭화로23길","일반도로","국지도로","중로1류","폭20-25m","2026-03-01 11:18:03.472"
"1542","금낭화로24가길","일반도로","국지도로","소로3류","폭6-8m","2026-03-01 11:18:03.472"
"1543","금낭화로24길","일반도로","국지도로","소로","6m미만","2026-03-01 11:18:03.472"
"1544","금낭화로24나길","일반도로","국지도로","소로","6m미만","2026-03-01 11:18:03.472"
"1545","금낭화로26가길","일반도로","국지도로","소로3류","폭6-8m","2026-03-01 11:18:03.472"
"1546","금낭화로26길","일반도로","국지도로","중로1류","폭20-25m","2026-03-01 11:18:03.472"
"1547","금낭화로3길","일반도로","국지도로","소로","6m미만","2026-03-01 11:18:03.472"
"1548","금낭화로5길","일반도로","국지도로","소로","6m미만","2026-03-01 11:18:03.472"
"1549","금낭화로6가길","일반도로","국지도로","소로","6m미만","2026-03-01 11:18:03.472"
"1550","금낭화로6길","일반도로","국지도로","소로","6m미만","2026-03-01 11:18:03.472"
"1551","금낭화로7길","일반도로","국지도로","소로","6m미만","2026-03-01 11:18:03.477"
"1552","금낭화로9길","일반도로","국지도로","소로","6m미만","2026-03-01 11:18:03.477"
"1553","금오로","일반도로","국지도로","확인","불가","2026-03-01 11:18:03.477"
"1554","금포로","일반도로","국지도로","소로1류","폭10-12m","2026-03-01 11:18:03.477"
"1555","금하로","일반도로","국지도로","소로","6m미만","2026-03-01 11:18:03.477"
"1556","금하로11길","일반도로","국지도로","소로","6m미만","2026-03-01 11:18:03.477"
"1557","금하로14길","일반도로","국지도로","소로","6m미만","2026-03-01 11:18:03.477"
"1558","금하로15길","일반도로","국지도로","소로","6m미만","2026-03-01 11:18:03.477"
"1559","금하로16길","일반도로","국지도로","소로3류","폭6-8m","2026-03-01 11:18:03.477"
"1560","금하로18길","일반도로","국지도로","소로","6m미만","2026-03-01 11:18:03.477"
"1561","금하로1가길","일반도로","국지도로","소로","6m미만","2026-03-01 11:18:03.485"
"1562","금하로1길","일반도로","국지도로","소로3류","폭6-8m","2026-03-01 11:18:03.485"
"1563","금하로1나길","일반도로","국지도로","소로3류","폭6-8m","2026-03-01 11:18:03.485"
"1564","금하로1다길","일반도로","국지도로","소로3류","폭6-8m","2026-03-01 11:18:03.485"
"1565","금하로1라길","일반도로","국지도로","소로3류","폭6-8m","2026-03-01 11:18:03.485"
"1566","금하로1마길","일반도로","국지도로","소로3류","폭6-8m","2026-03-01 11:18:03.485"
"1567","금하로20길","일반도로","국지도로","소로","6m미만","2026-03-01 11:18:03.485"
"1568","금하로21길","일반도로","국지도로","소로","6m미만","2026-03-01 11:18:03.485"
"1569","금하로23가길","일반도로","국지도로","소로","6m미만","2026-03-01 11:18:03.485"
"1570","금하로23길","일반도로","국지도로","소로3류","폭6-8m","2026-03-01 11:18:03.485"
"1571","금하로23나길","일반도로","국지도로","소로","6m미만","2026-03-01 11:18:03.491"
"1572","금하로23다길","일반도로","국지도로","소로","6m미만","2026-03-01 11:18:03.491"
"1573","금하로23라길","일반도로","국지도로","소로3류","폭6-8m","2026-03-01 11:18:03.491"
"1574","금하로24가길","일반도로","국지도로","소로","6m미만","2026-03-01 11:18:03.491"
"1575","금하로24길","일반도로","국지도로","소로","6m미만","2026-03-01 11:18:03.491"
"1576","금하로24나길","일반도로","국지도로","소로","6m미만","2026-03-01 11:18:03.491"
"1577","금하로24다길","일반도로","국지도로","소로","6m미만","2026-03-01 11:18:03.491"
"1578","금하로24라길","일반도로","국지도로","소로","6m미만","2026-03-01 11:18:03.491"
"1579","금하로25길","일반도로","국지도로","소로3류","폭6-8m","2026-03-01 11:18:03.491"
"1580","금하로28길","일반도로","국지도로","소로2류","폭8-10m","2026-03-01 11:18:03.491"
"1581","금하로29길","일반도로","국지도로","소로3류","폭6-8m","2026-03-01 11:18:03.496"
"1582","금하로30길","일반도로","국지도로","중로2류","폭15-20m","2026-03-01 11:18:03.496"
"1583","금하로3길","일반도로","국지도로","소로2류","폭8-10m","2026-03-01 11:18:03.496"
"1584","금하로527번길","일반도로","국지도로","소로1류","폭10-12m","2026-03-01 11:18:03.496"
"1585","금하로5길","일반도로","국지도로","소로","6m미만","2026-03-01 11:18:03.496"
"1586","금하로9길","일반도로","국지도로","소로","6m미만","2026-03-01 11:18:03.496"
"1587","금호~동소문선","일반도로","보조간선도로","중로1류","폭20-25m","2026-03-01 11:18:03.496"
"1588","금호~청구선","일반도로","보조간선도로","대로3류","폭25-30m","2026-03-01 11:18:03.496"
"1589","금호~행당선","일반도로","보조간선도로","중로1류","폭20-25m","2026-03-01 11:18:03.496"
"1590","금호로","일반도로","국지도로","소로","6m미만","2026-03-01 11:18:03.496"
"1591","금호로11길","일반도로","국지도로","소로","6m미만","2026-03-01 11:18:03.501"
"1592","금호로13길","일반도로","국지도로","소로2류","폭8-10m","2026-03-01 11:18:03.501"
"1593","금호로16길","일반도로","국지도로","소로","6m미만","2026-03-01 11:18:03.501"
"1594","금호로1길","일반도로","국지도로","소로3류","폭6-8m","2026-03-01 11:18:03.501"
"1595","금호로3가길","일반도로","국지도로","소로","6m미만","2026-03-01 11:18:03.501"
"1596","금호로3길","일반도로","국지도로","소로","6m미만","2026-03-01 11:18:03.501"
"1597","금호산10가길","일반도로","국지도로","소로","6m미만","2026-03-01 11:18:03.501"
"1598","금호산10길","일반도로","국지도로","소로","6m미만","2026-03-01 11:18:03.501"
"1599","금호산12길","일반도로","국지도로","소로","6m미만","2026-03-01 11:18:03.501"
"1600","금호산14길","일반도로","국지도로","소로","6m미만","2026-03-01 11:18:03.501"
"1601","금호산15가길","일반도로","국지도로","소로","6m미만","2026-03-01 11:18:03.506"
"1602","금호산15길","일반도로","국지도로","소로","6m미만","2026-03-01 11:18:03.506"
"1603","금호산17길","일반도로","국지도로","소로","6m미만","2026-03-01 11:18:03.506"
"1604","금호산2가길","일반도로","국지도로","소로","6m미만","2026-03-01 11:18:03.506"
"1605","금호산2길","일반도로","국지도로","소로","6m미만","2026-03-01 11:18:03.506"
"1606","금호산2나길","일반도로","국지도로","소로","6m미만","2026-03-01 11:18:03.506"
"1607","금호산4길","일반도로","국지도로","소로","6m미만","2026-03-01 11:18:03.506"
"1608","금호산6길","일반도로","국지도로","소로","6m미만","2026-03-01 11:18:03.506"
"1609","금호산8길","일반도로","국지도로","소로3류","폭6-8m","2026-03-01 11:18:03.506"
"1610","금호산9가길","일반도로","국지도로","소로","6m미만","2026-03-01 11:18:03.506"
"1611","금호산9길","일반도로","국지도로","소로","6m미만","2026-03-01 11:18:03.511"
"1612","금호산9나길","일반도로","국지도로","소로","6m미만","2026-03-01 11:18:03.511"
"1613","금호산길","일반도로","국지도로","소로","6m미만","2026-03-01 11:18:03.511"
"1614","기아로","일반도로","국지도로","중로1류","폭20-25m","2026-03-01 11:18:03.511"
"1615","긴고랑로","일반도로","국지도로","소로3류","폭6-8m","2026-03-01 11:18:03.511"
"1616","긴고랑로10길","일반도로","국지도로","소로","6m미만","2026-03-01 11:18:03.511"
"1617","긴고랑로11길","일반도로","국지도로","소로","6m미만","2026-03-01 11:18:03.511"
"1618","긴고랑로12길","일반도로","국지도로","소로","6m미만","2026-03-01 11:18:03.511"
"1619","긴고랑로13길","일반도로","국지도로","소로","6m미만","2026-03-01 11:18:03.511"
"1620","긴고랑로14길","일반도로","국지도로","소로","6m미만","2026-03-01 11:18:03.511"
"1621","긴고랑로15길","일반도로","국지도로","소로","6m미만","2026-03-01 11:18:03.516"
"1622","긴고랑로16길","일반도로","국지도로","소로","6m미만","2026-03-01 11:18:03.516"
"1623","긴고랑로17길","일반도로","국지도로","소로","6m미만","2026-03-01 11:18:03.516"
"1624","긴고랑로19길","일반도로","국지도로","소로","6m미만","2026-03-01 11:18:03.516"
"1625","긴고랑로1길","일반도로","국지도로","소로","6m미만","2026-03-01 11:18:03.516"
"1626","긴고랑로20길","일반도로","국지도로","소로","6m미만","2026-03-01 11:18:03.516"
"1627","긴고랑로22길","일반도로","국지도로","소로","6m미만","2026-03-01 11:18:03.516"
"1628","긴고랑로23길","일반도로","국지도로","소로","6m미만","2026-03-01 11:18:03.516"
"1629","긴고랑로25길","일반도로","국지도로","소로","6m미만","2026-03-01 11:18:03.516"
"1630","긴고랑로26길","일반도로","국지도로","소로","6m미만","2026-03-01 11:18:03.516"
"1631","긴고랑로27길","일반도로","국지도로","소로","6m미만","2026-03-01 11:18:03.522"
"1632","긴고랑로29길","일반도로","국지도로","소로","6m미만","2026-03-01 11:18:03.522"
"1633","긴고랑로2길","일반도로","국지도로","소로","6m미만","2026-03-01 11:18:03.522"
"1634","긴고랑로30길","일반도로","국지도로","소로","6m미만","2026-03-01 11:18:03.522"
"1635","긴고랑로31길","일반도로","국지도로","소로","6m미만","2026-03-01 11:18:03.522"
"1636","긴고랑로33길","일반도로","국지도로","소로","6m미만","2026-03-01 11:18:03.522"
"1637","긴고랑로35길","일반도로","국지도로","소로","6m미만","2026-03-01 11:18:03.522"
"1638","긴고랑로36길","일반도로","국지도로","소로","6m미만","2026-03-01 11:18:03.522"
"1639","긴고랑로37길","일반도로","국지도로","소로","6m미만","2026-03-01 11:18:03.522"
"1640","긴고랑로38길","일반도로","국지도로","소로","6m미만","2026-03-01 11:18:03.522"
"1641","긴고랑로39길","일반도로","국지도로","소로","6m미만","2026-03-01 11:18:03.527"
"1642","긴고랑로3길","일반도로","국지도로","소로","6m미만","2026-03-01 11:18:03.527"
"1643","긴고랑로40길","일반도로","국지도로","소로","6m미만","2026-03-01 11:18:03.527"
"1644","긴고랑로41길","일반도로","국지도로","소로","6m미만","2026-03-01 11:18:03.527"
"1645","긴고랑로42길","일반도로","국지도로","소로","6m미만","2026-03-01 11:18:03.527"
"1646","긴고랑로44길","일반도로","국지도로","소로","6m미만","2026-03-01 11:18:03.527"
"1647","긴고랑로45길","일반도로","국지도로","소로","6m미만","2026-03-01 11:18:03.527"
"1648","긴고랑로46가길","일반도로","국지도로","소로","6m미만","2026-03-01 11:18:03.527"
"1649","긴고랑로46길","일반도로","국지도로","소로","6m미만","2026-03-01 11:18:03.527"
"1650","긴고랑로46나길","일반도로","국지도로","소로","6m미만","2026-03-01 11:18:03.527"
"1651","긴고랑로47길","일반도로","국지도로","소로","6m미만","2026-03-01 11:18:03.532"
"1652","긴고랑로49길","일반도로","국지도로","소로","6m미만","2026-03-01 11:18:03.532"
"1653","긴고랑로4길","일반도로","국지도로","소로","6m미만","2026-03-01 11:18:03.532"
"1654","긴고랑로5길","일반도로","국지도로","소로","6m미만","2026-03-01 11:18:03.532"
"1655","긴고랑로6길","일반도로","국지도로","소로","6m미만","2026-03-01 11:18:03.532"
"1656","긴고랑로7길","일반도로","국지도로","소로","6m미만","2026-03-01 11:18:03.532"
"1657","긴고랑로8길","일반도로","국지도로","소로","6m미만","2026-03-01 11:18:03.532"
"1658","긴고랑로9길","일반도로","국지도로","소로","6m미만","2026-03-01 11:18:03.532"
"1659","길음로","일반도로","국지도로","중로1류","폭20-25m","2026-03-01 11:18:03.532"
"1660","길음로13길","일반도로","국지도로","중로2류","폭15-20m","2026-03-01 11:18:03.532"
"1661","길음로15가길","일반도로","국지도로","소로3류","폭6-8m","2026-03-01 11:18:03.537"
"1662","길음로15길","일반도로","국지도로","중로1류","폭20-25m","2026-03-01 11:18:03.537"
"1663","길음로7길","일반도로","국지도로","중로2류","폭15-20m","2026-03-01 11:18:03.537"
"1664","길음로9길","일반도로","국지도로","중로2류","폭15-20m","2026-03-01 11:18:03.537"
"1665","김상옥로","일반도로","국지도로","소로1류","폭10-12m","2026-03-01 11:18:03.537"
"1666","김포대로","일반도로","국지도로","중로2류","폭15-20m","2026-03-01 11:18:03.537"
"1667","까치산로","일반도로","국지도로","소로3류","폭6-8m","2026-03-01 11:18:03.537"
"1668","까치산로10길","일반도로","국지도로","소로","6m미만","2026-03-01 11:18:03.537"
"1669","까치산로11길","일반도로","국지도로","소로","6m미만","2026-03-01 11:18:03.537"
"1670","까치산로12길","일반도로","국지도로","소로","6m미만","2026-03-01 11:18:03.537"
"1671","까치산로14가길","일반도로","국지도로","소로","6m미만","2026-03-01 11:18:03.542"
"1672","까치산로14길","일반도로","국지도로","소로","6m미만","2026-03-01 11:18:03.542"
"1673","까치산로15길","일반도로","국지도로","소로3류","폭6-8m","2026-03-01 11:18:03.543"
"1674","까치산로16길","일반도로","국지도로","소로","6m미만","2026-03-01 11:18:03.543"
"1675","까치산로17길","일반도로","국지도로","소로3류","폭6-8m","2026-03-01 11:18:03.543"
"1676","까치산로18가길","일반도로","국지도로","소로","6m미만","2026-03-01 11:18:03.543"
"1677","까치산로18길","일반도로","국지도로","소로","6m미만","2026-03-01 11:18:03.543"
"1678","까치산로18나길","일반도로","국지도로","소로","6m미만","2026-03-01 11:18:03.543"
"1679","까치산로18다길","일반도로","국지도로","소로","6m미만","2026-03-01 11:18:03.543"
"1680","까치산로18라길","일반도로","국지도로","소로","6m미만","2026-03-01 11:18:03.543"
"1681","까치산로20가길","일반도로","국지도로","소로","6m미만","2026-03-01 11:18:03.548"
"1682","까치산로20길","일반도로","국지도로","소로","6m미만","2026-03-01 11:18:03.548"
"1683","까치산로22길","일반도로","국지도로","소로","6m미만","2026-03-01 11:18:03.548"
"1684","까치산로24가길","일반도로","국지도로","소로","6m미만","2026-03-01 11:18:03.548"
"1685","까치산로24길","일반도로","국지도로","소로","6m미만","2026-03-01 11:18:03.548"
"1686","까치산로26길","일반도로","국지도로","소로","6m미만","2026-03-01 11:18:03.548"
"1687","까치산로27길","일반도로","국지도로","소로3류","폭6-8m","2026-03-01 11:18:03.548"
"1688","까치산로28길","일반도로","국지도로","소로","6m미만","2026-03-01 11:18:03.548"
"1689","까치산로2길","일반도로","국지도로","소로","6m미만","2026-03-01 11:18:03.548"
"1690","까치산로4가길","일반도로","국지도로","소로","6m미만","2026-03-01 11:18:03.548"
"1691","까치산로4길","일반도로","국지도로","소로","6m미만","2026-03-01 11:18:03.553"
"1692","까치산로4나길","일반도로","국지도로","소로3류","폭6-8m","2026-03-01 11:18:03.553"
"1693","까치산로4다길","일반도로","국지도로","소로","6m미만","2026-03-01 11:18:03.553"
"1694","까치산로4라길","일반도로","국지도로","소로","6m미만","2026-03-01 11:18:03.553"
"1695","까치산로6길","일반도로","국지도로","소로","6m미만","2026-03-01 11:18:03.553"
"1696","까치산로8길","일반도로","국지도로","소로","6m미만","2026-03-01 11:18:03.553"
"1697","나루터로","일반도로","국지도로","소로1류","폭10-12m","2026-03-01 11:18:03.553"
"1698","나루터로10길","일반도로","국지도로","소로2류","폭8-10m","2026-03-01 11:18:03.553"
"1699","나루터로12길","일반도로","국지도로","소로","6m미만","2026-03-01 11:18:03.553"
"1700","나루터로15길","일반도로","국지도로","소로","6m미만","2026-03-01 11:18:03.553"
"1701","나루터로4길","일반도로","국지도로","중로2류","폭15-20m","2026-03-01 11:18:03.558"
"1702","나루터로8길","일반도로","국지도로","소로","6m미만","2026-03-01 11:18:03.558"
"1703","낙산1길","일반도로","국지도로","소로","6m미만","2026-03-01 11:18:03.558"
"1704","낙산2길","일반도로","국지도로","소로","6m미만","2026-03-01 11:18:03.558"
"1705","낙산3길","일반도로","국지도로","소로","6m미만","2026-03-01 11:18:03.558"
"1706","낙산4길","일반도로","국지도로","소로3류","폭6-8m","2026-03-01 11:18:03.558"
"1707","낙산5길","일반도로","국지도로","소로3류","폭6-8m","2026-03-01 11:18:03.558"
"1708","낙산길","일반도로","국지도로","소로","6m미만","2026-03-01 11:18:03.558"
"1709","낙산성곽1길","일반도로","국지도로","소로","6m미만","2026-03-01 11:18:03.558"
"1710","낙산성곽길","일반도로","국지도로","소로","6m미만","2026-03-01 11:18:03.558"
"1711","낙산성곽동길","일반도로","국지도로","소로","6m미만","2026-03-01 11:18:03.563"
"1712","낙산성곽서1길","일반도로","국지도로","소로","6m미만","2026-03-01 11:18:03.563"
"1713","낙산성곽서길","일반도로","국지도로","소로","6m미만","2026-03-01 11:18:03.563"
"1714","낙성대로","일반도로","국지도로","중로2류","폭15-20m","2026-03-01 11:18:03.563"
"1715","낙성대로15길","일반도로","국지도로","소로1류","폭10-12m","2026-03-01 11:18:03.563"
"1716","낙성대로3길","일반도로","국지도로","소로3류","폭6-8m","2026-03-01 11:18:03.563"
"1717","낙성대로4가길","일반도로","국지도로","소로","6m미만","2026-03-01 11:18:03.563"
"1718","낙성대로4길","일반도로","국지도로","소로","6m미만","2026-03-01 11:18:03.563"
"1719","낙성대역10길","일반도로","국지도로","소로","6m미만","2026-03-01 11:18:03.563"
"1720","낙성대역12길","일반도로","국지도로","소로","6m미만","2026-03-01 11:18:03.563"
"1721","낙성대역14가길","일반도로","국지도로","소로","6m미만","2026-03-01 11:18:03.568"
"1722","낙성대역14길","일반도로","국지도로","소로","6m미만","2026-03-01 11:18:03.568"
"1723","낙성대역16길","일반도로","국지도로","소로","6m미만","2026-03-01 11:18:03.568"
"1724","낙성대역18길","일반도로","국지도로","소로","6m미만","2026-03-01 11:18:03.568"
"1725","낙성대역3길","일반도로","국지도로","소로","6m미만","2026-03-01 11:18:03.568"
"1726","낙성대역4길","일반도로","국지도로","소로","6m미만","2026-03-01 11:18:03.568"
"1727","낙성대역6길","일반도로","국지도로","소로","6m미만","2026-03-01 11:18:03.568"
"1728","낙성대역8길","일반도로","국지도로","소로","6m미만","2026-03-01 11:18:03.568"
"1729","낙성대역길","일반도로","국지도로","소로3류","폭6-8m","2026-03-01 11:18:03.568"
"1730","난계로","일반도로","국지도로","소로","6m미만","2026-03-01 11:18:03.568"
"1731","난계로11길","일반도로","국지도로","소로","6m미만","2026-03-01 11:18:03.574"
"1732","난계로13길","일반도로","국지도로","소로","6m미만","2026-03-01 11:18:03.574"
"1733","난계로15길","일반도로","국지도로","소로","6m미만","2026-03-01 11:18:03.574"
"1734","난계로17길","일반도로","국지도로","소로","6m미만","2026-03-01 11:18:03.574"
"1735","난계로19길","일반도로","국지도로","소로","6m미만","2026-03-01 11:18:03.574"
"1736","난계로21길","일반도로","국지도로","소로","6m미만","2026-03-01 11:18:03.574"
"1737","난계로23길","일반도로","국지도로","소로","6m미만","2026-03-01 11:18:03.574"
"1738","난계로24길","일반도로","국지도로","중로2류","폭15-20m","2026-03-01 11:18:03.574"
"1739","난계로25길","일반도로","국지도로","소로","6m미만","2026-03-01 11:18:03.574"
"1740","난계로26길","일반도로","국지도로","소로3류","폭6-8m","2026-03-01 11:18:03.574"
"1741","난계로27길","일반도로","국지도로","소로","6m미만","2026-03-01 11:18:03.579"
"1742","난계로28길","일반도로","국지도로","소로","6m미만","2026-03-01 11:18:03.579"
"1743","난계로29가길","일반도로","국지도로","소로","6m미만","2026-03-01 11:18:03.579"
"1744","난계로29길","일반도로","국지도로","소로","6m미만","2026-03-01 11:18:03.579"
"1745","난계로30길","일반도로","국지도로","소로","6m미만","2026-03-01 11:18:03.579"
"1746","난계로4길","일반도로","국지도로","소로2류","폭8-10m","2026-03-01 11:18:03.579"
"1747","난계로6길","일반도로","국지도로","소로","6m미만","2026-03-01 11:18:03.579"
"1748","난곡로","일반도로","국지도로","소로","6m미만","2026-03-01 11:18:03.579"
"1749","난곡로10길","일반도로","국지도로","소로","6m미만","2026-03-01 11:18:03.579"
"1750","난곡로11가길","일반도로","국지도로","소로","6m미만","2026-03-01 11:18:03.579"
"1751","난곡로11길","일반도로","국지도로","소로","6m미만","2026-03-01 11:18:03.584"
"1752","난곡로12길","일반도로","국지도로","소로","6m미만","2026-03-01 11:18:03.584"
"1753","난곡로15길","일반도로","국지도로","소로","6m미만","2026-03-01 11:18:03.584"
"1754","난곡로16가길","일반도로","국지도로","소로","6m미만","2026-03-01 11:18:03.584"
"1755","난곡로16길","일반도로","국지도로","소로","6m미만","2026-03-01 11:18:03.584"
"1756","난곡로18길","일반도로","국지도로","소로","6m미만","2026-03-01 11:18:03.584"
"1757","난곡로20길","일반도로","국지도로","소로","6m미만","2026-03-01 11:18:03.584"
"1758","난곡로22길","일반도로","국지도로","소로","6m미만","2026-03-01 11:18:03.584"
"1759","난곡로24가길","일반도로","국지도로","소로","6m미만","2026-03-01 11:18:03.584"
"1760","난곡로24길","일반도로","국지도로","소로","6m미만","2026-03-01 11:18:03.584"
"1761","난곡로24나길","일반도로","국지도로","소로","6m미만","2026-03-01 11:18:03.59"
"1762","난곡로24다길","일반도로","국지도로","소로","6m미만","2026-03-01 11:18:03.59"
"1763","난곡로24라길","일반도로","국지도로","소로","6m미만","2026-03-01 11:18:03.59"
"1764","난곡로24마길","일반도로","국지도로","소로","6m미만","2026-03-01 11:18:03.59"
"1765","난곡로24바길","일반도로","국지도로","소로","6m미만","2026-03-01 11:18:03.59"
"1766","난곡로25가길","일반도로","국지도로","소로","6m미만","2026-03-01 11:18:03.59"
"1767","난곡로25길","일반도로","국지도로","소로","6m미만","2026-03-01 11:18:03.59"
"1768","난곡로26가길","일반도로","국지도로","소로","6m미만","2026-03-01 11:18:03.59"
"1769","난곡로26길","일반도로","국지도로","소로","6m미만","2026-03-01 11:18:03.59"
"1770","난곡로26나길","일반도로","국지도로","소로","6m미만","2026-03-01 11:18:03.59"
"1771","난곡로26다길","일반도로","국지도로","소로","6m미만","2026-03-01 11:18:03.595"
"1772","난곡로26라길","일반도로","국지도로","소로3류","폭6-8m","2026-03-01 11:18:03.595"
"1773","난곡로26마길","일반도로","국지도로","소로","6m미만","2026-03-01 11:18:03.595"
"1774","난곡로28길","일반도로","국지도로","소로","6m미만","2026-03-01 11:18:03.595"
"1775","난곡로30가길","일반도로","국지도로","소로","6m미만","2026-03-01 11:18:03.595"
"1776","난곡로30길","일반도로","국지도로","소로","6m미만","2026-03-01 11:18:03.595"
"1777","난곡로30나길","일반도로","국지도로","소로","6m미만","2026-03-01 11:18:03.595"
"1778","난곡로31길","일반도로","국지도로","소로","6m미만","2026-03-01 11:18:03.595"
"1779","난곡로32길","일반도로","국지도로","소로","6m미만","2026-03-01 11:18:03.595"
"1780","난곡로34가길","일반도로","국지도로","소로","6m미만","2026-03-01 11:18:03.595"
"1781","난곡로34길","일반도로","국지도로","소로","6m미만","2026-03-01 11:18:03.6"
"1782","난곡로34나길","일반도로","국지도로","소로","6m미만","2026-03-01 11:18:03.6"
"1783","난곡로34다길","일반도로","국지도로","소로","6m미만","2026-03-01 11:18:03.6"
"1784","난곡로35가길","일반도로","국지도로","소로","6m미만","2026-03-01 11:18:03.6"
"1785","난곡로35길","일반도로","국지도로","소로","6m미만","2026-03-01 11:18:03.6"
"1786","난곡로35나길","일반도로","국지도로","소로","6m미만","2026-03-01 11:18:03.6"
"1787","난곡로35다길","일반도로","국지도로","소로","6m미만","2026-03-01 11:18:03.6"
"1788","난곡로35라길","일반도로","국지도로","소로","6m미만","2026-03-01 11:18:03.6"
"1789","난곡로35마길","일반도로","국지도로","소로","6m미만","2026-03-01 11:18:03.6"
"1790","난곡로38길","일반도로","국지도로","소로","6m미만","2026-03-01 11:18:03.6"
"1791","난곡로39길","일반도로","국지도로","소로","6m미만","2026-03-01 11:18:03.604"
"1792","난곡로40길","일반도로","국지도로","소로3류","폭6-8m","2026-03-01 11:18:03.604"
"1793","난곡로41길","일반도로","국지도로","소로","6m미만","2026-03-01 11:18:03.604"
"1794","난곡로42길","일반도로","국지도로","소로","6m미만","2026-03-01 11:18:03.604"
"1795","난곡로43길","일반도로","국지도로","소로","6m미만","2026-03-01 11:18:03.604"
"1796","난곡로44길","일반도로","국지도로","소로","6m미만","2026-03-01 11:18:03.604"
"1797","난곡로45길","일반도로","국지도로","소로","6m미만","2026-03-01 11:18:03.604"
"1798","난곡로46길","일반도로","국지도로","소로","6m미만","2026-03-01 11:18:03.604"
"1799","난곡로47길","일반도로","국지도로","소로","6m미만","2026-03-01 11:18:03.604"
"1800","난곡로48길","일반도로","국지도로","소로","6m미만","2026-03-01 11:18:03.604"
"1801","난곡로49길","일반도로","국지도로","소로","6m미만","2026-03-01 11:18:03.609"
"1802","난곡로50길","일반도로","국지도로","소로","6m미만","2026-03-01 11:18:03.609"
"1803","난곡로51길","일반도로","국지도로","소로","6m미만","2026-03-01 11:18:03.609"
"1804","난곡로52길","일반도로","국지도로","소로3류","폭6-8m","2026-03-01 11:18:03.609"
"1805","난곡로53길","일반도로","국지도로","소로","6m미만","2026-03-01 11:18:03.609"
"1806","난곡로55길","일반도로","국지도로","소로","6m미만","2026-03-01 11:18:03.609"
"1807","난곡로57길","일반도로","국지도로","소로","6m미만","2026-03-01 11:18:03.609"
"1808","난곡로58길","일반도로","국지도로","소로","6m미만","2026-03-01 11:18:03.609"
"1809","난곡로59길","일반도로","국지도로","소로","6m미만","2026-03-01 11:18:03.609"
"1810","난곡로61길","일반도로","국지도로","소로","6m미만","2026-03-01 11:18:03.609"
"1811","난곡로63가길","일반도로","국지도로","소로","6m미만","2026-03-01 11:18:03.614"
"1812","난곡로63길","일반도로","국지도로","소로","6m미만","2026-03-01 11:18:03.614"
"1813","난곡로64가길","일반도로","국지도로","소로","6m미만","2026-03-01 11:18:03.614"
"1814","난곡로64길","일반도로","국지도로","소로","6m미만","2026-03-01 11:18:03.614"
"1815","난곡로65길","일반도로","국지도로","소로3류","폭6-8m","2026-03-01 11:18:03.614"
"1816","난곡로66가길","일반도로","국지도로","소로3류","폭6-8m","2026-03-01 11:18:03.614"
"1817","난곡로66길","일반도로","국지도로","소로3류","폭6-8m","2026-03-01 11:18:03.614"
"1818","난곡로72길","일반도로","국지도로","소로","6m미만","2026-03-01 11:18:03.614"
"1819","난곡로74길","일반도로","국지도로","소로","6m미만","2026-03-01 11:18:03.614"
"1820","난곡로75길","일반도로","국지도로","소로","6m미만","2026-03-01 11:18:03.614"
"1821","난곡로76길","일반도로","국지도로","소로","6m미만","2026-03-01 11:18:03.619"
"1822","난곡로77길","일반도로","국지도로","소로","6m미만","2026-03-01 11:18:03.619"
"1823","난곡로78길","일반도로","국지도로","소로","6m미만","2026-03-01 11:18:03.619"
"1824","난곡로9길","일반도로","국지도로","소로","6m미만","2026-03-01 11:18:03.619"
"1825","난우10가길","일반도로","국지도로","소로","6m미만","2026-03-01 11:18:03.619"
"1826","난우10길","일반도로","국지도로","소로","6m미만","2026-03-01 11:18:03.619"
"1827","난우12길","일반도로","국지도로","소로","6m미만","2026-03-01 11:18:03.619"
"1828","난우16길","일반도로","국지도로","소로","6m미만","2026-03-01 11:18:03.619"
"1829","난우2길","일반도로","국지도로","소로3류","폭6-8m","2026-03-01 11:18:03.619"
"1830","난우길","일반도로","국지도로","소로","6m미만","2026-03-01 11:18:03.619"
"1831","난향10길","일반도로","국지도로","소로","6m미만","2026-03-01 11:18:03.623"
"1832","난향12길","일반도로","국지도로","소로","6m미만","2026-03-01 11:18:03.623"
"1833","난향14길","일반도로","국지도로","소로","6m미만","2026-03-01 11:18:03.623"
"1834","난향15길","일반도로","국지도로","소로","6m미만","2026-03-01 11:18:03.623"
"1835","난향16길","일반도로","국지도로","소로3류","폭6-8m","2026-03-01 11:18:03.623"
"1836","난향2길","일반도로","국지도로","소로","6m미만","2026-03-01 11:18:03.623"
"1837","난향3길","일반도로","국지도로","소로3류","폭6-8m","2026-03-01 11:18:03.623"
"1838","난향5길","일반도로","국지도로","소로","6m미만","2026-03-01 11:18:03.623"
"1839","난향6길","일반도로","국지도로","소로3류","폭6-8m","2026-03-01 11:18:03.623"
"1840","난향7길","일반도로","국지도로","소로","6m미만","2026-03-01 11:18:03.623"
"1841","난향9길","일반도로","국지도로","소로","6m미만","2026-03-01 11:18:03.628"
"1842","난향길","일반도로","국지도로","소로","6m미만","2026-03-01 11:18:03.628"
"1843","남대문로","일반도로","국지도로","소로3류","폭6-8m","2026-03-01 11:18:03.628"
"1844","남대문로10길","일반도로","국지도로","소로3류","폭6-8m","2026-03-01 11:18:03.628"
"1845","남대문로1길","일반도로","국지도로","소로3류","폭6-8m","2026-03-01 11:18:03.628"
"1846","남대문로5길","일반도로","국지도로","소로","6m미만","2026-03-01 11:18:03.628"
"1847","남대문로7길","일반도로","국지도로","중로1류","폭20-25m","2026-03-01 11:18:03.628"
"1848","남대문로9길","일반도로","국지도로","소로2류","폭8-10m","2026-03-01 11:18:03.628"
"1849","남대문시장10길","일반도로","국지도로","소로2류","폭8-10m","2026-03-01 11:18:03.628"
"1850","남대문시장2가길","일반도로","국지도로","소로","6m미만","2026-03-01 11:18:03.628"
"1851","남대문시장2길","일반도로","국지도로","소로3류","폭6-8m","2026-03-01 11:18:03.633"
"1852","남대문시장4길","일반도로","국지도로","소로3류","폭6-8m","2026-03-01 11:18:03.633"
"1853","남대문시장6길","일반도로","국지도로","소로2류","폭8-10m","2026-03-01 11:18:03.633"
"1854","남대문시장8길","일반도로","국지도로","소로3류","폭6-8m","2026-03-01 11:18:03.633"
"1855","남대문시장길","일반도로","국지도로","소로3류","폭6-8m","2026-03-01 11:18:03.633"
"1856","남부순환로","일반도로","국지도로","소로","6m미만","2026-03-01 11:18:03.633"
"1857","남부순환로105가길","일반도로","국지도로","소로","6m미만","2026-03-01 11:18:03.633"
"1858","남부순환로105길","일반도로","국지도로","소로","6m미만","2026-03-01 11:18:03.633"
"1859","남부순환로105나길","일반도로","국지도로","소로","6m미만","2026-03-01 11:18:03.633"
"1860","남부순환로105다길","일반도로","국지도로","소로","6m미만","2026-03-01 11:18:03.633"
"1861","남부순환로105라길","일반도로","국지도로","소로","6m미만","2026-03-01 11:18:03.638"
"1862","남부순환로107가길","일반도로","국지도로","소로","6m미만","2026-03-01 11:18:03.638"
"1863","남부순환로107길","일반도로","국지도로","소로","6m미만","2026-03-01 11:18:03.638"
"1864","남부순환로108길","일반도로","국지도로","소로3류","폭6-8m","2026-03-01 11:18:03.638"
"1865","남부순환로110길","일반도로","국지도로","소로","6m미만","2026-03-01 11:18:03.638"
"1866","남부순환로112길","일반도로","국지도로","소로","6m미만","2026-03-01 11:18:03.638"
"1867","남부순환로11가길","일반도로","국지도로","소로3류","폭6-8m","2026-03-01 11:18:03.638"
"1868","남부순환로11길","일반도로","국지도로","소로3류","폭6-8m","2026-03-01 11:18:03.638"
"1869","남부순환로120길","일반도로","국지도로","소로3류","폭6-8m","2026-03-01 11:18:03.638"
"1870","남부순환로122길","일반도로","국지도로","소로","6m미만","2026-03-01 11:18:03.638"
"1871","남부순환로124길","일반도로","국지도로","소로","6m미만","2026-03-01 11:18:03.643"
"1872","남부순환로125길","일반도로","국지도로","소로2류","폭8-10m","2026-03-01 11:18:03.643"
"1873","남부순환로126가길","일반도로","국지도로","소로","6m미만","2026-03-01 11:18:03.643"
"1874","남부순환로126길","일반도로","국지도로","소로3류","폭6-8m","2026-03-01 11:18:03.643"
"1875","남부순환로128길","일반도로","국지도로","소로","6m미만","2026-03-01 11:18:03.643"
"1876","남부순환로130길","일반도로","국지도로","소로","6m미만","2026-03-01 11:18:03.643"
"1877","남부순환로131가길","일반도로","국지도로","소로","6m미만","2026-03-01 11:18:03.643"
"1878","남부순환로131길","일반도로","국지도로","소로","6m미만","2026-03-01 11:18:03.643"
"1879","남부순환로132길","일반도로","국지도로","소로","6m미만","2026-03-01 11:18:03.643"
"1880","남부순환로141가길","일반도로","국지도로","소로","6m미만","2026-03-01 11:18:03.643"
"1881","남부순환로141길","일반도로","국지도로","소로","6m미만","2026-03-01 11:18:03.648"
"1882","남부순환로142길","일반도로","국지도로","소로3류","폭6-8m","2026-03-01 11:18:03.648"
"1883","남부순환로143가길","일반도로","국지도로","소로3류","폭6-8m","2026-03-01 11:18:03.648"
"1884","남부순환로143길","일반도로","국지도로","소로2류","폭8-10m","2026-03-01 11:18:03.648"
"1885","남부순환로143나길","일반도로","국지도로","소로","6m미만","2026-03-01 11:18:03.648"
"1886","남부순환로144길","일반도로","국지도로","소로","6m미만","2026-03-01 11:18:03.648"
"1887","남부순환로145길","일반도로","국지도로","소로","6m미만","2026-03-01 11:18:03.648"
"1888","남부순환로149길","일반도로","국지도로","소로","6m미만","2026-03-01 11:18:03.648"
"1889","남부순환로151길","일반도로","국지도로","소로","6m미만","2026-03-01 11:18:03.648"
"1890","남부순환로152가길","일반도로","국지도로","소로","6m미만","2026-03-01 11:18:03.648"
"1891","남부순환로152길","일반도로","국지도로","소로3류","폭6-8m","2026-03-01 11:18:03.653"
"1892","남부순환로153길","일반도로","국지도로","소로","6m미만","2026-03-01 11:18:03.653"
"1893","남부순환로154길","일반도로","국지도로","소로","6m미만","2026-03-01 11:18:03.653"
"1894","남부순환로155길","일반도로","국지도로","소로","6m미만","2026-03-01 11:18:03.653"
"1895","남부순환로156길","일반도로","국지도로","소로","6m미만","2026-03-01 11:18:03.653"
"1896","남부순환로157길","일반도로","국지도로","소로","6m미만","2026-03-01 11:18:03.653"
"1897","남부순환로159길","일반도로","국지도로","소로","6m미만","2026-03-01 11:18:03.653"
"1898","남부순환로160길","일반도로","국지도로","소로","6m미만","2026-03-01 11:18:03.653"
"1899","남부순환로161가길","일반도로","국지도로","소로","6m미만","2026-03-01 11:18:03.653"
"1900","남부순환로161길","일반도로","국지도로","소로","6m미만","2026-03-01 11:18:03.653"
"1901","남부순환로161나길","일반도로","국지도로","소로","6m미만","2026-03-01 11:18:03.658"
"1902","남부순환로163가길","일반도로","국지도로","소로","6m미만","2026-03-01 11:18:03.658"
"1903","남부순환로163길","일반도로","국지도로","소로","6m미만","2026-03-01 11:18:03.658"
"1904","남부순환로163나길","일반도로","국지도로","소로","6m미만","2026-03-01 11:18:03.658"
"1905","남부순환로163다길","일반도로","국지도로","소로","6m미만","2026-03-01 11:18:03.658"
"1906","남부순환로164길","일반도로","국지도로","소로","6m미만","2026-03-01 11:18:03.658"
"1907","남부순환로165길","일반도로","국지도로","소로","6m미만","2026-03-01 11:18:03.658"
"1908","남부순환로166길","일반도로","국지도로","소로","6m미만","2026-03-01 11:18:03.658"
"1909","남부순환로167길","일반도로","국지도로","소로","6m미만","2026-03-01 11:18:03.658"
"1910","남부순환로168가길","일반도로","국지도로","소로","6m미만","2026-03-01 11:18:03.658"
"1911","남부순환로168길","일반도로","국지도로","소로","6m미만","2026-03-01 11:18:03.663"
"1912","남부순환로168나길","일반도로","국지도로","소로","6m미만","2026-03-01 11:18:03.663"
"1913","남부순환로168다길","일반도로","국지도로","소로","6m미만","2026-03-01 11:18:03.663"
"1914","남부순환로168라길","일반도로","국지도로","소로","6m미만","2026-03-01 11:18:03.663"
"1915","남부순환로170길","일반도로","국지도로","소로","6m미만","2026-03-01 11:18:03.663"
"1916","남부순환로172길","일반도로","국지도로","소로","6m미만","2026-03-01 11:18:03.663"
"1917","남부순환로176길","일반도로","국지도로","소로3류","폭6-8m","2026-03-01 11:18:03.663"
"1918","남부순환로17길","일반도로","국지도로","중로2류","폭15-20m","2026-03-01 11:18:03.663"
"1919","남부순환로180길","일반도로","국지도로","소로","6m미만","2026-03-01 11:18:03.663"
"1920","남부순환로181길","일반도로","국지도로","소로","6m미만","2026-03-01 11:18:03.663"
"1921","남부순환로182길","일반도로","국지도로","소로","6m미만","2026-03-01 11:18:03.668"
"1922","남부순환로184가길","일반도로","국지도로","소로","6m미만","2026-03-01 11:18:03.668"
"1923","남부순환로184길","일반도로","국지도로","소로","6m미만","2026-03-01 11:18:03.668"
"1924","남부순환로185길","일반도로","국지도로","소로","6m미만","2026-03-01 11:18:03.668"
"1925","남부순환로186가길","일반도로","국지도로","소로","6m미만","2026-03-01 11:18:03.668"
"1926","남부순환로186길","일반도로","국지도로","소로","6m미만","2026-03-01 11:18:03.668"
"1927","남부순환로187길","일반도로","국지도로","소로","6m미만","2026-03-01 11:18:03.668"
"1928","남부순환로188길","일반도로","국지도로","소로3류","폭6-8m","2026-03-01 11:18:03.668"
"1929","남부순환로190가길","일반도로","국지도로","소로","6m미만","2026-03-01 11:18:03.668"
"1930","남부순환로190길","일반도로","국지도로","소로","6m미만","2026-03-01 11:18:03.668"
"1931","남부순환로191가길","일반도로","국지도로","소로3류","폭6-8m","2026-03-01 11:18:03.673"
"1932","남부순환로191길","일반도로","국지도로","중로1류","폭20-25m","2026-03-01 11:18:03.673"
"1933","남부순환로192길","일반도로","국지도로","소로","6m미만","2026-03-01 11:18:03.673"
"1934","남부순환로194길","일반도로","국지도로","소로","6m미만","2026-03-01 11:18:03.673"
"1935","남부순환로196길","일반도로","국지도로","소로","6m미만","2026-03-01 11:18:03.673"
"1936","남부순환로198길","일반도로","국지도로","중로2류","폭15-20m","2026-03-01 11:18:03.673"
"1937","남부순환로19길","일반도로","국지도로","소로3류","폭6-8m","2026-03-01 11:18:03.673"
"1938","남부순환로200가길","일반도로","국지도로","소로","6m미만","2026-03-01 11:18:03.673"
"1939","남부순환로200길","일반도로","국지도로","소로","6m미만","2026-03-01 11:18:03.673"
"1940","남부순환로200나길","일반도로","국지도로","소로","6m미만","2026-03-01 11:18:03.673"
"1941","남부순환로200다길","일반도로","국지도로","소로","6m미만","2026-03-01 11:18:03.678"
"1942","남부순환로202길","일반도로","국지도로","소로","6m미만","2026-03-01 11:18:03.678"
"1943","남부순환로206길","일반도로","국지도로","소로","6m미만","2026-03-01 11:18:03.678"
"1944","남부순환로208길","일반도로","국지도로","소로","6m미만","2026-03-01 11:18:03.678"
"1945","남부순환로209길","일반도로","국지도로","소로","6m미만","2026-03-01 11:18:03.678"
"1946","남부순환로210길","일반도로","국지도로","소로","6m미만","2026-03-01 11:18:03.678"
"1947","남부순환로214길","일반도로","국지도로","소로3류","폭6-8m","2026-03-01 11:18:03.678"
"1948","남부순환로216길","일반도로","국지도로","소로","6m미만","2026-03-01 11:18:03.678"
"1949","남부순환로218길","일반도로","국지도로","소로3류","폭6-8m","2026-03-01 11:18:03.678"
"1950","남부순환로220길","일반도로","국지도로","소로3류","폭6-8m","2026-03-01 11:18:03.678"
"1951","남부순환로224길","일반도로","국지도로","소로3류","폭6-8m","2026-03-01 11:18:03.683"
"1952","남부순환로226길","일반도로","국지도로","소로","6m미만","2026-03-01 11:18:03.683"
"1953","남부순환로228길","일반도로","국지도로","소로","6m미만","2026-03-01 11:18:03.683"
"1954","남부순환로230길","일반도로","국지도로","소로3류","폭6-8m","2026-03-01 11:18:03.683"
"1955","남부순환로231길","일반도로","국지도로","소로","6m미만","2026-03-01 11:18:03.683"
"1956","남부순환로233길","일반도로","국지도로","소로","6m미만","2026-03-01 11:18:03.683"
"1957","남부순환로234길","일반도로","국지도로","소로","6m미만","2026-03-01 11:18:03.683"
"1958","남부순환로237길","일반도로","국지도로","소로","6m미만","2026-03-01 11:18:03.683"
"1959","남부순환로239길","일반도로","국지도로","소로","6m미만","2026-03-01 11:18:03.683"
"1960","남부순환로240길","일반도로","국지도로","소로3류","폭6-8m","2026-03-01 11:18:03.683"
"1961","남부순환로241길","일반도로","국지도로","소로","6m미만","2026-03-01 11:18:03.688"
"1962","남부순환로244가길","일반도로","국지도로","소로","6m미만","2026-03-01 11:18:03.688"
"1963","남부순환로244길","일반도로","국지도로","소로3류","폭6-8m","2026-03-01 11:18:03.688"
"1964","남부순환로245길","일반도로","국지도로","소로","6m미만","2026-03-01 11:18:03.688"
"1965","남부순환로246가길","일반도로","국지도로","소로3류","폭6-8m","2026-03-01 11:18:03.688"
"1966","남부순환로246길","일반도로","국지도로","소로","6m미만","2026-03-01 11:18:03.688"
"1967","남부순환로246나길","일반도로","국지도로","소로","6m미만","2026-03-01 11:18:03.688"
"1968","남부순환로246다길","일반도로","국지도로","소로","6m미만","2026-03-01 11:18:03.688"
"1969","남부순환로246라길","일반도로","국지도로","소로","6m미만","2026-03-01 11:18:03.688"
"1970","남부순환로247가길","일반도로","국지도로","소로","6m미만","2026-03-01 11:18:03.688"
"1971","남부순환로247길","일반도로","국지도로","소로","6m미만","2026-03-01 11:18:03.693"
"1972","남부순환로247나길","일반도로","국지도로","소로","6m미만","2026-03-01 11:18:03.693"
"1973","남부순환로247다길","일반도로","국지도로","소로","6m미만","2026-03-01 11:18:03.693"
"1974","남부순환로248길","일반도로","국지도로","소로","6m미만","2026-03-01 11:18:03.693"
"1975","남부순환로249길","일반도로","국지도로","소로","6m미만","2026-03-01 11:18:03.693"
"1976","남부순환로251길","일반도로","국지도로","소로","6m미만","2026-03-01 11:18:03.693"
"1977","남부순환로255가길","일반도로","국지도로","소로","6m미만","2026-03-01 11:18:03.693"
"1978","남부순환로255길","일반도로","국지도로","소로","6m미만","2026-03-01 11:18:03.693"
"1979","남부순환로255나길","일반도로","국지도로","소로","6m미만","2026-03-01 11:18:03.693"
"1980","남부순환로255다길","일반도로","국지도로","소로","6m미만","2026-03-01 11:18:03.693"
"1981","남부순환로255라길","일반도로","국지도로","소로","6m미만","2026-03-01 11:18:03.698"
"1982","남부순환로255마길","일반도로","국지도로","소로","6m미만","2026-03-01 11:18:03.698"
"1983","남부순환로255바길","일반도로","국지도로","소로","6m미만","2026-03-01 11:18:03.698"
"1984","남부순환로256가길","일반도로","국지도로","소로","6m미만","2026-03-01 11:18:03.698"
"1985","남부순환로256길","일반도로","국지도로","소로","6m미만","2026-03-01 11:18:03.698"
"1986","남부순환로256나길","일반도로","국지도로","소로","6m미만","2026-03-01 11:18:03.698"
"1987","남부순환로256다길","일반도로","국지도로","소로","6m미만","2026-03-01 11:18:03.698"
"1988","남부순환로256라길","일반도로","국지도로","소로3류","폭6-8m","2026-03-01 11:18:03.698"
"1989","남부순환로257가길","일반도로","국지도로","소로","6m미만","2026-03-01 11:18:03.698"
"1990","남부순환로257길","일반도로","국지도로","소로","6m미만","2026-03-01 11:18:03.698"
"1991","남부순환로259가길","일반도로","국지도로","소로","6m미만","2026-03-01 11:18:03.703"
"1992","남부순환로259길","일반도로","국지도로","소로","6m미만","2026-03-01 11:18:03.703"
"1993","남부순환로260가길","일반도로","국지도로","소로2류","폭8-10m","2026-03-01 11:18:03.703"
"1994","남부순환로260길","일반도로","국지도로","소로3류","폭6-8m","2026-03-01 11:18:03.703"
"1995","남부순환로261길","일반도로","국지도로","소로","6m미만","2026-03-01 11:18:03.703"
"1996","남부순환로262길","일반도로","국지도로","소로","6m미만","2026-03-01 11:18:03.703"
"1997","남부순환로263길","일반도로","국지도로","소로","6m미만","2026-03-01 11:18:03.703"
"1998","남부순환로265가길","일반도로","국지도로","소로","6m미만","2026-03-01 11:18:03.703"
"1999","남부순환로265길","일반도로","국지도로","소로","6m미만","2026-03-01 11:18:03.703"
"2000","남부순환로265나길","일반도로","국지도로","소로","6m미만","2026-03-01 11:18:03.703"
"2001","남부순환로266길","일반도로","국지도로","소로","6m미만","2026-03-01 11:18:03.708"
"2002","남부순환로267가길","일반도로","국지도로","소로","6m미만","2026-03-01 11:18:03.708"
"2003","남부순환로267길","일반도로","국지도로","소로","6m미만","2026-03-01 11:18:03.708"
"2004","남부순환로267나길","일반도로","국지도로","소로","6m미만","2026-03-01 11:18:03.708"
"2005","남부순환로269가길","일반도로","국지도로","소로","6m미만","2026-03-01 11:18:03.708"
"2006","남부순환로269길","일반도로","국지도로","소로","6m미만","2026-03-01 11:18:03.708"
"2007","남부순환로271가길","일반도로","국지도로","소로3류","폭6-8m","2026-03-01 11:18:03.708"
"2008","남부순환로271길","일반도로","국지도로","소로","6m미만","2026-03-01 11:18:03.708"
"2009","남부순환로272길","일반도로","국지도로","소로","6m미만","2026-03-01 11:18:03.708"
"2010","남부순환로27길","일반도로","국지도로","소로","6m미만","2026-03-01 11:18:03.708"
"2011","남부순환로287길","일반도로","국지도로","소로","6m미만","2026-03-01 11:18:03.713"
"2012","남부순환로289길","일반도로","국지도로","소로","6m미만","2026-03-01 11:18:03.713"
"2013","남부순환로291길","일반도로","국지도로","소로3류","폭6-8m","2026-03-01 11:18:03.713"
"2014","남부순환로292길","일반도로","국지도로","소로","6m미만","2026-03-01 11:18:03.713"
"2015","남부순환로293길","일반도로","국지도로","소로","6m미만","2026-03-01 11:18:03.713"
"2016","남부순환로294길","일반도로","국지도로","소로","6m미만","2026-03-01 11:18:03.713"
"2017","남부순환로295길","일반도로","국지도로","소로","6m미만","2026-03-01 11:18:03.713"
"2018","남부순환로296가길","일반도로","국지도로","소로","6m미만","2026-03-01 11:18:03.713"
"2019","남부순환로296길","일반도로","국지도로","소로3류","폭6-8m","2026-03-01 11:18:03.713"
"2020","남부순환로297가길","일반도로","국지도로","소로3류","폭6-8m","2026-03-01 11:18:03.713"
"2021","남부순환로297길","일반도로","국지도로","소로2류","폭8-10m","2026-03-01 11:18:03.718"
"2022","남부순환로297나길","일반도로","국지도로","소로3류","폭6-8m","2026-03-01 11:18:03.718"
"2023","남부순환로297다길","일반도로","국지도로","소로3류","폭6-8m","2026-03-01 11:18:03.718"
"2024","남부순환로297라길","일반도로","국지도로","소로","6m미만","2026-03-01 11:18:03.718"
"2025","남부순환로29길","일반도로","국지도로","소로3류","폭6-8m","2026-03-01 11:18:03.718"
"2026","남부순환로300길","일반도로","국지도로","소로","6m미만","2026-03-01 11:18:03.718"
"2027","남부순환로309길","일반도로","국지도로","소로3류","폭6-8m","2026-03-01 11:18:03.718"
"2028","남부순환로30길","일반도로","국지도로","소로3류","폭6-8m","2026-03-01 11:18:03.718"
"2029","남부순환로315길","일반도로","국지도로","소로","6m미만","2026-03-01 11:18:03.718"
"2030","남부순환로317길","일반도로","국지도로","소로3류","폭6-8m","2026-03-01 11:18:03.718"
"2031","남부순환로319길","일반도로","국지도로","소로","6m미만","2026-03-01 11:18:03.723"
"2032","남부순환로31길","일반도로","국지도로","소로","6m미만","2026-03-01 11:18:03.723"
"2033","남부순환로323길","일반도로","국지도로","소로","6m미만","2026-03-01 11:18:03.723"
"2034","남부순환로325길","일반도로","국지도로","소로1류","폭10-12m","2026-03-01 11:18:03.723"
"2035","남부순환로328길","일반도로","국지도로","소로1류","폭10-12m","2026-03-01 11:18:03.723"
"2036","남부순환로331길","일반도로","국지도로","소로","6m미만","2026-03-01 11:18:03.723"
"2037","남부순환로333길","일반도로","국지도로","소로3류","폭6-8m","2026-03-01 11:18:03.723"
"2038","남부순환로335길","일반도로","국지도로","소로3류","폭6-8m","2026-03-01 11:18:03.723"
"2039","남부순환로337가길","일반도로","국지도로","소로","6m미만","2026-03-01 11:18:03.723"
"2040","남부순환로337길","일반도로","국지도로","소로3류","폭6-8m","2026-03-01 11:18:03.723"
"2041","남부순환로339길","일반도로","국지도로","소로","6m미만","2026-03-01 11:18:03.728"
"2042","남부순환로33길","일반도로","국지도로","소로","6m미만","2026-03-01 11:18:03.728"
"2043","남부순환로340길","일반도로","국지도로","중로2류","폭15-20m","2026-03-01 11:18:03.728"
"2044","남부순환로342길","일반도로","국지도로","소로3류","폭6-8m","2026-03-01 11:18:03.728"
"2045","남부순환로344길","일반도로","국지도로","소로3류","폭6-8m","2026-03-01 11:18:03.728"
"2046","남부순환로346길","일반도로","국지도로","중로1류","폭20-25m","2026-03-01 11:18:03.728"
"2047","남부순환로347길","일반도로","국지도로","소로3류","폭6-8m","2026-03-01 11:18:03.728"
"2048","남부순환로348길","일반도로","국지도로","소로3류","폭6-8m","2026-03-01 11:18:03.728"
"2049","남부순환로350길","일반도로","국지도로","소로","6m미만","2026-03-01 11:18:03.728"
"2050","남부순환로351길","일반도로","국지도로","소로","6m미만","2026-03-01 11:18:03.728"
"2051","남부순환로354길","일반도로","국지도로","소로2류","폭8-10m","2026-03-01 11:18:03.733"
"2052","남부순환로355길","일반도로","국지도로","소로3류","폭6-8m","2026-03-01 11:18:03.733"
"2053","남부순환로356길","일반도로","국지도로","소로3류","폭6-8m","2026-03-01 11:18:03.733"
"2054","남부순환로358길","일반도로","국지도로","소로","6m미만","2026-03-01 11:18:03.733"
"2055","남부순환로359길","일반도로","국지도로","소로2류","폭8-10m","2026-03-01 11:18:03.733"
"2056","남부순환로35길","일반도로","국지도로","소로3류","폭6-8m","2026-03-01 11:18:03.733"
"2057","남부순환로361길","일반도로","국지도로","소로","6m미만","2026-03-01 11:18:03.733"
"2058","남부순환로363길","일반도로","국지도로","소로2류","폭8-10m","2026-03-01 11:18:03.733"
"2059","남부순환로364길","일반도로","국지도로","소로3류","폭6-8m","2026-03-01 11:18:03.733"
"2060","남부순환로365길","일반도로","국지도로","소로1류","폭10-12m","2026-03-01 11:18:03.733"
"2061","남부순환로36길","일반도로","국지도로","소로2류","폭8-10m","2026-03-01 11:18:03.738"
"2062","남부순환로370길","일반도로","국지도로","소로","6m미만","2026-03-01 11:18:03.738"
"2063","남부순환로373길","일반도로","국지도로","소로3류","폭6-8m","2026-03-01 11:18:03.738"
"2064","남부순환로375길","일반도로","국지도로","소로","6m미만","2026-03-01 11:18:03.738"
"2065","남부순환로377길","일반도로","국지도로","소로3류","폭6-8m","2026-03-01 11:18:03.738"
"2066","남부순환로378길","일반도로","국지도로","소로1류","폭10-12m","2026-03-01 11:18:03.738"
"2067","남부순환로379길","일반도로","국지도로","소로3류","폭6-8m","2026-03-01 11:18:03.738"
"2068","남부순환로381길","일반도로","국지도로","소로3류","폭6-8m","2026-03-01 11:18:03.738"
"2069","남부순환로38길","일반도로","국지도로","소로","6m미만","2026-03-01 11:18:03.738"
"2070","남부순환로391길","일반도로","국지도로","소로1류","폭10-12m","2026-03-01 11:18:03.738"
"2071","남부순환로394길","일반도로","국지도로","중로2류","폭15-20m","2026-03-01 11:18:03.743"
"2072","남부순환로395길","일반도로","국지도로","중로2류","폭15-20m","2026-03-01 11:18:03.743"
"2073","남부순환로397길","일반도로","국지도로","중로2류","폭15-20m","2026-03-01 11:18:03.743"
"2074","남부순환로3길","일반도로","국지도로","소로","6m미만","2026-03-01 11:18:03.743"
"2075","남부순환로40가길","일반도로","국지도로","소로","6m미만","2026-03-01 11:18:03.743"
"2076","남부순환로40길","일반도로","국지도로","소로","6m미만","2026-03-01 11:18:03.743"
"2077","남부순환로42길","일반도로","국지도로","소로","6m미만","2026-03-01 11:18:03.743"
"2078","남부순환로46길","일반도로","국지도로","소로","6m미만","2026-03-01 11:18:03.743"
"2079","남부순환로48길","일반도로","국지도로","소로","6m미만","2026-03-01 11:18:03.743"
"2080","남부순환로50길","일반도로","국지도로","소로","6m미만","2026-03-01 11:18:03.743"
"2081","남부순환로52길","일반도로","국지도로","소로","6m미만","2026-03-01 11:18:03.748"
"2082","남부순환로53길","일반도로","국지도로","소로","6m미만","2026-03-01 11:18:03.748"
"2083","남부순환로54길","일반도로","국지도로","소로","6m미만","2026-03-01 11:18:03.748"
"2084","남부순환로55길","일반도로","국지도로","소로","6m미만","2026-03-01 11:18:03.748"
"2085","남부순환로56가길","일반도로","국지도로","소로","6m미만","2026-03-01 11:18:03.748"
"2086","남부순환로56길","일반도로","국지도로","소로3류","폭6-8m","2026-03-01 11:18:03.748"
"2087","남부순환로57길","일반도로","국지도로","소로3류","폭6-8m","2026-03-01 11:18:03.748"
"2088","남부순환로58길","일반도로","국지도로","소로","6m미만","2026-03-01 11:18:03.748"
"2089","남부순환로59길","일반도로","국지도로","소로2류","폭8-10m","2026-03-01 11:18:03.748"
"2090","남부순환로5길","일반도로","국지도로","소로","6m미만","2026-03-01 11:18:03.748"
"2091","남부순환로60길","일반도로","국지도로","소로","6m미만","2026-03-01 11:18:03.753"
"2092","남부순환로61길","일반도로","국지도로","소로3류","폭6-8m","2026-03-01 11:18:03.753"
"2093","남부순환로62길","일반도로","국지도로","소로","6m미만","2026-03-01 11:18:03.753"
"2094","남부순환로63길","일반도로","국지도로","소로","6m미만","2026-03-01 11:18:03.753"
"2095","남부순환로64길","일반도로","국지도로","소로","6m미만","2026-03-01 11:18:03.753"
"2096","남부순환로65길","일반도로","국지도로","소로","6m미만","2026-03-01 11:18:03.753"
"2097","남부순환로66길","일반도로","국지도로","소로3류","폭6-8m","2026-03-01 11:18:03.753"
"2098","남부순환로67길","일반도로","국지도로","소로3류","폭6-8m","2026-03-01 11:18:03.753"
"2099","남부순환로69길","일반도로","국지도로","소로3류","폭6-8m","2026-03-01 11:18:03.753"
"2100","남부순환로70길","일반도로","국지도로","소로2류","폭8-10m","2026-03-01 11:18:03.753"
"2101","남부순환로71길","일반도로","국지도로","소로","6m미만","2026-03-01 11:18:03.758"
"2102","남부순환로72길","일반도로","국지도로","소로2류","폭8-10m","2026-03-01 11:18:03.758"
"2103","남부순환로73길","일반도로","국지도로","소로3류","폭6-8m","2026-03-01 11:18:03.758"
"2104","남부순환로74길","일반도로","국지도로","소로","6m미만","2026-03-01 11:18:03.758"
"2105","남부순환로75길","일반도로","국지도로","소로3류","폭6-8m","2026-03-01 11:18:03.758"
"2106","남부순환로77길","일반도로","국지도로","소로","6m미만","2026-03-01 11:18:03.758"
"2107","남부순환로79길","일반도로","국지도로","중로2류","폭15-20m","2026-03-01 11:18:03.758"
"2108","남부순환로7길","일반도로","국지도로","소로","6m미만","2026-03-01 11:18:03.758"
"2109","남부순환로80길","일반도로","국지도로","소로3류","폭6-8m","2026-03-01 11:18:03.758"
"2110","남부순환로82길","일반도로","국지도로","소로3류","폭6-8m","2026-03-01 11:18:03.758"
"2111","남부순환로83길","일반도로","국지도로","소로1류","폭10-12m","2026-03-01 11:18:03.763"
"2112","남부순환로85길","일반도로","국지도로","소로","6m미만","2026-03-01 11:18:03.763"
"2113","남부순환로86길","일반도로","국지도로","소로3류","폭6-8m","2026-03-01 11:18:03.763"
"2114","남부순환로88길","일반도로","국지도로","소로1류","폭10-12m","2026-03-01 11:18:03.763"
"2115","남부순환로95길","일반도로","국지도로","소로","6m미만","2026-03-01 11:18:03.763"
"2116","남부순환로97길","일반도로","국지도로","소로3류","폭6-8m","2026-03-01 11:18:03.763"
"2117","남부순환로9길","일반도로","국지도로","소로","6m미만","2026-03-01 11:18:03.763"
"2118","남부순환로~양천로","일반도로","보조간선도로","대로2류","폭30-35m","2026-03-01 11:18:03.763"
"2119","남산2호터널선","일반도로","보조간선도로","중로3류","폭12-15m","2026-03-01 11:18:03.763"
"2120","남산공원길","일반도로","국지도로","소로1류","폭10-12m","2026-03-01 11:18:03.763"
"2121","남창~남산선","일반도로","보조간선도로","중로1류","폭20-25m","2026-03-01 11:18:03.768"
"2122","남현12길","일반도로","국지도로","소로3류","폭6-8m","2026-03-01 11:18:03.768"
"2123","남현1가길","일반도로","국지도로","소로","6m미만","2026-03-01 11:18:03.768"
"2124","남현1길","일반도로","국지도로","소로","6m미만","2026-03-01 11:18:03.768"
"2125","남현2길","일반도로","국지도로","소로","6m미만","2026-03-01 11:18:03.768"
"2126","남현3가길","일반도로","국지도로","소로","6m미만","2026-03-01 11:18:03.768"
"2127","남현3길","일반도로","국지도로","소로","6m미만","2026-03-01 11:18:03.768"
"2128","남현4길","일반도로","국지도로","소로","6m미만","2026-03-01 11:18:03.768"
"2129","남현6길","일반도로","국지도로","소로","6m미만","2026-03-01 11:18:03.768"
"2130","남현7길","일반도로","국지도로","소로","6m미만","2026-03-01 11:18:03.768"
"2131","남현8길","일반도로","국지도로","소로","6m미만","2026-03-01 11:18:03.773"
"2132","남현길","일반도로","국지도로","소로3류","폭6-8m","2026-03-01 11:18:03.773"
"2133","내곡~월곡선","일반도로","주간선도로","광로3류","폭40-50m","2026-03-01 11:18:03.773"
"2134","내부순환도시고속도로","자동차전용도로","도시고속도로","대로3류","폭25-30m","2026-03-01 11:18:03.773"
"2135","내부순환로","일반도로","국지도로","확인","불가","2026-03-01 11:18:03.773"
"2136","노고산~창신선","일반도로","보조간선도로","대로2류","폭30-35m","2026-03-01 11:18:03.773"
"2137","노들로","일반도로","국지도로","소로3류","폭6-8m","2026-03-01 11:18:03.773"
"2138","노들로2길","일반도로","국지도로","소로2류","폭8-10m","2026-03-01 11:18:03.773"
"2139","노량진로","일반도로","국지도로","소로","6m미만","2026-03-01 11:18:03.773"
"2140","노량진로10가길","일반도로","국지도로","소로","6m미만","2026-03-01 11:18:03.773"
"2141","노량진로10길","일반도로","국지도로","소로","6m미만","2026-03-01 11:18:03.779"
"2142","노량진로12길","일반도로","국지도로","소로","6m미만","2026-03-01 11:18:03.779"
"2143","노량진로14가길","일반도로","국지도로","소로3류","폭6-8m","2026-03-01 11:18:03.779"
"2144","노량진로14길","일반도로","국지도로","소로","6m미만","2026-03-01 11:18:03.779"
"2145","노량진로14나길","일반도로","국지도로","소로","6m미만","2026-03-01 11:18:03.779"
"2146","노량진로14다길","일반도로","국지도로","소로","6m미만","2026-03-01 11:18:03.779"
"2147","노량진로16길","일반도로","국지도로","소로","6m미만","2026-03-01 11:18:03.779"
"2148","노량진로17길","일반도로","국지도로","소로2류","폭8-10m","2026-03-01 11:18:03.779"
"2149","노량진로18가길","일반도로","국지도로","소로","6m미만","2026-03-01 11:18:03.779"
"2150","노량진로18길","일반도로","국지도로","소로3류","폭6-8m","2026-03-01 11:18:03.779"
"2151","노량진로20길","일반도로","국지도로","소로","6m미만","2026-03-01 11:18:03.784"
"2152","노량진로22길","일반도로","국지도로","소로","6m미만","2026-03-01 11:18:03.784"
"2153","노량진로23가길","일반도로","국지도로","중로2류","폭15-20m","2026-03-01 11:18:03.784"
"2154","노량진로23길","일반도로","국지도로","중로1류","폭20-25m","2026-03-01 11:18:03.784"
"2155","노량진로24길","일반도로","국지도로","소로3류","폭6-8m","2026-03-01 11:18:03.784"
"2156","노량진로26길","일반도로","국지도로","소로","6m미만","2026-03-01 11:18:03.784"
"2157","노량진로28길","일반도로","국지도로","소로","6m미만","2026-03-01 11:18:03.784"
"2158","노량진로30가길","일반도로","국지도로","소로","6m미만","2026-03-01 11:18:03.784"
"2159","노량진로30길","일반도로","국지도로","소로","6m미만","2026-03-01 11:18:03.784"
"2160","노량진로32길","일반도로","국지도로","소로","6m미만","2026-03-01 11:18:03.784"
"2161","노량진로6가길","일반도로","국지도로","소로","6m미만","2026-03-01 11:18:03.789"
"2162","노량진로6길","일반도로","국지도로","소로","6m미만","2026-03-01 11:18:03.789"
"2163","노량진로6나길","일반도로","국지도로","소로","6m미만","2026-03-01 11:18:03.789"
"2164","노량진로6다길","일반도로","국지도로","소로","6m미만","2026-03-01 11:18:03.79"
"2165","노량진로6라길","일반도로","국지도로","소로","6m미만","2026-03-01 11:18:03.79"
"2166","노량진로6마길","일반도로","국지도로","소로","6m미만","2026-03-01 11:18:03.79"
"2167","노량진로8가길","일반도로","국지도로","소로","6m미만","2026-03-01 11:18:03.79"
"2168","노량진로8길","일반도로","국지도로","소로3류","폭6-8m","2026-03-01 11:18:03.79"
"2169","노량진로8나길","일반도로","국지도로","소로","6m미만","2026-03-01 11:18:03.79"
"2170","노량진로8다길","일반도로","국지도로","소로","6m미만","2026-03-01 11:18:03.79"
"2171","노원로","일반도로","국지도로","소로3류","폭6-8m","2026-03-01 11:18:03.799"
"2172","노원로11길","일반도로","국지도로","소로1류","폭10-12m","2026-03-01 11:18:03.799"
"2173","노원로14길","일반도로","국지도로","소로1류","폭10-12m","2026-03-01 11:18:03.799"
"2174","노원로15길","일반도로","국지도로","소로3류","폭6-8m","2026-03-01 11:18:03.799"
"2175","노원로16길","일반도로","국지도로","소로1류","폭10-12m","2026-03-01 11:18:03.799"
"2176","노원로17길","일반도로","국지도로","중로1류","폭20-25m","2026-03-01 11:18:03.799"
"2177","노원로18길","일반도로","국지도로","중로1류","폭20-25m","2026-03-01 11:18:03.799"
"2178","노원로19길","일반도로","국지도로","소로1류","폭10-12m","2026-03-01 11:18:03.799"
"2179","노원로1가길","일반도로","국지도로","중로1류","폭20-25m","2026-03-01 11:18:03.799"
"2180","노원로1길","일반도로","국지도로","소로3류","폭6-8m","2026-03-01 11:18:03.799"
"2181","노원로1나길","일반도로","국지도로","중로2류","폭15-20m","2026-03-01 11:18:03.805"
"2182","노원로1다길","일반도로","국지도로","소로","6m미만","2026-03-01 11:18:03.805"
"2183","노원로1라길","일반도로","국지도로","소로","6m미만","2026-03-01 11:18:03.805"
"2184","노원로1마길","일반도로","국지도로","소로","6m미만","2026-03-01 11:18:03.805"
"2185","노원로1바길","일반도로","국지도로","소로3류","폭6-8m","2026-03-01 11:18:03.805"
"2186","노원로20길","일반도로","국지도로","중로1류","폭20-25m","2026-03-01 11:18:03.805"
"2187","노원로22길","일반도로","국지도로","중로1류","폭20-25m","2026-03-01 11:18:03.805"
"2188","노원로24길","일반도로","국지도로","소로2류","폭8-10m","2026-03-01 11:18:03.805"
"2189","노원로26가길","일반도로","국지도로","소로","6m미만","2026-03-01 11:18:03.805"
"2190","노원로26길","일반도로","국지도로","중로1류","폭20-25m","2026-03-01 11:18:03.805"
"2191","노원로26나길","일반도로","국지도로","소로","6m미만","2026-03-01 11:18:03.811"
"2192","노원로28길","일반도로","국지도로","소로2류","폭8-10m","2026-03-01 11:18:03.811"
"2193","노원로30길","일반도로","국지도로","소로3류","폭6-8m","2026-03-01 11:18:03.811"
"2194","노원로32길","일반도로","국지도로","소로3류","폭6-8m","2026-03-01 11:18:03.811"
"2195","노원로34길","일반도로","국지도로","중로2류","폭15-20m","2026-03-01 11:18:03.811"
"2196","노원로38길","일반도로","국지도로","중로1류","폭20-25m","2026-03-01 11:18:03.811"
"2197","노원역~당고개역선","일반도로","보조간선도로","대로2류","폭30-35m","2026-03-01 11:18:03.811"
"2198","노유~중곡선","일반도로","보조간선도로","대로2류","폭30-35m","2026-03-01 11:18:03.811"
"2199","노해로","일반도로","국지도로","소로","6m미만","2026-03-01 11:18:03.811"
"2200","노해로11길","일반도로","국지도로","소로","6m미만","2026-03-01 11:18:03.811"
"2201","노해로13길","일반도로","국지도로","소로","6m미만","2026-03-01 11:18:03.816"
"2202","노해로14길","일반도로","국지도로","소로","6m미만","2026-03-01 11:18:03.816"
"2203","노해로15길","일반도로","국지도로","소로","6m미만","2026-03-01 11:18:03.816"
"2204","노해로17길","일반도로","국지도로","소로","6m미만","2026-03-01 11:18:03.816"
"2205","노해로19길","일반도로","국지도로","소로","6m미만","2026-03-01 11:18:03.816"
"2206","노해로21길","일반도로","국지도로","소로","6m미만","2026-03-01 11:18:03.816"
"2207","노해로22길","일반도로","국지도로","소로2류","폭8-10m","2026-03-01 11:18:03.816"
"2208","노해로23길","일반도로","국지도로","소로3류","폭6-8m","2026-03-01 11:18:03.816"
"2209","노해로25길","일반도로","국지도로","소로","6m미만","2026-03-01 11:18:03.816"
"2210","노해로26가길","일반도로","국지도로","소로","6m미만","2026-03-01 11:18:03.816"
"2211","노해로26길","일반도로","국지도로","소로","6m미만","2026-03-01 11:18:03.821"
"2212","노해로27길","일반도로","국지도로","소로","6m미만","2026-03-01 11:18:03.821"
"2213","노해로29길","일반도로","국지도로","소로","6m미만","2026-03-01 11:18:03.821"
"2214","노해로32길","일반도로","국지도로","소로","6m미만","2026-03-01 11:18:03.821"
"2215","노해로33가길","일반도로","국지도로","소로","6m미만","2026-03-01 11:18:03.821"
"2216","노해로33길","일반도로","국지도로","소로","6m미만","2026-03-01 11:18:03.821"
"2217","노해로33나길","일반도로","국지도로","소로","6m미만","2026-03-01 11:18:03.821"
"2218","노해로33다길","일반도로","국지도로","소로","6m미만","2026-03-01 11:18:03.821"
"2219","노해로35가길","일반도로","국지도로","소로","6m미만","2026-03-01 11:18:03.821"
"2220","노해로35길","일반도로","국지도로","소로","6m미만","2026-03-01 11:18:03.821"
"2221","노해로36길","일반도로","국지도로","소로","6m미만","2026-03-01 11:18:03.827"
"2222","노해로37길","일반도로","국지도로","소로","6m미만","2026-03-01 11:18:03.827"
"2223","노해로38길","일반도로","국지도로","소로","6m미만","2026-03-01 11:18:03.827"
"2224","노해로3길","일반도로","국지도로","소로","6m미만","2026-03-01 11:18:03.827"
"2225","노해로40길","일반도로","국지도로","소로3류","폭6-8m","2026-03-01 11:18:03.827"
"2226","노해로41가길","일반도로","국지도로","소로","6m미만","2026-03-01 11:18:03.827"
"2227","노해로41길","일반도로","국지도로","소로","6m미만","2026-03-01 11:18:03.827"
"2228","노해로41나길","일반도로","국지도로","소로","6m미만","2026-03-01 11:18:03.827"
"2229","노해로42길","일반도로","국지도로","소로","6m미만","2026-03-01 11:18:03.827"
"2230","노해로44길","일반도로","국지도로","소로","6m미만","2026-03-01 11:18:03.827"
"2231","노해로45길","일반도로","국지도로","소로","6m미만","2026-03-01 11:18:03.832"
"2232","노해로46길","일반도로","국지도로","소로","6m미만","2026-03-01 11:18:03.832"
"2233","노해로48길","일반도로","국지도로","소로","6m미만","2026-03-01 11:18:03.832"
"2234","노해로49길","일반도로","국지도로","소로","6m미만","2026-03-01 11:18:03.832"
"2235","노해로51길","일반도로","국지도로","소로","6m미만","2026-03-01 11:18:03.832"
"2236","노해로53길","일반도로","국지도로","소로3류","폭6-8m","2026-03-01 11:18:03.832"
"2237","노해로54길","일반도로","국지도로","소로","6m미만","2026-03-01 11:18:03.832"
"2238","노해로55길","일반도로","국지도로","소로3류","폭6-8m","2026-03-01 11:18:03.832"
"2239","노해로57길","일반도로","국지도로","소로","6m미만","2026-03-01 11:18:03.832"
"2240","노해로59길","일반도로","국지도로","소로","6m미만","2026-03-01 11:18:03.832"
"2241","노해로60가길","일반도로","국지도로","소로","6m미만","2026-03-01 11:18:03.837"
"2242","노해로60길","일반도로","국지도로","소로","6m미만","2026-03-01 11:18:03.837"
"2243","노해로61길","일반도로","국지도로","소로","6m미만","2026-03-01 11:18:03.837"
"2244","노해로62길","일반도로","국지도로","소로3류","폭6-8m","2026-03-01 11:18:03.837"
"2245","노해로63가길","일반도로","국지도로","소로2류","폭8-10m","2026-03-01 11:18:03.837"
"2246","노해로63길","일반도로","국지도로","소로3류","폭6-8m","2026-03-01 11:18:03.837"
"2247","노해로63나길","일반도로","국지도로","소로","6m미만","2026-03-01 11:18:03.837"
"2248","노해로63다길","일반도로","국지도로","소로","6m미만","2026-03-01 11:18:03.837"
"2249","노해로65길","일반도로","국지도로","소로3류","폭6-8m","2026-03-01 11:18:03.837"
"2250","노해로66길","일반도로","국지도로","소로3류","폭6-8m","2026-03-01 11:18:03.837"
"2251","노해로67길","일반도로","국지도로","확인","불가","2026-03-01 11:18:03.842"
"2252","노해로69가길","일반도로","국지도로","소로1류","폭10-12m","2026-03-01 11:18:03.842"
"2253","노해로69길","일반도로","국지도로","중로1류","폭20-25m","2026-03-01 11:18:03.842"
"2254","노해로70길","일반도로","국지도로","중로1류","폭20-25m","2026-03-01 11:18:03.842"
"2255","노해로75길","일반도로","국지도로","소로2류","폭8-10m","2026-03-01 11:18:03.842"
"2256","노해로77길","일반도로","국지도로","중로2류","폭15-20m","2026-03-01 11:18:03.842"
"2257","노해로79길","일반도로","국지도로","소로1류","폭10-12m","2026-03-01 11:18:03.842"
"2258","노해로7가길","일반도로","국지도로","소로","6m미만","2026-03-01 11:18:03.842"
"2259","노해로7길","일반도로","국지도로","소로","6m미만","2026-03-01 11:18:03.842"
"2260","노해로81길","일반도로","국지도로","소로2류","폭8-10m","2026-03-01 11:18:03.842"
"2261","노해로83길","일반도로","국지도로","소로3류","폭6-8m","2026-03-01 11:18:03.847"
"2262","노해로85길","일반도로","국지도로","소로3류","폭6-8m","2026-03-01 11:18:03.847"
"2263","노해로8가길","일반도로","국지도로","소로","6m미만","2026-03-01 11:18:03.848"
"2264","노해로8길","일반도로","국지도로","소로","6m미만","2026-03-01 11:18:03.848"
"2265","노해로9가길","일반도로","국지도로","소로","6m미만","2026-03-01 11:18:03.848"
"2266","노해로9길","일반도로","국지도로","소로","6m미만","2026-03-01 11:18:03.848"
"2267","노해로9나길","일반도로","국지도로","소로","6m미만","2026-03-01 11:18:03.848"
"2268","녹번로","일반도로","국지도로","소로","6m미만","2026-03-01 11:18:03.848"
"2269","녹번로1길","일반도로","국지도로","소로","6m미만","2026-03-01 11:18:03.848"
"2270","녹번로3가길","일반도로","국지도로","소로","6m미만","2026-03-01 11:18:03.848"
"2271","녹번로3길","일반도로","국지도로","소로","6m미만","2026-03-01 11:18:03.853"
"2272","녹번로4길","일반도로","국지도로","소로","6m미만","2026-03-01 11:18:03.853"
"2273","녹번로6가길","일반도로","국지도로","소로","6m미만","2026-03-01 11:18:03.853"
"2274","녹번로6길","일반도로","국지도로","소로","6m미만","2026-03-01 11:18:03.853"
"2275","녹번로7길","일반도로","국지도로","소로","6m미만","2026-03-01 11:18:03.853"
"2276","녹번로9길","일반도로","국지도로","소로","6m미만","2026-03-01 11:18:03.853"
"2277","녹사평대로","일반도로","국지도로","소로3류","폭6-8m","2026-03-01 11:18:03.853"
"2278","녹사평대로11가길","일반도로","국지도로","소로","6m미만","2026-03-01 11:18:03.853"
"2279","녹사평대로11길","일반도로","국지도로","소로","6m미만","2026-03-01 11:18:03.853"
"2280","녹사평대로14길","일반도로","국지도로","소로","6m미만","2026-03-01 11:18:03.853"
"2281","녹사평대로26가길","일반도로","국지도로","소로","6m미만","2026-03-01 11:18:03.858"
"2282","녹사평대로26길","일반도로","국지도로","소로","6m미만","2026-03-01 11:18:03.858"
"2283","녹사평대로26나길","일반도로","국지도로","소로","6m미만","2026-03-01 11:18:03.858"
"2284","녹사평대로32길","일반도로","국지도로","소로","6m미만","2026-03-01 11:18:03.858"
"2285","녹사평대로40가길","일반도로","국지도로","소로","6m미만","2026-03-01 11:18:03.858"
"2286","녹사평대로40길","일반도로","국지도로","소로","6m미만","2026-03-01 11:18:03.858"
"2287","녹사평대로40나길","일반도로","국지도로","소로","6m미만","2026-03-01 11:18:03.858"
"2288","녹사평대로40다길","일반도로","국지도로","소로","6m미만","2026-03-01 11:18:03.858"
"2289","녹사평대로42길","일반도로","국지도로","소로","6m미만","2026-03-01 11:18:03.858"
"2290","녹사평대로46가길","일반도로","국지도로","소로","6m미만","2026-03-01 11:18:03.858"
"2291","녹사평대로46길","일반도로","국지도로","소로","6m미만","2026-03-01 11:18:03.863"
"2292","녹사평대로52길","일반도로","국지도로","소로","6m미만","2026-03-01 11:18:03.863"
"2293","녹사평대로54길","일반도로","국지도로","소로","6m미만","2026-03-01 11:18:03.863"
"2294","녹사평대로58길","일반도로","국지도로","소로","6m미만","2026-03-01 11:18:03.863"
"2295","녹사평대로60길","일반도로","국지도로","소로3류","폭6-8m","2026-03-01 11:18:03.863"
"2296","논현로","일반도로","국지도로","소로","6m미만","2026-03-01 11:18:03.863"
"2297","논현로101길","일반도로","국지도로","소로","6m미만","2026-03-01 11:18:03.863"
"2298","논현로102길","일반도로","국지도로","소로","6m미만","2026-03-01 11:18:03.863"
"2299","논현로104길","일반도로","국지도로","소로","6m미만","2026-03-01 11:18:03.863"
"2300","논현로105길","일반도로","국지도로","소로3류","폭6-8m","2026-03-01 11:18:03.863"
"2301","논현로106길","일반도로","국지도로","소로","6m미만","2026-03-01 11:18:03.868"
"2302","논현로10길","일반도로","국지도로","중로1류","폭20-25m","2026-03-01 11:18:03.868"
"2303","논현로111길","일반도로","국지도로","소로","6m미만","2026-03-01 11:18:03.868"
"2304","논현로113길","일반도로","국지도로","소로3류","폭6-8m","2026-03-01 11:18:03.868"
"2305","논현로114길","일반도로","국지도로","소로","6m미만","2026-03-01 11:18:03.868"
"2306","논현로115길","일반도로","국지도로","소로","6m미만","2026-03-01 11:18:03.868"
"2307","논현로116길","일반도로","국지도로","소로","6m미만","2026-03-01 11:18:03.868"
"2308","논현로117길","일반도로","국지도로","소로","6m미만","2026-03-01 11:18:03.868"
"2309","논현로118길","일반도로","국지도로","소로","6m미만","2026-03-01 11:18:03.868"
"2310","논현로119길","일반도로","국지도로","소로","6m미만","2026-03-01 11:18:03.868"
"2311","논현로11길","일반도로","국지도로","소로3류","폭6-8m","2026-03-01 11:18:03.873"
"2312","논현로120길","일반도로","국지도로","소로","6m미만","2026-03-01 11:18:03.874"
"2313","논현로121길","일반도로","국지도로","소로","6m미만","2026-03-01 11:18:03.874"
"2314","논현로122길","일반도로","국지도로","소로","6m미만","2026-03-01 11:18:03.874"
"2315","논현로123길","일반도로","국지도로","소로","6m미만","2026-03-01 11:18:03.874"
"2316","논현로124길","일반도로","국지도로","소로","6m미만","2026-03-01 11:18:03.874"
"2317","논현로126길","일반도로","국지도로","소로","6m미만","2026-03-01 11:18:03.874"
"2318","논현로127길","일반도로","국지도로","소로2류","폭8-10m","2026-03-01 11:18:03.874"
"2319","논현로128길","일반도로","국지도로","소로1류","폭10-12m","2026-03-01 11:18:03.874"
"2320","논현로12길","일반도로","국지도로","소로3류","폭6-8m","2026-03-01 11:18:03.874"
"2321","논현로131길","일반도로","국지도로","소로","6m미만","2026-03-01 11:18:03.879"
"2322","논현로132길","일반도로","국지도로","소로2류","폭8-10m","2026-03-01 11:18:03.879"
"2323","논현로133길","일반도로","국지도로","소로","6m미만","2026-03-01 11:18:03.879"
"2324","논현로134길","일반도로","국지도로","소로","6m미만","2026-03-01 11:18:03.879"
"2325","논현로135길","일반도로","국지도로","소로","6m미만","2026-03-01 11:18:03.879"
"2326","논현로136길","일반도로","국지도로","소로","6m미만","2026-03-01 11:18:03.879"
"2327","논현로138길","일반도로","국지도로","소로","6m미만","2026-03-01 11:18:03.879"
"2328","논현로139길","일반도로","국지도로","소로","6m미만","2026-03-01 11:18:03.879"
"2329","논현로13길","일반도로","국지도로","소로1류","폭10-12m","2026-03-01 11:18:03.879"
"2330","논현로140길","일반도로","국지도로","소로","6m미만","2026-03-01 11:18:03.879"
"2331","논현로142길","일반도로","국지도로","소로","6m미만","2026-03-01 11:18:03.884"
"2332","논현로145길","일반도로","국지도로","소로","6m미만","2026-03-01 11:18:03.884"
"2333","논현로146길","일반도로","국지도로","소로","6m미만","2026-03-01 11:18:03.884"
"2334","논현로149길","일반도로","국지도로","소로","6m미만","2026-03-01 11:18:03.884"
"2335","논현로14길","일반도로","국지도로","소로2류","폭8-10m","2026-03-01 11:18:03.884"
"2336","논현로150길","일반도로","국지도로","소로2류","폭8-10m","2026-03-01 11:18:03.884"
"2337","논현로151길","일반도로","국지도로","소로3류","폭6-8m","2026-03-01 11:18:03.884"
"2338","논현로152길","일반도로","국지도로","소로1류","폭10-12m","2026-03-01 11:18:03.884"
"2339","논현로153길","일반도로","국지도로","소로","6m미만","2026-03-01 11:18:03.884"
"2340","논현로154길","일반도로","국지도로","소로","6m미만","2026-03-01 11:18:03.884"
"2341","논현로155길","일반도로","국지도로","소로","6m미만","2026-03-01 11:18:03.889"
"2342","논현로157길","일반도로","국지도로","소로","6m미만","2026-03-01 11:18:03.889"
"2343","논현로158길","일반도로","국지도로","소로","6m미만","2026-03-01 11:18:03.889"
"2344","논현로159길","일반도로","국지도로","소로","6m미만","2026-03-01 11:18:03.889"
"2345","논현로160길","일반도로","국지도로","소로","6m미만","2026-03-01 11:18:03.889"
"2346","논현로161길","일반도로","국지도로","소로3류","폭6-8m","2026-03-01 11:18:03.889"
"2347","논현로163길","일반도로","국지도로","소로3류","폭6-8m","2026-03-01 11:18:03.889"
"2348","논현로164길","일반도로","국지도로","소로","6m미만","2026-03-01 11:18:03.889"
"2349","논현로167길","일반도로","국지도로","소로2류","폭8-10m","2026-03-01 11:18:03.889"
"2350","논현로168길","일반도로","국지도로","소로2류","폭8-10m","2026-03-01 11:18:03.889"
"2351","논현로16길","일반도로","국지도로","소로2류","폭8-10m","2026-03-01 11:18:03.894"
"2352","논현로171길","일반도로","국지도로","소로","6m미만","2026-03-01 11:18:03.894"
"2353","논현로172길","일반도로","국지도로","소로","6m미만","2026-03-01 11:18:03.894"
"2354","논현로175길","일반도로","국지도로","소로3류","폭6-8m","2026-03-01 11:18:03.894"
"2355","논현로176길","일반도로","국지도로","소로3류","폭6-8m","2026-03-01 11:18:03.894"
"2356","논현로17길","일반도로","국지도로","소로3류","폭6-8m","2026-03-01 11:18:03.894"
"2357","논현로189길","일반도로","국지도로","중로2류","폭15-20m","2026-03-01 11:18:03.894"
"2358","논현로18길","일반도로","국지도로","소로3류","폭6-8m","2026-03-01 11:18:03.894"
"2359","논현로190길","일반도로","국지도로","중로2류","폭15-20m","2026-03-01 11:18:03.894"
"2360","논현로19길","일반도로","국지도로","소로1류","폭10-12m","2026-03-01 11:18:03.894"
"2361","논현로1길","일반도로","국지도로","소로","6m미만","2026-03-01 11:18:03.899"
"2362","논현로20길","일반도로","국지도로","소로","6m미만","2026-03-01 11:18:03.899"
"2363","논현로22길","일반도로","국지도로","중로2류","폭15-20m","2026-03-01 11:18:03.899"
"2364","논현로24길","일반도로","국지도로","소로","6m미만","2026-03-01 11:18:03.899"
"2365","논현로26길","일반도로","국지도로","소로3류","폭6-8m","2026-03-01 11:18:03.899"
"2366","논현로27길","일반도로","국지도로","소로","6m미만","2026-03-01 11:18:03.899"
"2367","논현로28길","일반도로","국지도로","대로3류","폭25-30m","2026-03-01 11:18:03.899"
"2368","논현로2길","일반도로","국지도로","소로","6m미만","2026-03-01 11:18:03.899"
"2369","논현로30길","일반도로","국지도로","소로3류","폭6-8m","2026-03-01 11:18:03.899"
"2370","논현로31길","일반도로","국지도로","소로3류","폭6-8m","2026-03-01 11:18:03.899"
"2371","논현로32길","일반도로","국지도로","소로","6m미만","2026-03-01 11:18:03.904"
"2372","논현로34길","일반도로","국지도로","소로","6m미만","2026-03-01 11:18:03.904"
"2373","논현로36길","일반도로","국지도로","소로3류","폭6-8m","2026-03-01 11:18:03.904"
"2374","논현로38길","일반도로","국지도로","소로3류","폭6-8m","2026-03-01 11:18:03.904"
"2375","논현로41길","일반도로","국지도로","소로2류","폭8-10m","2026-03-01 11:18:03.904"
"2376","논현로47길","일반도로","국지도로","소로2류","폭8-10m","2026-03-01 11:18:03.904"
"2377","논현로4길","일반도로","국지도로","소로2류","폭8-10m","2026-03-01 11:18:03.904"
"2378","논현로51길","일반도로","국지도로","중로2류","폭15-20m","2026-03-01 11:18:03.904"
"2379","논현로57길","일반도로","국지도로","소로3류","폭6-8m","2026-03-01 11:18:03.904"
"2380","논현로58길","일반도로","국지도로","소로3류","폭6-8m","2026-03-01 11:18:03.904"
"2381","논현로5길","일반도로","국지도로","소로3류","폭6-8m","2026-03-01 11:18:03.91"
"2382","논현로61길","일반도로","국지도로","소로","6m미만","2026-03-01 11:18:03.91"
"2383","논현로63길","일반도로","국지도로","소로2류","폭8-10m","2026-03-01 11:18:03.91"
"2384","논현로64길","일반도로","국지도로","소로3류","폭6-8m","2026-03-01 11:18:03.91"
"2385","논현로65길","일반도로","국지도로","소로","6m미만","2026-03-01 11:18:03.91"
"2386","논현로66길","일반도로","국지도로","소로","6m미만","2026-03-01 11:18:03.91"
"2387","논현로67길","일반도로","국지도로","소로","6m미만","2026-03-01 11:18:03.91"
"2388","논현로68길","일반도로","국지도로","소로","6m미만","2026-03-01 11:18:03.91"
"2389","논현로6길","일반도로","국지도로","소로3류","폭6-8m","2026-03-01 11:18:03.91"
"2390","논현로70길","일반도로","국지도로","소로","6m미만","2026-03-01 11:18:03.91"
"2391","논현로71길","일반도로","국지도로","소로","6m미만","2026-03-01 11:18:03.915"
"2392","논현로72길","일반도로","국지도로","소로2류","폭8-10m","2026-03-01 11:18:03.915"
"2393","논현로74길","일반도로","국지도로","소로","6m미만","2026-03-01 11:18:03.915"
"2394","논현로75길","일반도로","국지도로","소로3류","폭6-8m","2026-03-01 11:18:03.915"
"2395","논현로76길","일반도로","국지도로","소로3류","폭6-8m","2026-03-01 11:18:03.915"
"2396","논현로77길","일반도로","국지도로","소로","6m미만","2026-03-01 11:18:03.915"
"2397","논현로79길","일반도로","국지도로","소로","6m미만","2026-03-01 11:18:03.915"
"2398","논현로7길","일반도로","국지도로","소로3류","폭6-8m","2026-03-01 11:18:03.915"
"2399","논현로80길","일반도로","국지도로","소로3류","폭6-8m","2026-03-01 11:18:03.915"
"2400","논현로81길","일반도로","국지도로","소로3류","폭6-8m","2026-03-01 11:18:03.915"
"2401","논현로85길","일반도로","국지도로","소로2류","폭8-10m","2026-03-01 11:18:03.92"
"2402","논현로86길","일반도로","국지도로","중로2류","폭15-20m","2026-03-01 11:18:03.92"
"2403","논현로87길","일반도로","국지도로","소로","6m미만","2026-03-01 11:18:03.92"
"2404","논현로8길","일반도로","국지도로","소로3류","폭6-8m","2026-03-01 11:18:03.92"
"2405","논현로93길","일반도로","국지도로","중로2류","폭15-20m","2026-03-01 11:18:03.92"
"2406","논현로94길","일반도로","국지도로","소로3류","폭6-8m","2026-03-01 11:18:03.92"
"2407","논현로95길","일반도로","국지도로","소로","6m미만","2026-03-01 11:18:03.92"
"2408","논현로97길","일반도로","국지도로","소로","6m미만","2026-03-01 11:18:03.92"
"2409","논현로98길","일반도로","국지도로","소로2류","폭8-10m","2026-03-01 11:18:03.92"
"2410","논현로99길","일반도로","국지도로","소로","6m미만","2026-03-01 11:18:03.92"
"2411","농수산시장로","일반도로","국지도로","확인","불가","2026-03-01 11:18:03.925"
"2412","누원2길","일반도로","국지도로","중로1류","폭20-25m","2026-03-01 11:18:03.925"
"2413","누원로","일반도로","국지도로","중로1류","폭20-25m","2026-03-01 11:18:03.925"
"2414","능동로","일반도로","국지도로","소로","6m미만","2026-03-01 11:18:03.925"
"2415","능동로10길","일반도로","국지도로","중로1류","폭20-25m","2026-03-01 11:18:03.925"
"2416","능동로11길","일반도로","국지도로","소로","6m미만","2026-03-01 11:18:03.925"
"2417","능동로13길","일반도로","국지도로","소로","6m미만","2026-03-01 11:18:03.925"
"2418","능동로15길","일반도로","국지도로","소로","6m미만","2026-03-01 11:18:03.925"
"2419","능동로16길","일반도로","국지도로","소로","6m미만","2026-03-01 11:18:03.925"
"2420","능동로17길","일반도로","국지도로","소로","6m미만","2026-03-01 11:18:03.925"
"2421","능동로19길","일반도로","국지도로","소로","6m미만","2026-03-01 11:18:03.931"
"2422","능동로1길","일반도로","국지도로","소로3류","폭6-8m","2026-03-01 11:18:03.931"
"2423","능동로21길","일반도로","국지도로","소로","6m미만","2026-03-01 11:18:03.931"
"2424","능동로23길","일반도로","국지도로","소로","6m미만","2026-03-01 11:18:03.931"
"2425","능동로24길","일반도로","국지도로","소로","6m미만","2026-03-01 11:18:03.931"
"2426","능동로25길","일반도로","국지도로","소로","6m미만","2026-03-01 11:18:03.931"
"2427","능동로26길","일반도로","국지도로","소로","6m미만","2026-03-01 11:18:03.931"
"2428","능동로27가길","일반도로","국지도로","소로","6m미만","2026-03-01 11:18:03.931"
"2429","능동로27길","일반도로","국지도로","소로","6m미만","2026-03-01 11:18:03.931"
"2430","능동로27나길","일반도로","국지도로","소로","6m미만","2026-03-01 11:18:03.931"
"2431","능동로28길","일반도로","국지도로","소로","6m미만","2026-03-01 11:18:03.936"
"2432","능동로29가길","일반도로","국지도로","소로","6m미만","2026-03-01 11:18:03.936"
"2433","능동로29길","일반도로","국지도로","소로","6m미만","2026-03-01 11:18:03.936"
"2434","능동로30길","일반도로","국지도로","소로","6m미만","2026-03-01 11:18:03.936"
"2435","능동로31길","일반도로","국지도로","소로","6m미만","2026-03-01 11:18:03.936"
"2436","능동로32길","일반도로","국지도로","소로","6m미만","2026-03-01 11:18:03.936"
"2437","능동로34길","일반도로","국지도로","소로","6m미만","2026-03-01 11:18:03.936"
"2438","능동로35길","일반도로","국지도로","소로","6m미만","2026-03-01 11:18:03.936"
"2439","능동로36길","일반도로","국지도로","소로","6m미만","2026-03-01 11:18:03.936"
"2440","능동로37길","일반도로","국지도로","소로","6m미만","2026-03-01 11:18:03.936"
"2441","능동로38길","일반도로","국지도로","소로","6m미만","2026-03-01 11:18:03.941"
"2442","능동로39길","일반도로","국지도로","소로","6m미만","2026-03-01 11:18:03.941"
"2443","능동로3가길","일반도로","국지도로","소로3류","폭6-8m","2026-03-01 11:18:03.941"
"2444","능동로3길","일반도로","국지도로","소로","6m미만","2026-03-01 11:18:03.941"
"2445","능동로3나길","일반도로","국지도로","소로","6m미만","2026-03-01 11:18:03.941"
"2446","능동로3다길","일반도로","국지도로","소로","6m미만","2026-03-01 11:18:03.941"
"2447","능동로3라길","일반도로","국지도로","소로","6m미만","2026-03-01 11:18:03.941"
"2448","능동로3마길","일반도로","국지도로","소로","6m미만","2026-03-01 11:18:03.941"
"2449","능동로40길","일반도로","국지도로","소로","6m미만","2026-03-01 11:18:03.941"
"2450","능동로41길","일반도로","국지도로","소로","6m미만","2026-03-01 11:18:03.941"
"2451","능동로42길","일반도로","국지도로","소로","6m미만","2026-03-01 11:18:03.946"
"2452","능동로43길","일반도로","국지도로","소로","6m미만","2026-03-01 11:18:03.946"
"2453","능동로44길","일반도로","국지도로","소로","6m미만","2026-03-01 11:18:03.946"
"2454","능동로46길","일반도로","국지도로","소로","6m미만","2026-03-01 11:18:03.946"
"2455","능동로47길","일반도로","국지도로","소로","6m미만","2026-03-01 11:18:03.946"
"2456","능동로48가길","일반도로","국지도로","소로","6m미만","2026-03-01 11:18:03.946"
"2457","능동로48길","일반도로","국지도로","소로","6m미만","2026-03-01 11:18:03.946"
"2458","능동로49길","일반도로","국지도로","소로","6m미만","2026-03-01 11:18:03.946"
"2459","능동로4길","일반도로","국지도로","소로2류","폭8-10m","2026-03-01 11:18:03.946"
"2460","능동로50길","일반도로","국지도로","소로","6m미만","2026-03-01 11:18:03.946"
"2461","능동로51길","일반도로","국지도로","소로","6m미만","2026-03-01 11:18:03.951"
"2462","능동로53길","일반도로","국지도로","소로","6m미만","2026-03-01 11:18:03.951"
"2463","능동로55길","일반도로","국지도로","소로","6m미만","2026-03-01 11:18:03.951"
"2464","능동로57길","일반도로","국지도로","소로","6m미만","2026-03-01 11:18:03.951"
"2465","능동로59길","일반도로","국지도로","소로3류","폭6-8m","2026-03-01 11:18:03.951"
"2466","능동로5길","일반도로","국지도로","소로3류","폭6-8m","2026-03-01 11:18:03.951"
"2467","능동로6길","일반도로","국지도로","소로3류","폭6-8m","2026-03-01 11:18:03.951"
"2468","능동로7길","일반도로","국지도로","소로","6m미만","2026-03-01 11:18:03.951"
"2469","능동로8길","일반도로","국지도로","소로2류","폭8-10m","2026-03-01 11:18:03.951"
"2470","능동로9길","일반도로","국지도로","소로","6m미만","2026-03-01 11:18:03.951"
"2471","능선길","일반도로","국지도로","소로","6m미만","2026-03-01 11:18:03.955"
"2472","능안말1길","일반도로","국지도로","소로","6m미만","2026-03-01 11:18:03.955"
"2473","능안말2길","일반도로","국지도로","소로2류","폭8-10m","2026-03-01 11:18:03.955"
"2474","능안말3길","일반도로","국지도로","소로","6m미만","2026-03-01 11:18:03.955"
"2475","능안말길","일반도로","국지도로","소로","6m미만","2026-03-01 11:18:03.955"
"2476","다동길","일반도로","국지도로","소로","6m미만","2026-03-01 11:18:03.955"
"2477","다산로","일반도로","국지도로","소로","6m미만","2026-03-01 11:18:03.955"
"2478","다산로10길","일반도로","국지도로","소로","6m미만","2026-03-01 11:18:03.955"
"2479","다산로11길","일반도로","국지도로","소로","6m미만","2026-03-01 11:18:03.955"
"2480","다산로12길","일반도로","국지도로","소로","6m미만","2026-03-01 11:18:03.955"
"2481","다산로14길","일반도로","국지도로","소로","6m미만","2026-03-01 11:18:03.96"
"2482","다산로15길","일반도로","국지도로","소로","6m미만","2026-03-01 11:18:03.96"
"2483","다산로16길","일반도로","국지도로","소로","6m미만","2026-03-01 11:18:03.96"
"2484","다산로18길","일반도로","국지도로","소로","6m미만","2026-03-01 11:18:03.96"
"2485","다산로19길","일반도로","국지도로","소로","6m미만","2026-03-01 11:18:03.96"
"2486","다산로20길","일반도로","국지도로","소로","6m미만","2026-03-01 11:18:03.96"
"2487","다산로21길","일반도로","국지도로","소로","6m미만","2026-03-01 11:18:03.96"
"2488","다산로22길","일반도로","국지도로","소로","6m미만","2026-03-01 11:18:03.96"
"2489","다산로24가길","일반도로","국지도로","소로","6m미만","2026-03-01 11:18:03.96"
"2490","다산로24길","일반도로","국지도로","소로","6m미만","2026-03-01 11:18:03.96"
"2491","다산로25길","일반도로","국지도로","소로","6m미만","2026-03-01 11:18:03.965"
"2492","다산로27길","일반도로","국지도로","소로","6m미만","2026-03-01 11:18:03.965"
"2493","다산로28가길","일반도로","국지도로","소로","6m미만","2026-03-01 11:18:03.965"
"2494","다산로28길","일반도로","국지도로","소로","6m미만","2026-03-01 11:18:03.965"
"2495","다산로28나길","일반도로","국지도로","소로","6m미만","2026-03-01 11:18:03.965"
"2496","다산로29길","일반도로","국지도로","소로","6m미만","2026-03-01 11:18:03.965"
"2497","다산로31길","일반도로","국지도로","소로","6m미만","2026-03-01 11:18:03.965"
"2498","다산로32길","일반도로","국지도로","소로2류","폭8-10m","2026-03-01 11:18:03.965"
"2499","다산로33가길","일반도로","국지도로","소로","6m미만","2026-03-01 11:18:03.965"
"2500","다산로33길","일반도로","국지도로","소로","6m미만","2026-03-01 11:18:03.965"
"2501","다산로33나길","일반도로","국지도로","소로","6m미만","2026-03-01 11:18:03.97"
"2502","다산로33다길","일반도로","국지도로","소로","6m미만","2026-03-01 11:18:03.97"
"2503","다산로33라길","일반도로","국지도로","소로","6m미만","2026-03-01 11:18:03.97"
"2504","다산로34길","일반도로","국지도로","소로3류","폭6-8m","2026-03-01 11:18:03.97"
"2505","다산로35길","일반도로","국지도로","소로","6m미만","2026-03-01 11:18:03.97"
"2506","다산로36가길","일반도로","국지도로","소로3류","폭6-8m","2026-03-01 11:18:03.97"
"2507","다산로36길","일반도로","국지도로","소로2류","폭8-10m","2026-03-01 11:18:03.97"
"2508","다산로36나길","일반도로","국지도로","소로","6m미만","2026-03-01 11:18:03.97"
"2509","다산로36다길","일반도로","국지도로","소로","6m미만","2026-03-01 11:18:03.97"
"2510","다산로38길","일반도로","국지도로","소로","6m미만","2026-03-01 11:18:03.97"
"2511","다산로39가길","일반도로","국지도로","소로","6m미만","2026-03-01 11:18:03.975"
"2512","다산로39길","일반도로","국지도로","소로","6m미만","2026-03-01 11:18:03.975"
"2513","다산로40길","일반도로","국지도로","소로3류","폭6-8m","2026-03-01 11:18:03.975"
"2514","다산로42가길","일반도로","국지도로","소로3류","폭6-8m","2026-03-01 11:18:03.975"
"2515","다산로42길","일반도로","국지도로","소로","6m미만","2026-03-01 11:18:03.975"
"2516","다산로42나길","일반도로","국지도로","소로","6m미만","2026-03-01 11:18:03.975"
"2517","다산로42다길","일반도로","국지도로","소로","6m미만","2026-03-01 11:18:03.975"
"2518","다산로44길","일반도로","국지도로","소로","6m미만","2026-03-01 11:18:03.975"
"2519","다산로46길","일반도로","국지도로","소로","6m미만","2026-03-01 11:18:03.975"
"2520","다산로47길","일반도로","국지도로","소로3류","폭6-8m","2026-03-01 11:18:03.975"
"2521","다산로48길","일반도로","국지도로","소로","6m미만","2026-03-01 11:18:03.98"
"2522","다산로4길","일반도로","국지도로","소로","6m미만","2026-03-01 11:18:03.98"
"2523","다산로5길","일반도로","국지도로","소로","6m미만","2026-03-01 11:18:03.98"
"2524","다산로6길","일반도로","국지도로","소로","6m미만","2026-03-01 11:18:03.98"
"2525","다산로8길","일반도로","국지도로","소로","6m미만","2026-03-01 11:18:03.98"
"2526","답십리~전농선","일반도로","보조간선도로","대로3류","폭25-30m","2026-03-01 11:18:03.98"
"2527","답십리로","일반도로","국지도로","소로","6m미만","2026-03-01 11:18:03.98"
"2528","답십리로10길","일반도로","국지도로","소로","6m미만","2026-03-01 11:18:03.98"
"2529","답십리로12길","일반도로","국지도로","소로","6m미만","2026-03-01 11:18:03.98"
"2530","답십리로14길","일반도로","국지도로","소로","6m미만","2026-03-01 11:18:03.98"
"2531","답십리로15길","일반도로","국지도로","소로3류","폭6-8m","2026-03-01 11:18:03.985"
"2532","답십리로17길","일반도로","국지도로","소로","6m미만","2026-03-01 11:18:03.985"
"2533","답십리로19길","일반도로","국지도로","소로","6m미만","2026-03-01 11:18:03.985"
"2534","답십리로1길","일반도로","국지도로","소로3류","폭6-8m","2026-03-01 11:18:03.985"
"2535","답십리로21길","일반도로","국지도로","소로3류","폭6-8m","2026-03-01 11:18:03.985"
"2536","답십리로23길","일반도로","국지도로","소로","6m미만","2026-03-01 11:18:03.985"
"2537","답십리로23나길","일반도로","국지도로","소로","6m미만","2026-03-01 11:18:03.985"
"2538","답십리로23다길","일반도로","국지도로","소로","6m미만","2026-03-01 11:18:03.985"
"2539","답십리로26길","일반도로","국지도로","소로","6m미만","2026-03-01 11:18:03.985"
"2540","답십리로29길","일반도로","국지도로","중로2류","폭15-20m","2026-03-01 11:18:03.985"
"2541","답십리로30가길","일반도로","국지도로","소로","6m미만","2026-03-01 11:18:03.99"
"2542","답십리로30길","일반도로","국지도로","소로","6m미만","2026-03-01 11:18:03.99"
"2543","답십리로32길","일반도로","국지도로","소로","6m미만","2026-03-01 11:18:03.99"
"2544","답십리로34길","일반도로","국지도로","소로","6m미만","2026-03-01 11:18:03.99"
"2545","답십리로35길","일반도로","국지도로","중로1류","폭20-25m","2026-03-01 11:18:03.99"
"2546","답십리로38길","일반도로","국지도로","소로","6m미만","2026-03-01 11:18:03.99"
"2547","답십리로40길","일반도로","국지도로","소로","6m미만","2026-03-01 11:18:03.99"
"2548","답십리로41길","일반도로","국지도로","소로2류","폭8-10m","2026-03-01 11:18:03.99"
"2549","답십리로45길","일반도로","국지도로","소로1류","폭10-12m","2026-03-01 11:18:03.99"
"2550","답십리로45나길","일반도로","국지도로","소로3류","폭6-8m","2026-03-01 11:18:03.99"
"2551","답십리로48가길","일반도로","국지도로","소로","6m미만","2026-03-01 11:18:03.994"
"2552","답십리로48길","일반도로","국지도로","소로","6m미만","2026-03-01 11:18:03.994"
"2553","답십리로48나길","일반도로","국지도로","소로","6m미만","2026-03-01 11:18:03.994"
"2554","답십리로48다길","일반도로","국지도로","소로","6m미만","2026-03-01 11:18:03.994"
"2555","답십리로48라길","일반도로","국지도로","소로","6m미만","2026-03-01 11:18:03.994"
"2556","답십리로50길","일반도로","국지도로","소로","6m미만","2026-03-01 11:18:03.994"
"2557","답십리로51길","일반도로","국지도로","소로","6m미만","2026-03-01 11:18:03.994"
"2558","답십리로52길","일반도로","국지도로","소로","6m미만","2026-03-01 11:18:03.994"
"2559","답십리로53길","일반도로","국지도로","소로","6m미만","2026-03-01 11:18:03.994"
"2560","답십리로56가길","일반도로","국지도로","소로","6m미만","2026-03-01 11:18:03.994"
"2561","답십리로56길","일반도로","국지도로","소로2류","폭8-10m","2026-03-01 11:18:03.999"
"2562","답십리로57길","일반도로","국지도로","소로2류","폭8-10m","2026-03-01 11:18:03.999"
"2563","답십리로58길","일반도로","국지도로","소로","6m미만","2026-03-01 11:18:03.999"
"2564","답십리로59가길","일반도로","국지도로","소로","6m미만","2026-03-01 11:18:03.999"
"2565","답십리로59길","일반도로","국지도로","소로","6m미만","2026-03-01 11:18:03.999"
"2566","답십리로60길","일반도로","국지도로","소로","6m미만","2026-03-01 11:18:03.999"
"2567","답십리로62길","일반도로","국지도로","소로","6m미만","2026-03-01 11:18:03.999"
"2568","답십리로63가길","일반도로","국지도로","소로","6m미만","2026-03-01 11:18:03.999"
"2569","답십리로63길","일반도로","국지도로","소로","6m미만","2026-03-01 11:18:03.999"
"2570","답십리로64길","일반도로","국지도로","소로3류","폭6-8m","2026-03-01 11:18:03.999"
"2571","답십리로65길","일반도로","국지도로","소로","6m미만","2026-03-01 11:18:04.004"
"2572","답십리로66길","일반도로","국지도로","소로","6m미만","2026-03-01 11:18:04.004"
"2573","답십리로67길","일반도로","국지도로","소로3류","폭6-8m","2026-03-01 11:18:04.004"
"2574","답십리로68길","일반도로","국지도로","소로","6m미만","2026-03-01 11:18:04.004"
"2575","답십리로69가길","일반도로","국지도로","소로","6m미만","2026-03-01 11:18:04.004"
"2576","답십리로69길","일반도로","국지도로","소로1류","폭10-12m","2026-03-01 11:18:04.004"
"2577","답십리로6길","일반도로","국지도로","소로","6m미만","2026-03-01 11:18:04.004"
"2578","답십리로72길","일반도로","국지도로","소로2류","폭8-10m","2026-03-01 11:18:04.004"
"2579","답십리로74길","일반도로","국지도로","소로","6m미만","2026-03-01 11:18:04.004"
"2580","답십리로75길","일반도로","국지도로","소로","6m미만","2026-03-01 11:18:04.004"
"2581","답십리로76길","일반도로","국지도로","소로","6m미만","2026-03-01 11:18:04.009"
"2582","답십리로77가길","일반도로","국지도로","소로","6m미만","2026-03-01 11:18:04.009"
"2583","답십리로77길","일반도로","국지도로","소로","6m미만","2026-03-01 11:18:04.01"
"2584","답십리로78길","일반도로","국지도로","소로","6m미만","2026-03-01 11:18:04.01"
"2585","답십리로80길","일반도로","국지도로","소로","6m미만","2026-03-01 11:18:04.01"
"2586","답십리로81길","일반도로","국지도로","소로","6m미만","2026-03-01 11:18:04.01"
"2587","답십리로82길","일반도로","국지도로","소로","6m미만","2026-03-01 11:18:04.01"
"2588","답십리로83길","일반도로","국지도로","소로","6m미만","2026-03-01 11:18:04.01"
"2589","답십리로84길","일반도로","국지도로","소로3류","폭6-8m","2026-03-01 11:18:04.01"
"2590","답십리로85길","일반도로","국지도로","소로","6m미만","2026-03-01 11:18:04.01"
"2591","답십리로86길","일반도로","국지도로","소로","6m미만","2026-03-01 11:18:04.015"
"2592","답십리로87길","일반도로","국지도로","소로","6m미만","2026-03-01 11:18:04.015"
"2593","답십리로88길","일반도로","국지도로","소로","6m미만","2026-03-01 11:18:04.015"
"2594","답십리로8길","일반도로","국지도로","소로","6m미만","2026-03-01 11:18:04.015"
"2595","당곡2가길","일반도로","국지도로","소로","6m미만","2026-03-01 11:18:04.015"
"2596","당곡2길","일반도로","국지도로","소로","6m미만","2026-03-01 11:18:04.015"
"2597","당곡4길","일반도로","국지도로","소로","6m미만","2026-03-01 11:18:04.015"
"2598","당곡6가길","일반도로","국지도로","소로","6m미만","2026-03-01 11:18:04.015"
"2599","당곡6길","일반도로","국지도로","소로","6m미만","2026-03-01 11:18:04.015"
"2600","당곡6나길","일반도로","국지도로","소로","6m미만","2026-03-01 11:18:04.015"
"2601","당곡6다길","일반도로","국지도로","소로","6m미만","2026-03-01 11:18:04.02"
"2602","당곡6라길","일반도로","국지도로","소로","6m미만","2026-03-01 11:18:04.02"
"2603","당곡길","일반도로","국지도로","소로","6m미만","2026-03-01 11:18:04.02"
"2604","당산로","일반도로","국지도로","소로","6m미만","2026-03-01 11:18:04.02"
"2605","당산로10길","일반도로","국지도로","소로3류","폭6-8m","2026-03-01 11:18:04.02"
"2606","당산로12길","일반도로","국지도로","소로","6m미만","2026-03-01 11:18:04.02"
"2607","당산로14길","일반도로","국지도로","소로","6m미만","2026-03-01 11:18:04.02"
"2608","당산로16길","일반도로","국지도로","소로","6m미만","2026-03-01 11:18:04.02"
"2609","당산로18길","일반도로","국지도로","소로","6m미만","2026-03-01 11:18:04.02"
"2610","당산로20길","일반도로","국지도로","소로3류","폭6-8m","2026-03-01 11:18:04.02"
"2611","당산로24길","일반도로","국지도로","소로","6m미만","2026-03-01 11:18:04.027"
"2612","당산로26길","일반도로","국지도로","소로","6m미만","2026-03-01 11:18:04.027"
"2613","당산로27길","일반도로","국지도로","소로","6m미만","2026-03-01 11:18:04.027"
"2614","당산로28길","일반도로","국지도로","소로2류","폭8-10m","2026-03-01 11:18:04.027"
"2615","당산로29길","일반도로","국지도로","소로2류","폭8-10m","2026-03-01 11:18:04.027"
"2616","당산로2길","일반도로","국지도로","중로1류","폭20-25m","2026-03-01 11:18:04.027"
"2617","당산로30길","일반도로","국지도로","소로3류","폭6-8m","2026-03-01 11:18:04.027"
"2618","당산로31길","일반도로","국지도로","소로3류","폭6-8m","2026-03-01 11:18:04.027"
"2619","당산로32길","일반도로","국지도로","소로","6m미만","2026-03-01 11:18:04.027"
"2620","당산로33길","일반도로","국지도로","소로2류","폭8-10m","2026-03-01 11:18:04.027"
"2621","당산로35길","일반도로","국지도로","소로3류","폭6-8m","2026-03-01 11:18:04.032"
"2622","당산로36길","일반도로","국지도로","소로3류","폭6-8m","2026-03-01 11:18:04.032"
"2623","당산로37길","일반도로","국지도로","소로","6m미만","2026-03-01 11:18:04.032"
"2624","당산로38길","일반도로","국지도로","소로","6m미만","2026-03-01 11:18:04.032"
"2625","당산로40길","일반도로","국지도로","소로","6m미만","2026-03-01 11:18:04.032"
"2626","당산로41가길","일반도로","국지도로","소로2류","폭8-10m","2026-03-01 11:18:04.032"
"2627","당산로41길","일반도로","국지도로","중로1류","폭20-25m","2026-03-01 11:18:04.032"
"2628","당산로41나길","일반도로","국지도로","소로","6m미만","2026-03-01 11:18:04.032"
"2629","당산로42길","일반도로","국지도로","중로1류","폭20-25m","2026-03-01 11:18:04.032"
"2630","당산로44길","일반도로","국지도로","중로2류","폭15-20m","2026-03-01 11:18:04.032"
"2631","당산로45길","일반도로","국지도로","소로","6m미만","2026-03-01 11:18:04.038"
"2632","당산로46가길","일반도로","국지도로","소로","6m미만","2026-03-01 11:18:04.038"
"2633","당산로46길","일반도로","국지도로","소로","6m미만","2026-03-01 11:18:04.038"
"2634","당산로47길","일반도로","국지도로","소로3류","폭6-8m","2026-03-01 11:18:04.038"
"2635","당산로48길","일반도로","국지도로","소로","6m미만","2026-03-01 11:18:04.038"
"2636","당산로49길","일반도로","국지도로","소로3류","폭6-8m","2026-03-01 11:18:04.038"
"2637","당산로4길","일반도로","국지도로","대로3류","폭25-30m","2026-03-01 11:18:04.038"
"2638","당산로50가길","일반도로","국지도로","소로","6m미만","2026-03-01 11:18:04.038"
"2639","당산로50길","일반도로","국지도로","소로","6m미만","2026-03-01 11:18:04.038"
"2640","당산로51길","일반도로","국지도로","소로","6m미만","2026-03-01 11:18:04.038"
"2641","당산로52길","일반도로","국지도로","소로","6m미만","2026-03-01 11:18:04.044"
"2642","당산로54길","일반도로","국지도로","소로3류","폭6-8m","2026-03-01 11:18:04.044"
"2643","대림~영등포선","일반도로","보조간선도로","대로2류","폭30-35m","2026-03-01 11:18:04.044"
"2644","대림로","일반도로","국지도로","소로3류","폭6-8m","2026-03-01 11:18:04.044"
"2645","대림로10길","일반도로","국지도로","소로","6m미만","2026-03-01 11:18:04.044"
"2646","대림로12가길","일반도로","국지도로","소로","6m미만","2026-03-01 11:18:04.044"
"2647","대림로12길","일반도로","국지도로","소로","6m미만","2026-03-01 11:18:04.044"
"2648","대림로12나길","일반도로","국지도로","소로","6m미만","2026-03-01 11:18:04.044"
"2649","대림로12다길","일반도로","국지도로","소로","6m미만","2026-03-01 11:18:04.044"
"2650","대림로16길","일반도로","국지도로","소로","6m미만","2026-03-01 11:18:04.044"
"2651","대림로17길","일반도로","국지도로","소로","6m미만","2026-03-01 11:18:04.049"
"2652","대림로19길","일반도로","국지도로","소로","6m미만","2026-03-01 11:18:04.049"
"2653","대림로21길","일반도로","국지도로","소로2류","폭8-10m","2026-03-01 11:18:04.049"
"2654","대림로22가길","일반도로","국지도로","소로","6m미만","2026-03-01 11:18:04.049"
"2655","대림로22길","일반도로","국지도로","소로","6m미만","2026-03-01 11:18:04.049"
"2656","대림로22나길","일반도로","국지도로","소로","6m미만","2026-03-01 11:18:04.049"
"2657","대림로22다길","일반도로","국지도로","소로","6m미만","2026-03-01 11:18:04.049"
"2658","대림로22라길","일반도로","국지도로","소로","6m미만","2026-03-01 11:18:04.049"
"2659","대림로23가길","일반도로","국지도로","소로2류","폭8-10m","2026-03-01 11:18:04.049"
"2660","대림로23길","일반도로","국지도로","중로2류","폭15-20m","2026-03-01 11:18:04.049"
"2661","대림로23나길","일반도로","국지도로","소로","6m미만","2026-03-01 11:18:04.059"
"2662","대림로27가길","일반도로","국지도로","중로2류","폭15-20m","2026-03-01 11:18:04.059"
"2663","대림로27길","일반도로","국지도로","중로2류","폭15-20m","2026-03-01 11:18:04.059"
"2664","대림로27나길","일반도로","국지도로","소로3류","폭6-8m","2026-03-01 11:18:04.059"
"2665","대림로29가길","일반도로","국지도로","소로3류","폭6-8m","2026-03-01 11:18:04.059"
"2666","대림로29길","일반도로","국지도로","소로","6m미만","2026-03-01 11:18:04.059"
"2667","대림로29나길","일반도로","국지도로","소로3류","폭6-8m","2026-03-01 11:18:04.059"
"2668","대림로29다길","일반도로","국지도로","소로","6m미만","2026-03-01 11:18:04.059"
"2669","대림로29라길","일반도로","국지도로","소로","6m미만","2026-03-01 11:18:04.059"
"2670","대림로31가길","일반도로","국지도로","소로3류","폭6-8m","2026-03-01 11:18:04.059"
"2671","대림로31길","일반도로","국지도로","소로3류","폭6-8m","2026-03-01 11:18:04.065"
"2672","대림로31나길","일반도로","국지도로","소로3류","폭6-8m","2026-03-01 11:18:04.065"
"2673","대림로31다길","일반도로","국지도로","소로","6m미만","2026-03-01 11:18:04.065"
"2674","대림로33길","일반도로","국지도로","소로2류","폭8-10m","2026-03-01 11:18:04.065"
"2675","대림로34가길","일반도로","국지도로","소로","6m미만","2026-03-01 11:18:04.065"
"2676","대림로34길","일반도로","국지도로","소로","6m미만","2026-03-01 11:18:04.065"
"2677","대림로34나길","일반도로","국지도로","소로","6m미만","2026-03-01 11:18:04.065"
"2678","대림로34다길","일반도로","국지도로","중로2류","폭15-20m","2026-03-01 11:18:04.065"
"2679","대림로34라길","일반도로","국지도로","소로3류","폭6-8m","2026-03-01 11:18:04.065"
"2680","대림로34마길","일반도로","국지도로","소로2류","폭8-10m","2026-03-01 11:18:04.065"
"2681","대림로34바길","일반도로","국지도로","소로1류","폭10-12m","2026-03-01 11:18:04.071"
"2682","대림로34사길","일반도로","국지도로","소로3류","폭6-8m","2026-03-01 11:18:04.071"
"2683","대림로34아길","일반도로","국지도로","소로","6m미만","2026-03-01 11:18:04.071"
"2684","대림로34자길","일반도로","국지도로","소로3류","폭6-8m","2026-03-01 11:18:04.071"
"2685","대림로34차길","일반도로","국지도로","소로","6m미만","2026-03-01 11:18:04.071"
"2686","대림로35가길","일반도로","국지도로","소로1류","폭10-12m","2026-03-01 11:18:04.071"
"2687","대림로35길","일반도로","국지도로","소로1류","폭10-12m","2026-03-01 11:18:04.071"
"2688","대림로35나길","일반도로","국지도로","소로2류","폭8-10m","2026-03-01 11:18:04.071"
"2689","대림로39길","일반도로","국지도로","소로1류","폭10-12m","2026-03-01 11:18:04.071"
"2690","대림로40가길","일반도로","국지도로","소로2류","폭8-10m","2026-03-01 11:18:04.071"
"2691","대림로40길","일반도로","국지도로","소로3류","폭6-8m","2026-03-01 11:18:04.076"
"2692","대림로40나길","일반도로","국지도로","소로2류","폭8-10m","2026-03-01 11:18:04.076"
"2693","대림로40다길","일반도로","국지도로","소로3류","폭6-8m","2026-03-01 11:18:04.076"
"2694","대림로41길","일반도로","국지도로","소로3류","폭6-8m","2026-03-01 11:18:04.076"
"2695","대림로43길","일반도로","국지도로","소로3류","폭6-8m","2026-03-01 11:18:04.076"
"2696","대림로44길","일반도로","국지도로","소로3류","폭6-8m","2026-03-01 11:18:04.076"
"2697","대림로46길","일반도로","국지도로","소로1류","폭10-12m","2026-03-01 11:18:04.076"
"2698","대림로7가길","일반도로","국지도로","소로","6m미만","2026-03-01 11:18:04.076"
"2699","대림로7길","일반도로","국지도로","소로","6m미만","2026-03-01 11:18:04.076"
"2700","대림로7나길","일반도로","국지도로","소로","6m미만","2026-03-01 11:18:04.076"
"2701","대림로7다길","일반도로","국지도로","소로","6m미만","2026-03-01 11:18:04.081"
"2702","대림로8가길","일반도로","국지도로","소로","6m미만","2026-03-01 11:18:04.081"
"2703","대림로8길","일반도로","국지도로","소로","6m미만","2026-03-01 11:18:04.081"
"2704","대림로8나길","일반도로","국지도로","소로","6m미만","2026-03-01 11:18:04.081"
"2705","대명1길","일반도로","국지도로","소로","6m미만","2026-03-01 11:18:04.081"
"2706","대명길","일반도로","국지도로","소로","6m미만","2026-03-01 11:18:04.081"
"2707","대방동11길","일반도로","국지도로","소로","6m미만","2026-03-01 11:18:04.081"
"2708","대방동13길","일반도로","국지도로","소로","6m미만","2026-03-01 11:18:04.081"
"2709","대방동15가길","일반도로","국지도로","소로","6m미만","2026-03-01 11:18:04.081"
"2710","대방동15길","일반도로","국지도로","소로","6m미만","2026-03-01 11:18:04.081"
"2711","대방동15나길","일반도로","국지도로","소로","6m미만","2026-03-01 11:18:04.091"
"2712","대방동15다길","일반도로","국지도로","소로2류","폭8-10m","2026-03-01 11:18:04.091"
"2713","대방동17길","일반도로","국지도로","소로","6m미만","2026-03-01 11:18:04.091"
"2714","대방동19길","일반도로","국지도로","소로","6m미만","2026-03-01 11:18:04.091"
"2715","대방동1길","일반도로","국지도로","소로","6m미만","2026-03-01 11:18:04.091"
"2716","대방동21길","일반도로","국지도로","소로","6m미만","2026-03-01 11:18:04.091"
"2717","대방동23가길","일반도로","국지도로","소로","6m미만","2026-03-01 11:18:04.091"
"2718","대방동23길","일반도로","국지도로","소로3류","폭6-8m","2026-03-01 11:18:04.091"
"2719","대방동25길","일반도로","국지도로","소로","6m미만","2026-03-01 11:18:04.091"
"2720","대방동27길","일반도로","국지도로","소로","6m미만","2026-03-01 11:18:04.091"
"2721","대방동2길","일반도로","국지도로","소로","6m미만","2026-03-01 11:18:04.101"
"2722","대방동3길","일반도로","국지도로","소로","6m미만","2026-03-01 11:18:04.101"
"2723","대방동5길","일반도로","국지도로","소로","6m미만","2026-03-01 11:18:04.101"
"2724","대방동6길","일반도로","국지도로","소로3류","폭6-8m","2026-03-01 11:18:04.101"
"2725","대방동7길","일반도로","국지도로","소로","6m미만","2026-03-01 11:18:04.101"
"2726","대방동9길","일반도로","국지도로","소로","6m미만","2026-03-01 11:18:04.101"
"2727","대방동길","일반도로","국지도로","소로","6m미만","2026-03-01 11:18:04.101"
"2728","대방천로","일반도로","국지도로","소로","6m미만","2026-03-01 11:18:04.101"
"2729","대방천로10길","일반도로","국지도로","소로","6m미만","2026-03-01 11:18:04.101"
"2730","대방천로12길","일반도로","국지도로","소로","6m미만","2026-03-01 11:18:04.101"
"2731","대방천로14길","일반도로","국지도로","소로2류","폭8-10m","2026-03-01 11:18:04.111"
"2732","대방천로16길","일반도로","국지도로","소로","6m미만","2026-03-01 11:18:04.111"
"2733","대방천로6가길","일반도로","국지도로","소로3류","폭6-8m","2026-03-01 11:18:04.111"
"2734","대방천로6길","일반도로","국지도로","소로","6m미만","2026-03-01 11:18:04.111"
"2735","대방천로6나길","일반도로","국지도로","소로","6m미만","2026-03-01 11:18:04.111"
"2736","대방천로6다길","일반도로","국지도로","소로","6m미만","2026-03-01 11:18:04.111"
"2737","대방천로8길","일반도로","국지도로","소로","6m미만","2026-03-01 11:18:04.111"
"2738","대사관로","일반도로","국지도로","소로3류","폭6-8m","2026-03-01 11:18:04.111"
"2739","대사관로","일반도로","국지도로","소로3류","폭6-8m","2026-03-01 11:18:04.111"
"2740","대사관로11가길","일반도로","국지도로","소로3류","폭6-8m","2026-03-01 11:18:04.111"
"2741","대사관로11길","일반도로","국지도로","소로","6m미만","2026-03-01 11:18:04.116"
"2742","대사관로11길","일반도로","국지도로","소로3류","폭6-8m","2026-03-01 11:18:04.116"
"2743","대사관로11나길","일반도로","국지도로","소로3류","폭6-8m","2026-03-01 11:18:04.116"
"2744","대사관로12길","일반도로","국지도로","소로","6m미만","2026-03-01 11:18:04.116"
"2745","대사관로13길","일반도로","국지도로","소로3류","폭6-8m","2026-03-01 11:18:04.116"
"2746","대사관로15길","일반도로","국지도로","소로","6m미만","2026-03-01 11:18:04.116"
"2747","대사관로16길","일반도로","국지도로","소로","6m미만","2026-03-01 11:18:04.116"
"2748","대사관로19길","일반도로","국지도로","소로3류","폭6-8m","2026-03-01 11:18:04.116"
"2749","대사관로1길","일반도로","국지도로","소로2류","폭8-10m","2026-03-01 11:18:04.116"
"2750","대사관로20길","일반도로","국지도로","소로","6m미만","2026-03-01 11:18:04.116"
"2751","대사관로24가길","일반도로","국지도로","소로","6m미만","2026-03-01 11:18:04.121"
"2752","대사관로24길","일반도로","국지도로","소로","6m미만","2026-03-01 11:18:04.121"
"2753","대사관로30가길","일반도로","국지도로","소로","6m미만","2026-03-01 11:18:04.121"
"2754","대사관로30길","일반도로","국지도로","소로","6m미만","2026-03-01 11:18:04.121"
"2755","대사관로30나길","일반도로","국지도로","소로","6m미만","2026-03-01 11:18:04.121"
"2756","대사관로31길","일반도로","국지도로","소로","6m미만","2026-03-01 11:18:04.121"
"2757","대사관로34가길","일반도로","국지도로","소로","6m미만","2026-03-01 11:18:04.121"
"2758","대사관로34길","일반도로","국지도로","소로","6m미만","2026-03-01 11:18:04.121"
"2759","대사관로34나길","일반도로","국지도로","소로","6m미만","2026-03-01 11:18:04.121"
"2760","대사관로34다길","일반도로","국지도로","소로","6m미만","2026-03-01 11:18:04.121"
"2761","대사관로3길","일반도로","국지도로","소로3류","폭6-8m","2026-03-01 11:18:04.126"
"2762","대사관로5가길","일반도로","국지도로","소로","6m미만","2026-03-01 11:18:04.126"
"2763","대사관로5길","일반도로","국지도로","소로","6m미만","2026-03-01 11:18:04.126"
"2764","대사관로5길","일반도로","국지도로","소로3류","폭6-8m","2026-03-01 11:18:04.126"
"2765","대사관로6가길","일반도로","국지도로","소로","6m미만","2026-03-01 11:18:04.126"
"2766","대사관로6길","일반도로","국지도로","소로","6m미만","2026-03-01 11:18:04.126"
"2767","대사관로7길","일반도로","국지도로","소로","6m미만","2026-03-01 11:18:04.126"
"2768","대사관로7길","일반도로","국지도로","소로3류","폭6-8m","2026-03-01 11:18:04.126"
"2769","대사관로8길","일반도로","국지도로","소로","6m미만","2026-03-01 11:18:04.126"
"2770","대사관로8길","일반도로","국지도로","소로","6m미만","2026-03-01 11:18:04.126"
"2771","대사관로9길","일반도로","국지도로","소로","6m미만","2026-03-01 11:18:04.131"
"2772","대서문길","일반도로","국지도로","소로3류","폭6-8m","2026-03-01 11:18:04.131"
"2773","대장로","일반도로","국지도로","소로3류","폭6-8m","2026-03-01 11:18:04.131"
"2774","대학10길","일반도로","국지도로","소로","6m미만","2026-03-01 11:18:04.131"
"2775","대학12길","일반도로","국지도로","소로","6m미만","2026-03-01 11:18:04.131"
"2776","대학14길","일반도로","국지도로","소로","6m미만","2026-03-01 11:18:04.131"
"2777","대학16길","일반도로","국지도로","소로3류","폭6-8m","2026-03-01 11:18:04.131"
"2778","대학18길","일반도로","국지도로","소로","6m미만","2026-03-01 11:18:04.131"
"2779","대학20길","일반도로","국지도로","소로3류","폭6-8m","2026-03-01 11:18:04.131"
"2780","대학21길","일반도로","국지도로","소로","6m미만","2026-03-01 11:18:04.131"
"2781","대학2길","일반도로","국지도로","소로","6m미만","2026-03-01 11:18:04.136"
"2782","대학4길","일반도로","국지도로","소로","6m미만","2026-03-01 11:18:04.136"
"2783","대학5길","일반도로","국지도로","소로","6m미만","2026-03-01 11:18:04.136"
"2784","대학6길","일반도로","국지도로","소로","6m미만","2026-03-01 11:18:04.136"
"2785","대학7가길","일반도로","국지도로","소로","6m미만","2026-03-01 11:18:04.136"
"2786","대학7길","일반도로","국지도로","소로","6m미만","2026-03-01 11:18:04.136"
"2787","대학길","일반도로","국지도로","소로","6m미만","2026-03-01 11:18:04.136"
"2788","대학로","일반도로","국지도로","소로","6m미만","2026-03-01 11:18:04.136"
"2789","대학로10길","일반도로","국지도로","소로3류","폭6-8m","2026-03-01 11:18:04.136"
"2790","대학로11길","일반도로","국지도로","소로","6m미만","2026-03-01 11:18:04.136"
"2791","대학로12길","일반도로","국지도로","소로","6m미만","2026-03-01 11:18:04.141"
"2792","대학로14길","일반도로","국지도로","소로","6m미만","2026-03-01 11:18:04.141"
"2793","대학로1길","일반도로","국지도로","소로","6m미만","2026-03-01 11:18:04.141"
"2794","대학로2길","일반도로","국지도로","소로","6m미만","2026-03-01 11:18:04.141"
"2795","대학로3길","일반도로","국지도로","소로","6m미만","2026-03-01 11:18:04.141"
"2796","대학로5가길","일반도로","국지도로","소로","6m미만","2026-03-01 11:18:04.141"
"2797","대학로5길","일반도로","국지도로","소로","6m미만","2026-03-01 11:18:04.141"
"2798","대학로7길","일반도로","국지도로","소로","6m미만","2026-03-01 11:18:04.141"
"2799","대학로8가길","일반도로","국지도로","소로3류","폭6-8m","2026-03-01 11:18:04.141"
"2800","대학로8길","일반도로","국지도로","소로3류","폭6-8m","2026-03-01 11:18:04.141"
"2801","대학로9가길","일반도로","국지도로","소로","6m미만","2026-03-01 11:18:04.146"
"2802","대학로9길","일반도로","국지도로","소로","6m미만","2026-03-01 11:18:04.146"
"2803","대흥로","일반도로","국지도로","소로3류","폭6-8m","2026-03-01 11:18:04.146"
"2804","대흥로11길","일반도로","국지도로","소로","6m미만","2026-03-01 11:18:04.146"
"2805","대흥로11안길","일반도로","국지도로","소로","6m미만","2026-03-01 11:18:04.146"
"2806","대흥로13길","일반도로","국지도로","소로","6m미만","2026-03-01 11:18:04.146"
"2807","대흥로14길","일반도로","국지도로","소로","6m미만","2026-03-01 11:18:04.146"
"2808","대흥로18가길","일반도로","국지도로","소로","6m미만","2026-03-01 11:18:04.146"
"2809","대흥로18길","일반도로","국지도로","소로","6m미만","2026-03-01 11:18:04.146"
"2810","대흥로18나길","일반도로","국지도로","소로","6m미만","2026-03-01 11:18:04.146"
"2811","대흥로20길","일반도로","국지도로","소로2류","폭8-10m","2026-03-01 11:18:04.151"
"2812","대흥로20안길","일반도로","국지도로","소로","6m미만","2026-03-01 11:18:04.151"
"2813","대흥로21길","일반도로","국지도로","소로","6m미만","2026-03-01 11:18:04.151"
"2814","대흥로24길","일반도로","국지도로","소로2류","폭8-10m","2026-03-01 11:18:04.151"
"2815","대흥로24라길","일반도로","국지도로","소로","6m미만","2026-03-01 11:18:04.151"
"2816","대흥로24바길","일반도로","국지도로","중로2류","폭15-20m","2026-03-01 11:18:04.151"
"2817","대흥로28길","일반도로","국지도로","소로","6m미만","2026-03-01 11:18:04.151"
"2818","대흥로29길","일반도로","국지도로","소로2류","폭8-10m","2026-03-01 11:18:04.151"
"2819","대흥로2길","일반도로","국지도로","소로","6m미만","2026-03-01 11:18:04.151"
"2820","대흥로30길","일반도로","국지도로","소로","6m미만","2026-03-01 11:18:04.151"
"2821","대흥로4길","일반도로","국지도로","소로","6m미만","2026-03-01 11:18:04.156"
"2822","대흥로6길","일반도로","국지도로","소로","6m미만","2026-03-01 11:18:04.156"
"2823","대흥로8길","일반도로","국지도로","소로","6m미만","2026-03-01 11:18:04.156"
"2824","대흥로9길","일반도로","국지도로","소로","6m미만","2026-03-01 11:18:04.156"
"2825","대흥로9안길","일반도로","국지도로","소로","6m미만","2026-03-01 11:18:04.156"
"2826","덕릉로","일반도로","국지도로","소로","6m미만","2026-03-01 11:18:04.156"
"2827","덕릉로109가길","일반도로","국지도로","소로","6m미만","2026-03-01 11:18:04.156"
"2828","덕릉로109길","일반도로","국지도로","소로","6m미만","2026-03-01 11:18:04.156"
"2829","덕릉로109나길","일반도로","국지도로","소로","6m미만","2026-03-01 11:18:04.156"
"2830","덕릉로109다길","일반도로","국지도로","소로","6m미만","2026-03-01 11:18:04.156"
"2831","덕릉로10길","일반도로","국지도로","소로","6m미만","2026-03-01 11:18:04.161"
"2832","덕릉로112길","일반도로","국지도로","소로3류","폭6-8m","2026-03-01 11:18:04.161"
"2833","덕릉로113가길","일반도로","국지도로","소로","6m미만","2026-03-01 11:18:04.161"
"2834","덕릉로113길","일반도로","국지도로","소로","6m미만","2026-03-01 11:18:04.161"
"2835","덕릉로115가길","일반도로","국지도로","소로","6m미만","2026-03-01 11:18:04.161"
"2836","덕릉로115길","일반도로","국지도로","소로","6m미만","2026-03-01 11:18:04.161"
"2837","덕릉로115나길","일반도로","국지도로","소로","6m미만","2026-03-01 11:18:04.161"
"2838","덕릉로115다길","일반도로","국지도로","소로","6m미만","2026-03-01 11:18:04.161"
"2839","덕릉로118길","일반도로","국지도로","소로3류","폭6-8m","2026-03-01 11:18:04.161"
"2840","덕릉로119가길","일반도로","국지도로","소로","6m미만","2026-03-01 11:18:04.161"
"2841","덕릉로119길","일반도로","국지도로","소로","6m미만","2026-03-01 11:18:04.166"
"2842","덕릉로122길","일반도로","국지도로","소로","6m미만","2026-03-01 11:18:04.166"
"2843","덕릉로123길","일반도로","국지도로","소로","6m미만","2026-03-01 11:18:04.166"
"2844","덕릉로124가길","일반도로","국지도로","소로","6m미만","2026-03-01 11:18:04.166"
"2845","덕릉로124길","일반도로","국지도로","소로","6m미만","2026-03-01 11:18:04.166"
"2846","덕릉로126가길","일반도로","국지도로","소로","6m미만","2026-03-01 11:18:04.166"
"2847","덕릉로126길","일반도로","국지도로","중로2류","폭15-20m","2026-03-01 11:18:04.166"
"2848","덕릉로126나길","일반도로","국지도로","소로","6m미만","2026-03-01 11:18:04.166"
"2849","덕릉로126다길","일반도로","국지도로","소로","6m미만","2026-03-01 11:18:04.166"
"2850","덕릉로126라길","일반도로","국지도로","소로","6m미만","2026-03-01 11:18:04.166"
"2851","덕릉로126마길","일반도로","국지도로","소로","6m미만","2026-03-01 11:18:04.171"
"2852","덕릉로126바길","일반도로","국지도로","소로","6m미만","2026-03-01 11:18:04.171"
"2853","덕릉로126사길","일반도로","국지도로","소로","6m미만","2026-03-01 11:18:04.171"
"2854","덕릉로126아길","일반도로","국지도로","소로","6m미만","2026-03-01 11:18:04.171"
"2855","덕릉로127길","일반도로","국지도로","소로","6m미만","2026-03-01 11:18:04.171"
"2856","덕릉로129가길","일반도로","국지도로","소로","6m미만","2026-03-01 11:18:04.171"
"2857","덕릉로129길","일반도로","국지도로","소로","6m미만","2026-03-01 11:18:04.171"
"2858","덕릉로12길","일반도로","국지도로","소로","6m미만","2026-03-01 11:18:04.171"
"2859","덕릉로130가길","일반도로","국지도로","소로","6m미만","2026-03-01 11:18:04.171"
"2860","덕릉로130길","일반도로","국지도로","소로","6m미만","2026-03-01 11:18:04.171"
"2861","덕릉로130나길","일반도로","국지도로","소로","6m미만","2026-03-01 11:18:04.176"
"2862","덕릉로131가길","일반도로","국지도로","소로","6m미만","2026-03-01 11:18:04.176"
"2863","덕릉로131길","일반도로","국지도로","소로","6m미만","2026-03-01 11:18:04.176"
"2864","덕릉로134가길","일반도로","국지도로","소로","6m미만","2026-03-01 11:18:04.176"
"2865","덕릉로134길","일반도로","국지도로","소로","6m미만","2026-03-01 11:18:04.176"
"2866","덕릉로135길","일반도로","국지도로","소로","6m미만","2026-03-01 11:18:04.176"
"2867","덕릉로137길","일반도로","국지도로","소로","6m미만","2026-03-01 11:18:04.176"
"2868","덕릉로139길","일반도로","국지도로","소로","6m미만","2026-03-01 11:18:04.176"
"2869","덕릉로141가길","일반도로","국지도로","소로","6m미만","2026-03-01 11:18:04.176"
"2870","덕릉로141길","일반도로","국지도로","소로","6m미만","2026-03-01 11:18:04.176"
"2871","덕릉로141나길","일반도로","국지도로","소로","6m미만","2026-03-01 11:18:04.181"
"2872","덕릉로143길","일반도로","국지도로","소로","6m미만","2026-03-01 11:18:04.181"
"2873","덕릉로145길","일반도로","국지도로","소로","6m미만","2026-03-01 11:18:04.181"
"2874","덕릉로19길","일반도로","국지도로","소로2류","폭8-10m","2026-03-01 11:18:04.181"
"2875","덕릉로23길","일반도로","국지도로","소로","6m미만","2026-03-01 11:18:04.181"
"2876","덕릉로24길","일반도로","국지도로","소로","6m미만","2026-03-01 11:18:04.181"
"2877","덕릉로26길","일반도로","국지도로","소로3류","폭6-8m","2026-03-01 11:18:04.181"
"2878","덕릉로28길","일반도로","국지도로","소로","6m미만","2026-03-01 11:18:04.181"
"2879","덕릉로30길","일반도로","국지도로","소로","6m미만","2026-03-01 11:18:04.181"
"2880","덕릉로32길","일반도로","국지도로","소로","6m미만","2026-03-01 11:18:04.181"
"2881","덕릉로36길","일반도로","국지도로","소로3류","폭6-8m","2026-03-01 11:18:04.186"
"2882","덕릉로3길","일반도로","국지도로","소로","6m미만","2026-03-01 11:18:04.186"
"2883","덕릉로40가길","일반도로","국지도로","소로","6m미만","2026-03-01 11:18:04.186"
"2884","덕릉로40길","일반도로","국지도로","소로","6m미만","2026-03-01 11:18:04.186"
"2885","덕릉로40나길","일반도로","국지도로","소로","6m미만","2026-03-01 11:18:04.186"
"2886","덕릉로40다길","일반도로","국지도로","소로","6m미만","2026-03-01 11:18:04.186"
"2887","덕릉로40라길","일반도로","국지도로","소로","6m미만","2026-03-01 11:18:04.186"
"2888","덕릉로41길","일반도로","국지도로","소로","6m미만","2026-03-01 11:18:04.186"
"2889","덕릉로42길","일반도로","국지도로","소로3류","폭6-8m","2026-03-01 11:18:04.186"
"2890","덕릉로44길","일반도로","국지도로","소로","6m미만","2026-03-01 11:18:04.186"
"2891","덕릉로48길","일반도로","국지도로","소로","6m미만","2026-03-01 11:18:04.191"
"2892","덕릉로51가길","일반도로","국지도로","소로","6m미만","2026-03-01 11:18:04.191"
"2893","덕릉로51길","일반도로","국지도로","소로","6m미만","2026-03-01 11:18:04.191"
"2894","덕릉로52길","일반도로","국지도로","소로","6m미만","2026-03-01 11:18:04.191"
"2895","덕릉로53길","일반도로","국지도로","소로","6m미만","2026-03-01 11:18:04.191"
"2896","덕릉로54가길","일반도로","국지도로","소로","6m미만","2026-03-01 11:18:04.191"
"2897","덕릉로54길","일반도로","국지도로","소로","6m미만","2026-03-01 11:18:04.191"
"2898","덕릉로55길","일반도로","국지도로","소로","6m미만","2026-03-01 11:18:04.191"
"2899","덕릉로57길","일반도로","국지도로","소로","6m미만","2026-03-01 11:18:04.191"
"2900","덕릉로58길","일반도로","국지도로","소로","6m미만","2026-03-01 11:18:04.191"
"2901","덕릉로59가길","일반도로","국지도로","소로","6m미만","2026-03-01 11:18:04.196"
"2902","덕릉로59길","일반도로","국지도로","소로","6m미만","2026-03-01 11:18:04.196"
"2903","덕릉로59나길","일반도로","국지도로","소로","6m미만","2026-03-01 11:18:04.196"
"2904","덕릉로59다길","일반도로","국지도로","소로","6m미만","2026-03-01 11:18:04.196"
"2905","덕릉로59라길","일반도로","국지도로","소로","6m미만","2026-03-01 11:18:04.196"
"2906","덕릉로59마길","일반도로","국지도로","소로","6m미만","2026-03-01 11:18:04.196"
"2907","덕릉로59바길","일반도로","국지도로","소로","6m미만","2026-03-01 11:18:04.196"
"2908","덕릉로59아길","일반도로","국지도로","소로","6m미만","2026-03-01 11:18:04.196"
"2909","덕릉로59자길","일반도로","국지도로","소로3류","폭6-8m","2026-03-01 11:18:04.196"
"2910","덕릉로59차길","일반도로","국지도로","소로","6m미만","2026-03-01 11:18:04.196"
"2911","덕릉로5길","일반도로","국지도로","소로","6m미만","2026-03-01 11:18:04.205"
"2912","덕릉로60가길","일반도로","국지도로","소로","6m미만","2026-03-01 11:18:04.205"
"2913","덕릉로60길","일반도로","국지도로","소로","6m미만","2026-03-01 11:18:04.205"
"2914","덕릉로60나길","일반도로","국지도로","소로","6m미만","2026-03-01 11:18:04.205"
"2915","덕릉로60다길","일반도로","국지도로","소로","6m미만","2026-03-01 11:18:04.205"
"2916","덕릉로60라길","일반도로","국지도로","소로","6m미만","2026-03-01 11:18:04.205"
"2917","덕릉로60마길","일반도로","국지도로","소로","6m미만","2026-03-01 11:18:04.205"
"2918","덕릉로60바길","일반도로","국지도로","소로3류","폭6-8m","2026-03-01 11:18:04.205"
"2919","덕릉로60아길","일반도로","국지도로","소로","6m미만","2026-03-01 11:18:04.205"
"2920","덕릉로60자길","일반도로","국지도로","소로3류","폭6-8m","2026-03-01 11:18:04.205"
"2921","덕릉로60차길","일반도로","국지도로","소로2류","폭8-10m","2026-03-01 11:18:04.21"
"2922","덕릉로60카길","일반도로","국지도로","소로","6m미만","2026-03-01 11:18:04.21"
"2923","덕릉로60타길","일반도로","국지도로","소로","6m미만","2026-03-01 11:18:04.21"
"2924","덕릉로61길","일반도로","국지도로","소로","6m미만","2026-03-01 11:18:04.21"
"2925","덕릉로62길","일반도로","국지도로","소로3류","폭6-8m","2026-03-01 11:18:04.21"
"2926","덕릉로63가길","일반도로","국지도로","소로","6m미만","2026-03-01 11:18:04.21"
"2927","덕릉로63길","일반도로","국지도로","소로","6m미만","2026-03-01 11:18:04.21"
"2928","덕릉로66길","일반도로","국지도로","중로1류","폭20-25m","2026-03-01 11:18:04.21"
"2929","덕릉로70가길","일반도로","국지도로","소로1류","폭10-12m","2026-03-01 11:18:04.21"
"2930","덕릉로70길","일반도로","국지도로","소로1류","폭10-12m","2026-03-01 11:18:04.21"
"2931","덕릉로71길","일반도로","국지도로","중로2류","폭15-20m","2026-03-01 11:18:04.215"
"2932","덕릉로73길","일반도로","국지도로","소로1류","폭10-12m","2026-03-01 11:18:04.215"
"2933","덕릉로76길","일반도로","국지도로","중로1류","폭20-25m","2026-03-01 11:18:04.215"
"2934","덕릉로77길","일반도로","국지도로","소로3류","폭6-8m","2026-03-01 11:18:04.215"
"2935","덕릉로79길","일반도로","국지도로","소로1류","폭10-12m","2026-03-01 11:18:04.215"
"2936","덕릉로7길","일반도로","국지도로","소로","6m미만","2026-03-01 11:18:04.215"
"2937","덕릉로82길","일반도로","국지도로","소로2류","폭8-10m","2026-03-01 11:18:04.215"
"2938","덕릉로83길","일반도로","국지도로","소로3류","폭6-8m","2026-03-01 11:18:04.215"
"2939","덕릉로84길","일반도로","국지도로","소로1류","폭10-12m","2026-03-01 11:18:04.215"
"2940","덕릉로86길","일반도로","국지도로","소로2류","폭8-10m","2026-03-01 11:18:04.215"
"2941","덕릉로87길","일반도로","국지도로","소로","6m미만","2026-03-01 11:18:04.22"
"2942","덕릉로89길","일반도로","국지도로","소로3류","폭6-8m","2026-03-01 11:18:04.22"
"2943","덕릉로8길","일반도로","국지도로","소로","6m미만","2026-03-01 11:18:04.22"
"2944","덕릉로90길","일반도로","국지도로","소로","6m미만","2026-03-01 11:18:04.22"
"2945","덕릉로92길","일반도로","국지도로","소로","6m미만","2026-03-01 11:18:04.22"
"2946","덕릉로94가길","일반도로","국지도로","소로1류","폭10-12m","2026-03-01 11:18:04.22"
"2947","덕릉로94길","일반도로","국지도로","소로","6m미만","2026-03-01 11:18:04.22"
"2948","덕릉로95가길","일반도로","국지도로","소로","6m미만","2026-03-01 11:18:04.22"
"2949","덕릉로9길","일반도로","국지도로","소로","6m미만","2026-03-01 11:18:04.22"
"2950","덕수궁길","일반도로","국지도로","중로2류","폭15-20m","2026-03-01 11:18:04.22"
"2951","도곡로","일반도로","국지도로","확인","불가","2026-03-01 11:18:04.225"
"2952","도곡로101길","일반도로","국지도로","소로1류","폭10-12m","2026-03-01 11:18:04.225"
"2953","도곡로11길","일반도로","국지도로","소로3류","폭6-8m","2026-03-01 11:18:04.225"
"2954","도곡로13길","일반도로","국지도로","소로3류","폭6-8m","2026-03-01 11:18:04.225"
"2955","도곡로14길","일반도로","국지도로","소로2류","폭8-10m","2026-03-01 11:18:04.225"
"2956","도곡로17길","일반도로","국지도로","소로","6m미만","2026-03-01 11:18:04.225"
"2957","도곡로18길","일반도로","국지도로","소로2류","폭8-10m","2026-03-01 11:18:04.226"
"2958","도곡로19길","일반도로","국지도로","소로3류","폭6-8m","2026-03-01 11:18:04.226"
"2959","도곡로1길","일반도로","국지도로","소로","6m미만","2026-03-01 11:18:04.226"
"2960","도곡로21길","일반도로","국지도로","소로2류","폭8-10m","2026-03-01 11:18:04.226"
"2961","도곡로22길","일반도로","국지도로","중로2류","폭15-20m","2026-03-01 11:18:04.231"
"2962","도곡로23길","일반도로","국지도로","소로","6m미만","2026-03-01 11:18:04.231"
"2963","도곡로25길","일반도로","국지도로","소로","6m미만","2026-03-01 11:18:04.231"
"2964","도곡로27길","일반도로","국지도로","소로","6m미만","2026-03-01 11:18:04.231"
"2965","도곡로28길","일반도로","국지도로","소로1류","폭10-12m","2026-03-01 11:18:04.231"
"2966","도곡로2길","일반도로","국지도로","소로","6m미만","2026-03-01 11:18:04.231"
"2967","도곡로33길","일반도로","국지도로","소로","6m미만","2026-03-01 11:18:04.231"
"2968","도곡로34길","일반도로","국지도로","소로","6m미만","2026-03-01 11:18:04.231"
"2969","도곡로37길","일반도로","국지도로","소로2류","폭8-10m","2026-03-01 11:18:04.231"
"2970","도곡로38길","일반도로","국지도로","중로2류","폭15-20m","2026-03-01 11:18:04.231"
"2971","도곡로39길","일반도로","국지도로","소로","6m미만","2026-03-01 11:18:04.237"
"2972","도곡로3길","일반도로","국지도로","소로2류","폭8-10m","2026-03-01 11:18:04.237"
"2973","도곡로43길","일반도로","국지도로","소로1류","폭10-12m","2026-03-01 11:18:04.237"
"2974","도곡로4길","일반도로","국지도로","소로3류","폭6-8m","2026-03-01 11:18:04.237"
"2975","도곡로51길","일반도로","국지도로","소로3류","폭6-8m","2026-03-01 11:18:04.237"
"2976","도곡로57길","일반도로","국지도로","소로2류","폭8-10m","2026-03-01 11:18:04.237"
"2977","도곡로5길","일반도로","국지도로","소로","6m미만","2026-03-01 11:18:04.237"
"2978","도곡로61길","일반도로","국지도로","소로1류","폭10-12m","2026-03-01 11:18:04.237"
"2979","도곡로62길","일반도로","국지도로","소로3류","폭6-8m","2026-03-01 11:18:04.237"
"2980","도곡로63길","일반도로","국지도로","소로1류","폭10-12m","2026-03-01 11:18:04.237"
"2981","도곡로64길","일반도로","국지도로","중로1류","폭20-25m","2026-03-01 11:18:04.242"
"2982","도곡로64길","일반도로","국지도로","소로","6m미만","2026-03-01 11:18:04.242"
"2983","도곡로69길","일반도로","국지도로","소로3류","폭6-8m","2026-03-01 11:18:04.242"
"2984","도곡로6길","일반도로","국지도로","소로","6m미만","2026-03-01 11:18:04.242"
"2985","도곡로70길","일반도로","국지도로","소로3류","폭6-8m","2026-03-01 11:18:04.242"
"2986","도곡로73길","일반도로","국지도로","소로","6m미만","2026-03-01 11:18:04.242"
"2987","도곡로77길","일반도로","국지도로","소로2류","폭8-10m","2026-03-01 11:18:04.242"
"2988","도곡로78길","일반도로","국지도로","소로1류","폭10-12m","2026-03-01 11:18:04.242"
"2989","도곡로7길","일반도로","국지도로","소로1류","폭10-12m","2026-03-01 11:18:04.242"
"2990","도곡로83길","일반도로","국지도로","소로2류","폭8-10m","2026-03-01 11:18:04.242"
"2991","도곡로84길","일반도로","국지도로","중로2류","폭15-20m","2026-03-01 11:18:04.247"
"2992","도곡로87길","일반도로","국지도로","소로3류","폭6-8m","2026-03-01 11:18:04.247"
"2993","도곡로8길","일반도로","국지도로","중로1류","폭20-25m","2026-03-01 11:18:04.247"
"2994","도곡로93길","일반도로","국지도로","소로1류","폭10-12m","2026-03-01 11:18:04.247"
"2995","도곡로94길","일반도로","국지도로","소로1류","폭10-12m","2026-03-01 11:18:04.247"
"2996","도곡로99길","일반도로","국지도로","소로3류","폭6-8m","2026-03-01 11:18:04.247"
"2997","도구로","일반도로","국지도로","소로3류","폭6-8m","2026-03-01 11:18:04.247"
"2998","도구로16길","일반도로","국지도로","소로","6m미만","2026-03-01 11:18:04.247"
"2999","도구로1길","일반도로","국지도로","소로","6m미만","2026-03-01 11:18:04.247"
"3000","도구로3길","일반도로","국지도로","소로","6m미만","2026-03-01 11:18:04.247"
"3001","도구로5길","일반도로","국지도로","소로3류","폭6-8m","2026-03-01 11:18:04.252"
"3002","도구로7길","일반도로","국지도로","소로","6m미만","2026-03-01 11:18:04.252"
"3003","도구로9길","일반도로","국지도로","소로","6m미만","2026-03-01 11:18:04.252"
"3004","도당로","일반도로","국지도로","소로3류","폭6-8m","2026-03-01 11:18:04.252"
"3005","도당로10길","일반도로","국지도로","소로","6m미만","2026-03-01 11:18:04.252"
"3006","도당로11길","일반도로","국지도로","소로","6m미만","2026-03-01 11:18:04.252"
"3007","도당로13가길","일반도로","국지도로","소로","6m미만","2026-03-01 11:18:04.252"
"3008","도당로13길","일반도로","국지도로","소로2류","폭8-10m","2026-03-01 11:18:04.252"
"3009","도당로13나길","일반도로","국지도로","소로","6m미만","2026-03-01 11:18:04.252"
"3010","도당로13다길","일반도로","국지도로","소로","6m미만","2026-03-01 11:18:04.252"
"3011","도당로13라길","일반도로","국지도로","소로","6m미만","2026-03-01 11:18:04.258"
"3012","도당로13마길","일반도로","국지도로","소로","6m미만","2026-03-01 11:18:04.258"
"3013","도당로13바길","일반도로","국지도로","소로","6m미만","2026-03-01 11:18:04.258"
"3014","도당로15길","일반도로","국지도로","소로3류","폭6-8m","2026-03-01 11:18:04.258"
"3015","도당로17길","일반도로","국지도로","소로3류","폭6-8m","2026-03-01 11:18:04.258"
"3016","도당로19가길","일반도로","국지도로","소로","6m미만","2026-03-01 11:18:04.258"
"3017","도당로19길","일반도로","국지도로","소로3류","폭6-8m","2026-03-01 11:18:04.258"
"3018","도당로21길","일반도로","국지도로","소로","6m미만","2026-03-01 11:18:04.258"
"3019","도당로23길","일반도로","국지도로","소로","6m미만","2026-03-01 11:18:04.258"
"3020","도당로25길","일반도로","국지도로","소로","6m미만","2026-03-01 11:18:04.258"
"3021","도당로27길","일반도로","국지도로","소로3류","폭6-8m","2026-03-01 11:18:04.263"
"3022","도당로29길","일반도로","국지도로","소로","6m미만","2026-03-01 11:18:04.263"
"3023","도당로2길","일반도로","국지도로","소로","6m미만","2026-03-01 11:18:04.263"
"3024","도당로31길","일반도로","국지도로","소로","6m미만","2026-03-01 11:18:04.263"
"3025","도당로6길","일반도로","국지도로","소로1류","폭10-12m","2026-03-01 11:18:04.263"
"3026","도당로7길","일반도로","국지도로","소로3류","폭6-8m","2026-03-01 11:18:04.263"
"3027","도당로9길","일반도로","국지도로","소로","6m미만","2026-03-01 11:18:04.263"
"3028","도림로","일반도로","국지도로","소로","6m미만","2026-03-01 11:18:04.263"
"3029","도림로100길","일반도로","국지도로","소로","6m미만","2026-03-01 11:18:04.263"
"3030","도림로102길","일반도로","국지도로","소로","6m미만","2026-03-01 11:18:04.263"
"3031","도림로104길","일반도로","국지도로","소로","6m미만","2026-03-01 11:18:04.268"
"3032","도림로108가길","일반도로","국지도로","소로","6m미만","2026-03-01 11:18:04.268"
"3033","도림로108길","일반도로","국지도로","소로","6m미만","2026-03-01 11:18:04.268"
"3034","도림로108나길","일반도로","국지도로","소로","6m미만","2026-03-01 11:18:04.268"
"3035","도림로108다길","일반도로","국지도로","소로","6m미만","2026-03-01 11:18:04.268"
"3036","도림로10길","일반도로","국지도로","소로","6m미만","2026-03-01 11:18:04.268"
"3037","도림로110길","일반도로","국지도로","소로","6m미만","2026-03-01 11:18:04.268"
"3038","도림로112가길","일반도로","국지도로","소로","6m미만","2026-03-01 11:18:04.268"
"3039","도림로112길","일반도로","국지도로","소로","6m미만","2026-03-01 11:18:04.268"
"3040","도림로112나길","일반도로","국지도로","소로","6m미만","2026-03-01 11:18:04.268"
"3041","도림로112다길","일반도로","국지도로","소로","6m미만","2026-03-01 11:18:04.273"
"3042","도림로113가길","일반도로","국지도로","소로","6m미만","2026-03-01 11:18:04.273"
"3043","도림로113길","일반도로","국지도로","소로","6m미만","2026-03-01 11:18:04.273"
"3044","도림로113나길","일반도로","국지도로","소로","6m미만","2026-03-01 11:18:04.273"
"3045","도림로115길","일반도로","국지도로","소로","6m미만","2026-03-01 11:18:04.273"
"3046","도림로121길","일반도로","국지도로","소로3류","폭6-8m","2026-03-01 11:18:04.273"
"3047","도림로125가길","일반도로","국지도로","소로","6m미만","2026-03-01 11:18:04.273"
"3048","도림로125길","일반도로","국지도로","소로","6m미만","2026-03-01 11:18:04.273"
"3049","도림로126길","일반도로","국지도로","소로2류","폭8-10m","2026-03-01 11:18:04.273"
"3050","도림로128가길","일반도로","국지도로","소로3류","폭6-8m","2026-03-01 11:18:04.274"
"3051","도림로128길","일반도로","국지도로","중로2류","폭15-20m","2026-03-01 11:18:04.279"
"3052","도림로129길","일반도로","국지도로","소로3류","폭6-8m","2026-03-01 11:18:04.279"
"3053","도림로12길","일반도로","국지도로","소로","6m미만","2026-03-01 11:18:04.279"
"3054","도림로131길","일반도로","국지도로","소로","6m미만","2026-03-01 11:18:04.279"
"3055","도림로133길","일반도로","국지도로","소로","6m미만","2026-03-01 11:18:04.279"
"3056","도림로135길","일반도로","국지도로","소로","6m미만","2026-03-01 11:18:04.279"
"3057","도림로137길","일반도로","국지도로","소로","6m미만","2026-03-01 11:18:04.279"
"3058","도림로139가길","일반도로","국지도로","소로3류","폭6-8m","2026-03-01 11:18:04.279"
"3059","도림로139길","일반도로","국지도로","소로","6m미만","2026-03-01 11:18:04.279"
"3060","도림로141가길","일반도로","국지도로","소로","6m미만","2026-03-01 11:18:04.279"
"3061","도림로141길","일반도로","국지도로","소로","6m미만","2026-03-01 11:18:04.284"
"3062","도림로141나길","일반도로","국지도로","소로","6m미만","2026-03-01 11:18:04.284"
"3063","도림로141다길","일반도로","국지도로","소로","6m미만","2026-03-01 11:18:04.284"
"3064","도림로141라길","일반도로","국지도로","소로","6m미만","2026-03-01 11:18:04.284"
"3065","도림로143길","일반도로","국지도로","소로","6m미만","2026-03-01 11:18:04.284"
"3066","도림로144길","일반도로","국지도로","소로2류","폭8-10m","2026-03-01 11:18:04.284"
"3067","도림로145길","일반도로","국지도로","소로","6m미만","2026-03-01 11:18:04.284"
"3068","도림로147길","일반도로","국지도로","소로","6m미만","2026-03-01 11:18:04.285"
"3069","도림로14길","일반도로","국지도로","소로","6m미만","2026-03-01 11:18:04.285"
"3070","도림로17길","일반도로","국지도로","소로","6m미만","2026-03-01 11:18:04.285"
"3071","도림로19길","일반도로","국지도로","소로","6m미만","2026-03-01 11:18:04.29"
"3072","도림로20가길","일반도로","국지도로","소로","6m미만","2026-03-01 11:18:04.29"
"3073","도림로20길","일반도로","국지도로","소로3류","폭6-8m","2026-03-01 11:18:04.29"
"3074","도림로22길","일반도로","국지도로","소로","6m미만","2026-03-01 11:18:04.29"
"3075","도림로23길","일반도로","국지도로","소로","6m미만","2026-03-01 11:18:04.29"
"3076","도림로24길","일반도로","국지도로","소로","6m미만","2026-03-01 11:18:04.29"
"3077","도림로26길","일반도로","국지도로","소로","6m미만","2026-03-01 11:18:04.29"
"3078","도림로28길","일반도로","국지도로","소로","6m미만","2026-03-01 11:18:04.29"
"3079","도림로31길","일반도로","국지도로","소로","6m미만","2026-03-01 11:18:04.29"
"3080","도림로33길","일반도로","국지도로","소로","6m미만","2026-03-01 11:18:04.29"
"3081","도림로36길","일반도로","국지도로","소로","6m미만","2026-03-01 11:18:04.294"
"3082","도림로37길","일반도로","국지도로","소로","6m미만","2026-03-01 11:18:04.294"
"3083","도림로38길","일반도로","국지도로","소로3류","폭6-8m","2026-03-01 11:18:04.294"
"3084","도림로39길","일반도로","국지도로","소로3류","폭6-8m","2026-03-01 11:18:04.294"
"3085","도림로3길","일반도로","국지도로","소로","6m미만","2026-03-01 11:18:04.294"
"3086","도림로40길","일반도로","국지도로","소로","6m미만","2026-03-01 11:18:04.294"
"3087","도림로41길","일반도로","국지도로","소로3류","폭6-8m","2026-03-01 11:18:04.294"
"3088","도림로47가길","일반도로","국지도로","소로","6m미만","2026-03-01 11:18:04.294"
"3089","도림로47길","일반도로","국지도로","소로3류","폭6-8m","2026-03-01 11:18:04.294"
"3090","도림로47나길","일반도로","국지도로","소로","6m미만","2026-03-01 11:18:04.295"
"3091","도림로48길","일반도로","국지도로","소로","6m미만","2026-03-01 11:18:04.299"
"3092","도림로50길","일반도로","국지도로","소로","6m미만","2026-03-01 11:18:04.299"
"3093","도림로52길","일반도로","국지도로","소로","6m미만","2026-03-01 11:18:04.299"
"3094","도림로53길","일반도로","국지도로","소로","6m미만","2026-03-01 11:18:04.299"
"3095","도림로54길","일반도로","국지도로","소로3류","폭6-8m","2026-03-01 11:18:04.299"
"3096","도림로55길","일반도로","국지도로","소로","6m미만","2026-03-01 11:18:04.299"
"3097","도림로57길","일반도로","국지도로","소로","6m미만","2026-03-01 11:18:04.299"
"3098","도림로58길","일반도로","국지도로","소로","6m미만","2026-03-01 11:18:04.299"
"3099","도림로59길","일반도로","국지도로","소로","6m미만","2026-03-01 11:18:04.299"
"3100","도림로61가길","일반도로","국지도로","소로","6m미만","2026-03-01 11:18:04.299"
"3101","도림로61길","일반도로","국지도로","소로3류","폭6-8m","2026-03-01 11:18:04.304"
"3102","도림로61나길","일반도로","국지도로","소로","6m미만","2026-03-01 11:18:04.304"
"3103","도림로62가길","일반도로","국지도로","소로","6m미만","2026-03-01 11:18:04.304"
"3104","도림로62길","일반도로","국지도로","소로3류","폭6-8m","2026-03-01 11:18:04.304"
"3105","도림로62나길","일반도로","국지도로","소로","6m미만","2026-03-01 11:18:04.304"
"3106","도림로63가길","일반도로","국지도로","소로","6m미만","2026-03-01 11:18:04.304"
"3107","도림로63길","일반도로","국지도로","소로","6m미만","2026-03-01 11:18:04.304"
"3108","도림로63나길","일반도로","국지도로","소로","6m미만","2026-03-01 11:18:04.304"
"3109","도림로63다길","일반도로","국지도로","소로","6m미만","2026-03-01 11:18:04.304"
"3110","도림로63라길","일반도로","국지도로","소로","6m미만","2026-03-01 11:18:04.304"
"3111","도림로64가길","일반도로","국지도로","소로","6m미만","2026-03-01 11:18:04.31"
"3112","도림로64길","일반도로","국지도로","소로","6m미만","2026-03-01 11:18:04.31"
"3113","도림로65길","일반도로","국지도로","소로","6m미만","2026-03-01 11:18:04.31"
"3114","도림로69길","일반도로","국지도로","소로","6m미만","2026-03-01 11:18:04.31"
"3115","도림로6길","일반도로","국지도로","소로","6m미만","2026-03-01 11:18:04.31"
"3116","도림로73길","일반도로","국지도로","소로","6m미만","2026-03-01 11:18:04.31"
"3117","도림로75길","일반도로","국지도로","소로","6m미만","2026-03-01 11:18:04.31"
"3118","도림로77길","일반도로","국지도로","소로","6m미만","2026-03-01 11:18:04.31"
"3119","도림로80가길","일반도로","국지도로","소로","6m미만","2026-03-01 11:18:04.31"
"3120","도림로80길","일반도로","국지도로","소로3류","폭6-8m","2026-03-01 11:18:04.31"
"3121","도림로81길","일반도로","국지도로","소로","6m미만","2026-03-01 11:18:04.314"
"3122","도림로83길","일반도로","국지도로","소로","6m미만","2026-03-01 11:18:04.314"
"3123","도림로85길","일반도로","국지도로","소로","6m미만","2026-03-01 11:18:04.314"
"3124","도림로86길","일반도로","국지도로","중로2류","폭15-20m","2026-03-01 11:18:04.314"
"3125","도림로87길","일반도로","국지도로","소로","6m미만","2026-03-01 11:18:04.314"
"3126","도림로89길","일반도로","국지도로","소로","6m미만","2026-03-01 11:18:04.314"
"3127","도림로8길","일반도로","국지도로","소로","6m미만","2026-03-01 11:18:04.314"
"3128","도림로91길","일반도로","국지도로","소로","6m미만","2026-03-01 11:18:04.314"
"3129","도림로96길","일반도로","국지도로","소로","6m미만","2026-03-01 11:18:04.314"
"3130","도림로98길","일반도로","국지도로","소로","6m미만","2026-03-01 11:18:04.314"
"3131","도림천로","일반도로","국지도로","소로","6m미만","2026-03-01 11:18:04.319"
"3132","도림천로11길","일반도로","국지도로","소로","6m미만","2026-03-01 11:18:04.319"
"3133","도림천로12길","일반도로","국지도로","소로2류","폭8-10m","2026-03-01 11:18:04.319"
"3134","도림천로13길","일반도로","국지도로","소로","6m미만","2026-03-01 11:18:04.319"
"3135","도림천로15길","일반도로","국지도로","소로","6m미만","2026-03-01 11:18:04.319"
"3136","도림천로19길","일반도로","국지도로","소로2류","폭8-10m","2026-03-01 11:18:04.319"
"3137","도림천로21길","일반도로","국지도로","소로2류","폭8-10m","2026-03-01 11:18:04.319"
"3138","도봉로","일반도로","국지도로","소로","6m미만","2026-03-01 11:18:04.319"
"3139","도봉로101길","일반도로","국지도로","소로","6m미만","2026-03-01 11:18:04.319"
"3140","도봉로102길","일반도로","국지도로","소로","6m미만","2026-03-01 11:18:04.319"
"3141","도봉로103길","일반도로","국지도로","소로","6m미만","2026-03-01 11:18:04.324"
"3142","도봉로104길","일반도로","국지도로","소로","6m미만","2026-03-01 11:18:04.324"
"3143","도봉로106길","일반도로","국지도로","소로","6m미만","2026-03-01 11:18:04.324"
"3144","도봉로108길","일반도로","국지도로","소로","6m미만","2026-03-01 11:18:04.324"
"3145","도봉로109가길","일반도로","국지도로","소로","6m미만","2026-03-01 11:18:04.324"
"3146","도봉로109길","일반도로","국지도로","소로","6m미만","2026-03-01 11:18:04.324"
"3147","도봉로10가길","일반도로","국지도로","소로","6m미만","2026-03-01 11:18:04.324"
"3148","도봉로10길","일반도로","국지도로","소로2류","폭8-10m","2026-03-01 11:18:04.324"
"3149","도봉로10나길","일반도로","국지도로","소로","6m미만","2026-03-01 11:18:04.324"
"3150","도봉로10다길","일반도로","국지도로","소로","6m미만","2026-03-01 11:18:04.324"
"3151","도봉로10라길","일반도로","국지도로","소로","6m미만","2026-03-01 11:18:04.329"
"3152","도봉로110가길","일반도로","국지도로","소로","6m미만","2026-03-01 11:18:04.329"
"3153","도봉로110길","일반도로","국지도로","소로","6m미만","2026-03-01 11:18:04.329"
"3154","도봉로110나길","일반도로","국지도로","소로","6m미만","2026-03-01 11:18:04.329"
"3155","도봉로110다길","일반도로","국지도로","소로1류","폭10-12m","2026-03-01 11:18:04.329"
"3156","도봉로110라길","일반도로","국지도로","소로","6m미만","2026-03-01 11:18:04.329"
"3157","도봉로110마길","일반도로","국지도로","소로","6m미만","2026-03-01 11:18:04.329"
"3158","도봉로110바길","일반도로","국지도로","소로","6m미만","2026-03-01 11:18:04.329"
"3159","도봉로110아길","일반도로","국지도로","소로","6m미만","2026-03-01 11:18:04.329"
"3160","도봉로112길","일반도로","국지도로","소로","6m미만","2026-03-01 11:18:04.329"
"3161","도봉로113가길","일반도로","국지도로","소로","6m미만","2026-03-01 11:18:04.334"
"3162","도봉로113길","일반도로","국지도로","소로","6m미만","2026-03-01 11:18:04.334"
"3163","도봉로114길","일반도로","국지도로","소로","6m미만","2026-03-01 11:18:04.334"
"3164","도봉로115길","일반도로","국지도로","소로","6m미만","2026-03-01 11:18:04.334"
"3165","도봉로116길","일반도로","국지도로","소로","6m미만","2026-03-01 11:18:04.334"
"3166","도봉로117길","일반도로","국지도로","소로","6m미만","2026-03-01 11:18:04.334"
"3167","도봉로118길","일반도로","국지도로","소로","6m미만","2026-03-01 11:18:04.334"
"3168","도봉로120길","일반도로","국지도로","소로","6m미만","2026-03-01 11:18:04.334"
"3169","도봉로121가길","일반도로","국지도로","소로","6m미만","2026-03-01 11:18:04.334"
"3170","도봉로121길","일반도로","국지도로","소로","6m미만","2026-03-01 11:18:04.334"
"3171","도봉로123길","일반도로","국지도로","소로","6m미만","2026-03-01 11:18:04.338"
"3172","도봉로125길","일반도로","국지도로","소로3류","폭6-8m","2026-03-01 11:18:04.338"
"3173","도봉로126길","일반도로","국지도로","소로","6m미만","2026-03-01 11:18:04.338"
"3174","도봉로127길","일반도로","국지도로","소로3류","폭6-8m","2026-03-01 11:18:04.338"
"3175","도봉로129길","일반도로","국지도로","소로3류","폭6-8m","2026-03-01 11:18:04.338"
"3176","도봉로130길","일반도로","국지도로","소로3류","폭6-8m","2026-03-01 11:18:04.338"
"3177","도봉로131길","일반도로","국지도로","소로3류","폭6-8m","2026-03-01 11:18:04.338"
"3178","도봉로133길","일반도로","국지도로","소로","6m미만","2026-03-01 11:18:04.338"
"3179","도봉로134길","일반도로","국지도로","소로","6m미만","2026-03-01 11:18:04.338"
"3180","도봉로135길","일반도로","국지도로","소로","6m미만","2026-03-01 11:18:04.338"
"3181","도봉로136가길","일반도로","국지도로","중로2류","폭15-20m","2026-03-01 11:18:04.343"
"3182","도봉로136길","일반도로","국지도로","중로1류","폭20-25m","2026-03-01 11:18:04.343"
"3183","도봉로136나길","일반도로","국지도로","중로2류","폭15-20m","2026-03-01 11:18:04.343"
"3184","도봉로136다길","일반도로","국지도로","소로","6m미만","2026-03-01 11:18:04.343"
"3185","도봉로137길","일반도로","국지도로","소로","6m미만","2026-03-01 11:18:04.343"
"3186","도봉로139길","일반도로","국지도로","소로","6m미만","2026-03-01 11:18:04.343"
"3187","도봉로13가길","일반도로","국지도로","소로","6m미만","2026-03-01 11:18:04.343"
"3188","도봉로13길","일반도로","국지도로","소로","6m미만","2026-03-01 11:18:04.343"
"3189","도봉로13나길","일반도로","국지도로","소로","6m미만","2026-03-01 11:18:04.343"
"3190","도봉로140길","일반도로","국지도로","소로","6m미만","2026-03-01 11:18:04.343"
"3191","도봉로141길","일반도로","국지도로","소로","6m미만","2026-03-01 11:18:04.347"
"3192","도봉로143길","일반도로","국지도로","소로","6m미만","2026-03-01 11:18:04.347"
"3193","도봉로145가길","일반도로","국지도로","소로","6m미만","2026-03-01 11:18:04.347"
"3194","도봉로145길","일반도로","국지도로","소로","6m미만","2026-03-01 11:18:04.347"
"3195","도봉로145나길","일반도로","국지도로","소로","6m미만","2026-03-01 11:18:04.347"
"3196","도봉로146길","일반도로","국지도로","중로2류","폭15-20m","2026-03-01 11:18:04.347"
"3197","도봉로147길","일반도로","국지도로","소로","6m미만","2026-03-01 11:18:04.347"
"3198","도봉로149길","일반도로","국지도로","소로3류","폭6-8m","2026-03-01 11:18:04.347"
"3199","도봉로14길","일반도로","국지도로","중로1류","폭20-25m","2026-03-01 11:18:04.347"
"3200","도봉로150가길","일반도로","국지도로","소로3류","폭6-8m","2026-03-01 11:18:04.347"
"3201","도봉로150길","일반도로","국지도로","중로2류","폭15-20m","2026-03-01 11:18:04.352"
"3202","도봉로150나길","일반도로","국지도로","소로1류","폭10-12m","2026-03-01 11:18:04.352"
"3203","도봉로150다길","일반도로","국지도로","소로1류","폭10-12m","2026-03-01 11:18:04.352"
"3204","도봉로150라길","일반도로","국지도로","소로2류","폭8-10m","2026-03-01 11:18:04.352"
"3205","도봉로150마길","일반도로","국지도로","소로1류","폭10-12m","2026-03-01 11:18:04.352"
"3206","도봉로150바길","일반도로","국지도로","소로3류","폭6-8m","2026-03-01 11:18:04.352"
"3207","도봉로151길","일반도로","국지도로","소로","6m미만","2026-03-01 11:18:04.352"
"3208","도봉로152가길","일반도로","국지도로","소로","6m미만","2026-03-01 11:18:04.352"
"3209","도봉로152길","일반도로","국지도로","소로3류","폭6-8m","2026-03-01 11:18:04.352"
"3210","도봉로153길","일반도로","국지도로","소로","6m미만","2026-03-01 11:18:04.352"
"3211","도봉로154가길","일반도로","국지도로","소로","6m미만","2026-03-01 11:18:04.357"
"3212","도봉로154길","일반도로","국지도로","소로3류","폭6-8m","2026-03-01 11:18:04.357"
"3213","도봉로155길","일반도로","국지도로","소로","6m미만","2026-03-01 11:18:04.357"
"3214","도봉로156길","일반도로","국지도로","소로","6m미만","2026-03-01 11:18:04.357"
"3215","도봉로157길","일반도로","국지도로","소로","6m미만","2026-03-01 11:18:04.357"
"3216","도봉로159길","일반도로","국지도로","소로","6m미만","2026-03-01 11:18:04.357"
"3217","도봉로15길","일반도로","국지도로","소로1류","폭10-12m","2026-03-01 11:18:04.357"
"3218","도봉로160가길","일반도로","국지도로","소로","6m미만","2026-03-01 11:18:04.357"
"3219","도봉로160길","일반도로","국지도로","소로","6m미만","2026-03-01 11:18:04.357"
"3220","도봉로162길","일반도로","국지도로","소로","6m미만","2026-03-01 11:18:04.357"
"3221","도봉로163길","일반도로","국지도로","소로","6m미만","2026-03-01 11:18:04.362"
"3222","도봉로164길","일반도로","국지도로","소로","6m미만","2026-03-01 11:18:04.362"
"3223","도봉로165길","일반도로","국지도로","소로","6m미만","2026-03-01 11:18:04.362"
"3224","도봉로167길","일반도로","국지도로","소로3류","폭6-8m","2026-03-01 11:18:04.362"
"3225","도봉로168길","일반도로","국지도로","소로3류","폭6-8m","2026-03-01 11:18:04.362"
"3226","도봉로169가길","일반도로","국지도로","소로","6m미만","2026-03-01 11:18:04.362"
"3227","도봉로169길","일반도로","국지도로","소로","6m미만","2026-03-01 11:18:04.362"
"3228","도봉로169나길","일반도로","국지도로","소로","6m미만","2026-03-01 11:18:04.362"
"3229","도봉로169다길","일반도로","국지도로","소로","6m미만","2026-03-01 11:18:04.362"
"3230","도봉로169라길","일반도로","국지도로","소로","6m미만","2026-03-01 11:18:04.362"
"3231","도봉로16길","일반도로","국지도로","소로","6m미만","2026-03-01 11:18:04.366"
"3232","도봉로170길","일반도로","국지도로","소로2류","폭8-10m","2026-03-01 11:18:04.366"
"3233","도봉로171길","일반도로","국지도로","소로3류","폭6-8m","2026-03-01 11:18:04.366"
"3234","도봉로173가길","일반도로","국지도로","소로","6m미만","2026-03-01 11:18:04.366"
"3235","도봉로173길","일반도로","국지도로","소로","6m미만","2026-03-01 11:18:04.366"
"3236","도봉로173나길","일반도로","국지도로","소로","6m미만","2026-03-01 11:18:04.366"
"3237","도봉로173다길","일반도로","국지도로","소로","6m미만","2026-03-01 11:18:04.366"
"3238","도봉로175길","일반도로","국지도로","소로","6m미만","2026-03-01 11:18:04.366"
"3239","도봉로177가길","일반도로","국지도로","소로","6m미만","2026-03-01 11:18:04.366"
"3240","도봉로177길","일반도로","국지도로","소로","6m미만","2026-03-01 11:18:04.366"
"3241","도봉로179길","일반도로","국지도로","소로","6m미만","2026-03-01 11:18:04.371"
"3242","도봉로180가길","일반도로","국지도로","소로2류","폭8-10m","2026-03-01 11:18:04.371"
"3243","도봉로180길","일반도로","국지도로","소로1류","폭10-12m","2026-03-01 11:18:04.371"
"3244","도봉로180나길","일반도로","국지도로","소로2류","폭8-10m","2026-03-01 11:18:04.371"
"3245","도봉로181가길","일반도로","국지도로","소로","6m미만","2026-03-01 11:18:04.371"
"3246","도봉로181길","일반도로","국지도로","소로","6m미만","2026-03-01 11:18:04.371"
"3247","도봉로181나길","일반도로","국지도로","소로","6m미만","2026-03-01 11:18:04.371"
"3248","도봉로183길","일반도로","국지도로","소로","6m미만","2026-03-01 11:18:04.371"
"3249","도봉로185길","일반도로","국지도로","소로","6m미만","2026-03-01 11:18:04.371"
"3250","도봉로187길","일반도로","국지도로","소로3류","폭6-8m","2026-03-01 11:18:04.371"
"3251","도봉로18가길","일반도로","국지도로","소로","6m미만","2026-03-01 11:18:04.376"
"3252","도봉로18길","일반도로","국지도로","소로","6m미만","2026-03-01 11:18:04.376"
"3253","도봉로18나길","일반도로","국지도로","소로","6m미만","2026-03-01 11:18:04.376"
"3254","도봉로18다길","일반도로","국지도로","소로","6m미만","2026-03-01 11:18:04.376"
"3255","도봉로18라길","일반도로","국지도로","소로","6m미만","2026-03-01 11:18:04.376"
"3256","도봉로191가길","일반도로","국지도로","소로","6m미만","2026-03-01 11:18:04.376"
"3257","도봉로191길","일반도로","국지도로","소로","6m미만","2026-03-01 11:18:04.376"
"3258","도봉로19길","일반도로","국지도로","소로","6m미만","2026-03-01 11:18:04.376"
"3259","도봉로1길","일반도로","국지도로","소로","6m미만","2026-03-01 11:18:04.376"
"3260","도봉로20가길","일반도로","국지도로","중로2류","폭15-20m","2026-03-01 11:18:04.376"
"3261","도봉로20길","일반도로","국지도로","소로","6m미만","2026-03-01 11:18:04.38"
"3262","도봉로20나길","일반도로","국지도로","소로","6m미만","2026-03-01 11:18:04.38"
"3263","도봉로21길","일반도로","국지도로","소로","6m미만","2026-03-01 11:18:04.38"
"3264","도봉로22길","일반도로","국지도로","소로","6m미만","2026-03-01 11:18:04.38"
"3265","도봉로23가길","일반도로","국지도로","소로","6m미만","2026-03-01 11:18:04.38"
"3266","도봉로23길","일반도로","국지도로","소로","6m미만","2026-03-01 11:18:04.38"
"3267","도봉로23나길","일반도로","국지도로","소로","6m미만","2026-03-01 11:18:04.38"
"3268","도봉로24길","일반도로","국지도로","소로","6m미만","2026-03-01 11:18:04.38"
"3269","도봉로25길","일반도로","국지도로","소로","6m미만","2026-03-01 11:18:04.38"
"3270","도봉로26길","일반도로","국지도로","소로","6m미만","2026-03-01 11:18:04.38"
"3271","도봉로27길","일반도로","국지도로","소로","6m미만","2026-03-01 11:18:04.385"
"3272","도봉로28가길","일반도로","국지도로","소로","6m미만","2026-03-01 11:18:04.385"
"3273","도봉로28길","일반도로","국지도로","소로","6m미만","2026-03-01 11:18:04.385"
"3274","도봉로28나길","일반도로","국지도로","소로","6m미만","2026-03-01 11:18:04.385"
"3275","도봉로29길","일반도로","국지도로","소로","6m미만","2026-03-01 11:18:04.385"
"3276","도봉로30길","일반도로","국지도로","소로","6m미만","2026-03-01 11:18:04.385"
"3277","도봉로31길","일반도로","국지도로","소로","6m미만","2026-03-01 11:18:04.385"
"3278","도봉로32길","일반도로","국지도로","소로","6m미만","2026-03-01 11:18:04.385"
"3279","도봉로33길","일반도로","국지도로","소로3류","폭6-8m","2026-03-01 11:18:04.385"
"3280","도봉로34길","일반도로","국지도로","소로","6m미만","2026-03-01 11:18:04.385"
"3281","도봉로35길","일반도로","국지도로","소로","6m미만","2026-03-01 11:18:04.39"
"3282","도봉로36길","일반도로","국지도로","소로3류","폭6-8m","2026-03-01 11:18:04.39"
"3283","도봉로37길","일반도로","국지도로","소로","6m미만","2026-03-01 11:18:04.39"
"3284","도봉로38길","일반도로","국지도로","소로","6m미만","2026-03-01 11:18:04.39"
"3285","도봉로39길","일반도로","국지도로","소로","6m미만","2026-03-01 11:18:04.39"
"3286","도봉로3가길","일반도로","국지도로","소로","6m미만","2026-03-01 11:18:04.39"
"3287","도봉로3길","일반도로","국지도로","소로","6m미만","2026-03-01 11:18:04.39"
"3288","도봉로3나길","일반도로","국지도로","소로","6m미만","2026-03-01 11:18:04.39"
"3289","도봉로41길","일반도로","국지도로","소로","6m미만","2026-03-01 11:18:04.39"
"3290","도봉로45길","일반도로","국지도로","소로","6m미만","2026-03-01 11:18:04.39"
"3291","도봉로46길","일반도로","국지도로","소로","6m미만","2026-03-01 11:18:04.395"
"3292","도봉로47길","일반도로","국지도로","소로","6m미만","2026-03-01 11:18:04.395"
"3293","도봉로49길","일반도로","국지도로","소로","6m미만","2026-03-01 11:18:04.395"
"3294","도봉로4길","일반도로","국지도로","소로3류","폭6-8m","2026-03-01 11:18:04.395"
"3295","도봉로50길","일반도로","국지도로","소로","6m미만","2026-03-01 11:18:04.395"
"3296","도봉로51길","일반도로","국지도로","소로","6m미만","2026-03-01 11:18:04.395"
"3297","도봉로53가길","일반도로","국지도로","소로","6m미만","2026-03-01 11:18:04.395"
"3298","도봉로53길","일반도로","국지도로","소로","6m미만","2026-03-01 11:18:04.395"
"3299","도봉로54길","일반도로","국지도로","소로2류","폭8-10m","2026-03-01 11:18:04.395"
"3300","도봉로55길","일반도로","국지도로","소로","6m미만","2026-03-01 11:18:04.395"
"3301","도봉로57길","일반도로","국지도로","소로","6m미만","2026-03-01 11:18:04.399"
"3302","도봉로59길","일반도로","국지도로","소로","6m미만","2026-03-01 11:18:04.399"
"3303","도봉로61길","일반도로","국지도로","소로","6m미만","2026-03-01 11:18:04.399"
"3304","도봉로63길","일반도로","국지도로","소로","6m미만","2026-03-01 11:18:04.399"
"3305","도봉로65길","일반도로","국지도로","소로","6m미만","2026-03-01 11:18:04.399"
"3306","도봉로66길","일반도로","국지도로","소로3류","폭6-8m","2026-03-01 11:18:04.399"
"3307","도봉로67가길","일반도로","국지도로","소로","6m미만","2026-03-01 11:18:04.399"
"3308","도봉로67길","일반도로","국지도로","소로","6m미만","2026-03-01 11:18:04.399"
"3309","도봉로67나길","일반도로","국지도로","소로","6m미만","2026-03-01 11:18:04.399"
"3310","도봉로67다길","일반도로","국지도로","소로","6m미만","2026-03-01 11:18:04.399"
"3311","도봉로68길","일반도로","국지도로","소로","6m미만","2026-03-01 11:18:04.404"
"3312","도봉로69길","일반도로","국지도로","소로3류","폭6-8m","2026-03-01 11:18:04.404"
"3313","도봉로6길","일반도로","국지도로","소로","6m미만","2026-03-01 11:18:04.404"
"3314","도봉로71가길","일반도로","국지도로","소로","6m미만","2026-03-01 11:18:04.404"
"3315","도봉로71길","일반도로","국지도로","소로","6m미만","2026-03-01 11:18:04.404"
"3316","도봉로72길","일반도로","국지도로","소로","6m미만","2026-03-01 11:18:04.404"
"3317","도봉로73길","일반도로","국지도로","소로","6m미만","2026-03-01 11:18:04.404"
"3318","도봉로76가길","일반도로","국지도로","소로","6m미만","2026-03-01 11:18:04.404"
"3319","도봉로76길","일반도로","국지도로","소로3류","폭6-8m","2026-03-01 11:18:04.404"
"3320","도봉로77길","일반도로","국지도로","소로","6m미만","2026-03-01 11:18:04.404"
"3321","도봉로78길","일반도로","국지도로","소로","6m미만","2026-03-01 11:18:04.409"
"3322","도봉로81길","일반도로","국지도로","소로","6m미만","2026-03-01 11:18:04.409"
"3323","도봉로82길","일반도로","국지도로","중로2류","폭15-20m","2026-03-01 11:18:04.409"
"3324","도봉로83길","일반도로","국지도로","소로3류","폭6-8m","2026-03-01 11:18:04.409"
"3325","도봉로85길","일반도로","국지도로","소로","6m미만","2026-03-01 11:18:04.409"
"3326","도봉로87길","일반도로","국지도로","소로","6m미만","2026-03-01 11:18:04.409"
"3327","도봉로89길","일반도로","국지도로","소로2류","폭8-10m","2026-03-01 11:18:04.409"
"3328","도봉로8길","일반도로","국지도로","중로2류","폭15-20m","2026-03-01 11:18:04.409"
"3329","도봉로95길","일반도로","국지도로","소로","6m미만","2026-03-01 11:18:04.409"
"3330","도봉로96가길","일반도로","국지도로","소로","6m미만","2026-03-01 11:18:04.409"
"3331","도봉로96길","일반도로","국지도로","소로","6m미만","2026-03-01 11:18:04.414"
"3332","도봉로96나길","일반도로","국지도로","소로","6m미만","2026-03-01 11:18:04.414"
"3333","도봉로96다길","일반도로","국지도로","소로","6m미만","2026-03-01 11:18:04.414"
"3334","도봉로97길","일반도로","국지도로","소로","6m미만","2026-03-01 11:18:04.414"
"3335","도봉로98길","일반도로","국지도로","소로","6m미만","2026-03-01 11:18:04.414"
"3336","도봉로99길","일반도로","국지도로","소로","6m미만","2026-03-01 11:18:04.414"
"3337","도봉산1길","일반도로","국지도로","소로","6m미만","2026-03-01 11:18:04.414"
"3338","도봉산3길","일반도로","국지도로","소로3류","폭6-8m","2026-03-01 11:18:04.414"
"3339","도봉산4가길","일반도로","국지도로","소로3류","폭6-8m","2026-03-01 11:18:04.414"
"3340","도봉산4길","일반도로","국지도로","소로3류","폭6-8m","2026-03-01 11:18:04.414"
"3341","도봉산4나길","일반도로","국지도로","소로3류","폭6-8m","2026-03-01 11:18:04.418"
"3342","도봉산길","일반도로","국지도로","소로","6m미만","2026-03-01 11:18:04.418"
"3343","도봉산입구선","일반도로","보조간선도로","대로3류","폭25-30m","2026-03-01 11:18:04.418"
"3344","도봉역선","일반도로","보조간선도로","중로1류","폭20-25m","2026-03-01 11:18:04.418"
"3345","도산대로","일반도로","국지도로","소로","6m미만","2026-03-01 11:18:04.418"
"3346","도산대로100길","일반도로","국지도로","소로","6m미만","2026-03-01 11:18:04.418"
"3347","도산대로101길","일반도로","국지도로","소로3류","폭6-8m","2026-03-01 11:18:04.419"
"3348","도산대로102길","일반도로","국지도로","소로","6m미만","2026-03-01 11:18:04.419"
"3349","도산대로11길","일반도로","국지도로","소로3류","폭6-8m","2026-03-01 11:18:04.419"
"3350","도산대로12길","일반도로","국지도로","소로","6m미만","2026-03-01 11:18:04.419"
"3351","도산대로15길","일반도로","국지도로","소로3류","폭6-8m","2026-03-01 11:18:04.423"
"3352","도산대로16길","일반도로","국지도로","소로","6m미만","2026-03-01 11:18:04.423"
"3353","도산대로17길","일반도로","국지도로","소로","6m미만","2026-03-01 11:18:04.423"
"3354","도산대로19길","일반도로","국지도로","소로","6m미만","2026-03-01 11:18:04.423"
"3355","도산대로1길","일반도로","국지도로","소로3류","폭6-8m","2026-03-01 11:18:04.423"
"3356","도산대로23길","일반도로","국지도로","소로3류","폭6-8m","2026-03-01 11:18:04.423"
"3357","도산대로24길","일반도로","국지도로","소로2류","폭8-10m","2026-03-01 11:18:04.423"
"3358","도산대로25길","일반도로","국지도로","소로3류","폭6-8m","2026-03-01 11:18:04.423"
"3359","도산대로26길","일반도로","국지도로","소로","6m미만","2026-03-01 11:18:04.423"
"3360","도산대로27길","일반도로","국지도로","소로3류","폭6-8m","2026-03-01 11:18:04.423"
"3361","도산대로28길","일반도로","국지도로","소로","6m미만","2026-03-01 11:18:04.428"
"3362","도산대로30길","일반도로","국지도로","소로","6m미만","2026-03-01 11:18:04.428"
"3363","도산대로33길","일반도로","국지도로","소로","6m미만","2026-03-01 11:18:04.428"
"3364","도산대로34길","일반도로","국지도로","소로","6m미만","2026-03-01 11:18:04.428"
"3365","도산대로35길","일반도로","국지도로","소로","6m미만","2026-03-01 11:18:04.428"
"3366","도산대로37길","일반도로","국지도로","소로3류","폭6-8m","2026-03-01 11:18:04.428"
"3367","도산대로38길","일반도로","국지도로","소로3류","폭6-8m","2026-03-01 11:18:04.428"
"3368","도산대로45길","일반도로","국지도로","소로2류","폭8-10m","2026-03-01 11:18:04.428"
"3369","도산대로46길","일반도로","국지도로","소로1류","폭10-12m","2026-03-01 11:18:04.428"
"3370","도산대로49길","일반도로","국지도로","소로3류","폭6-8m","2026-03-01 11:18:04.428"
"3371","도산대로4길","일반도로","국지도로","소로","6m미만","2026-03-01 11:18:04.432"
"3372","도산대로50길","일반도로","국지도로","소로2류","폭8-10m","2026-03-01 11:18:04.432"
"3373","도산대로51길","일반도로","국지도로","소로","6m미만","2026-03-01 11:18:04.432"
"3374","도산대로53길","일반도로","국지도로","소로","6m미만","2026-03-01 11:18:04.432"
"3375","도산대로54길","일반도로","국지도로","소로","6m미만","2026-03-01 11:18:04.432"
"3376","도산대로55길","일반도로","국지도로","소로","6m미만","2026-03-01 11:18:04.432"
"3377","도산대로56길","일반도로","국지도로","소로","6m미만","2026-03-01 11:18:04.432"
"3378","도산대로57길","일반도로","국지도로","소로2류","폭8-10m","2026-03-01 11:18:04.432"
"3379","도산대로58길","일반도로","국지도로","소로2류","폭8-10m","2026-03-01 11:18:04.432"
"3380","도산대로59길","일반도로","국지도로","소로","6m미만","2026-03-01 11:18:04.432"
"3381","도산대로61길","일반도로","국지도로","소로","6m미만","2026-03-01 11:18:04.437"
"3382","도산대로62길","일반도로","국지도로","소로3류","폭6-8m","2026-03-01 11:18:04.437"
"3383","도산대로63길","일반도로","국지도로","소로","6m미만","2026-03-01 11:18:04.437"
"3384","도산대로66길","일반도로","국지도로","소로","6m미만","2026-03-01 11:18:04.437"
"3385","도산대로67길","일반도로","국지도로","소로","6m미만","2026-03-01 11:18:04.437"
"3386","도산대로68길","일반도로","국지도로","소로","6m미만","2026-03-01 11:18:04.437"
"3387","도산대로6길","일반도로","국지도로","소로","6m미만","2026-03-01 11:18:04.437"
"3388","도산대로70길","일반도로","국지도로","소로","6m미만","2026-03-01 11:18:04.437"
"3389","도산대로72길","일반도로","국지도로","소로","6m미만","2026-03-01 11:18:04.437"
"3390","도산대로75길","일반도로","국지도로","소로3류","폭6-8m","2026-03-01 11:18:04.437"
"3391","도산대로78길","일반도로","국지도로","소로","6m미만","2026-03-01 11:18:04.442"
"3392","도산대로81길","일반도로","국지도로","소로3류","폭6-8m","2026-03-01 11:18:04.442"
"3393","도산대로83길","일반도로","국지도로","소로","6m미만","2026-03-01 11:18:04.442"
"3394","도산대로85길","일반도로","국지도로","소로","6m미만","2026-03-01 11:18:04.442"
"3395","도산대로87길","일반도로","국지도로","소로","6m미만","2026-03-01 11:18:04.442"
"3396","도산대로89길","일반도로","국지도로","소로","6m미만","2026-03-01 11:18:04.442"
"3397","도산대로8길","일반도로","국지도로","소로","6m미만","2026-03-01 11:18:04.442"
"3398","도산대로90길","일반도로","국지도로","소로3류","폭6-8m","2026-03-01 11:18:04.442"
"3399","도산대로92길","일반도로","국지도로","소로3류","폭6-8m","2026-03-01 11:18:04.442"
"3400","도산대로94길","일반도로","국지도로","소로3류","폭6-8m","2026-03-01 11:18:04.442"
"3401","도산대로96길","일반도로","국지도로","소로3류","폭6-8m","2026-03-01 11:18:04.447"
"3402","도산대로98길","일반도로","국지도로","소로3류","폭6-8m","2026-03-01 11:18:04.447"
"3403","도산대로99길","일반도로","국지도로","소로","6m미만","2026-03-01 11:18:04.447"
"3404","도선사길","일반도로","국지도로","중로2류","폭15-20m","2026-03-01 11:18:04.447"
"3405","도신로","일반도로","국지도로","소로","6m미만","2026-03-01 11:18:04.447"
"3406","도신로10가길","일반도로","국지도로","소로","6m미만","2026-03-01 11:18:04.447"
"3407","도신로10길","일반도로","국지도로","소로","6m미만","2026-03-01 11:18:04.447"
"3408","도신로12길","일반도로","국지도로","소로2류","폭8-10m","2026-03-01 11:18:04.447"
"3409","도신로15가길","일반도로","국지도로","소로","6m미만","2026-03-01 11:18:04.447"
"3410","도신로15길","일반도로","국지도로","소로3류","폭6-8m","2026-03-01 11:18:04.447"
"3411","도신로15나길","일반도로","국지도로","소로","6m미만","2026-03-01 11:18:04.451"
"3412","도신로15다길","일반도로","국지도로","소로3류","폭6-8m","2026-03-01 11:18:04.452"
"3413","도신로15라길","일반도로","국지도로","소로2류","폭8-10m","2026-03-01 11:18:04.452"
"3414","도신로17길","일반도로","국지도로","소로3류","폭6-8m","2026-03-01 11:18:04.452"
"3415","도신로19가길","일반도로","국지도로","소로","6m미만","2026-03-01 11:18:04.452"
"3416","도신로19길","일반도로","국지도로","소로","6m미만","2026-03-01 11:18:04.452"
"3417","도신로24길","일반도로","국지도로","소로","6m미만","2026-03-01 11:18:04.452"
"3418","도신로25길","일반도로","국지도로","소로","6m미만","2026-03-01 11:18:04.452"
"3419","도신로27길","일반도로","국지도로","소로","6m미만","2026-03-01 11:18:04.452"
"3420","도신로29가길","일반도로","국지도로","소로","6m미만","2026-03-01 11:18:04.452"
"3421","도신로29길","일반도로","국지도로","소로3류","폭6-8m","2026-03-01 11:18:04.456"
"3422","도신로29나길","일반도로","국지도로","소로","6m미만","2026-03-01 11:18:04.456"
"3423","도신로29다길","일반도로","국지도로","소로","6m미만","2026-03-01 11:18:04.456"
"3424","도신로29라길","일반도로","국지도로","소로","6m미만","2026-03-01 11:18:04.456"
"3425","도신로29마길","일반도로","국지도로","소로","6m미만","2026-03-01 11:18:04.456"
"3426","도신로29바길","일반도로","국지도로","소로","6m미만","2026-03-01 11:18:04.456"
"3427","도신로29사길","일반도로","국지도로","소로","6m미만","2026-03-01 11:18:04.456"
"3428","도신로33가길","일반도로","국지도로","소로","6m미만","2026-03-01 11:18:04.456"
"3429","도신로33길","일반도로","국지도로","소로","6m미만","2026-03-01 11:18:04.456"
"3430","도신로35길","일반도로","국지도로","소로","6m미만","2026-03-01 11:18:04.456"
"3431","도신로36길","일반도로","국지도로","소로","6m미만","2026-03-01 11:18:04.461"
"3432","도신로39가길","일반도로","국지도로","소로","6m미만","2026-03-01 11:18:04.461"
"3433","도신로39길","일반도로","국지도로","소로","6m미만","2026-03-01 11:18:04.461"
"3434","도신로40길","일반도로","국지도로","소로","6m미만","2026-03-01 11:18:04.461"
"3435","도신로43길","일반도로","국지도로","소로","6m미만","2026-03-01 11:18:04.461"
"3436","도신로47가길","일반도로","국지도로","소로","6m미만","2026-03-01 11:18:04.461"
"3437","도신로47길","일반도로","국지도로","소로","6m미만","2026-03-01 11:18:04.461"
"3438","도신로48길","일반도로","국지도로","소로","6m미만","2026-03-01 11:18:04.461"
"3439","도신로49길","일반도로","국지도로","소로","6m미만","2026-03-01 11:18:04.461"
"3440","도신로4길","일반도로","국지도로","중로2류","폭15-20m","2026-03-01 11:18:04.461"
"3441","도신로51길","일반도로","국지도로","소로","6m미만","2026-03-01 11:18:04.466"
"3442","도신로52길","일반도로","국지도로","소로","6m미만","2026-03-01 11:18:04.466"
"3443","도신로53길","일반도로","국지도로","소로","6m미만","2026-03-01 11:18:04.466"
"3444","도신로54길","일반도로","국지도로","소로","6m미만","2026-03-01 11:18:04.466"
"3445","도신로56가길","일반도로","국지도로","소로","6m미만","2026-03-01 11:18:04.466"
"3446","도신로56길","일반도로","국지도로","소로","6m미만","2026-03-01 11:18:04.466"
"3447","도신로58길","일반도로","국지도로","소로","6m미만","2026-03-01 11:18:04.466"
"3448","도신로60길","일반도로","국지도로","소로3류","폭6-8m","2026-03-01 11:18:04.466"
"3449","도신로62길","일반도로","국지도로","소로","6m미만","2026-03-01 11:18:04.466"
"3450","도신로64가길","일반도로","국지도로","소로","6m미만","2026-03-01 11:18:04.466"
"3451","도신로64길","일반도로","국지도로","소로","6m미만","2026-03-01 11:18:04.47"
"3452","도신로65길","일반도로","국지도로","소로","6m미만","2026-03-01 11:18:04.47"
"3453","도신로68길","일반도로","국지도로","소로","6m미만","2026-03-01 11:18:04.47"
"3454","도신로6길","일반도로","국지도로","소로","6m미만","2026-03-01 11:18:04.47"
"3455","도신로8가길","일반도로","국지도로","소로","6m미만","2026-03-01 11:18:04.47"
"3456","도신로8길","일반도로","국지도로","소로","6m미만","2026-03-01 11:18:04.47"
"3457","도신로9길","일반도로","국지도로","소로","6m미만","2026-03-01 11:18:04.47"
"3458","도심순환도로","일반도로","주간선도로","대로2류","폭30-35m","2026-03-01 11:18:04.47"
"3459","도영로","일반도로","국지도로","소로1류","폭10-12m","2026-03-01 11:18:04.47"
"3460","도영로11길","일반도로","국지도로","소로","6m미만","2026-03-01 11:18:04.47"
"3461","도영로20길","일반도로","국지도로","소로2류","폭8-10m","2026-03-01 11:18:04.475"
"3462","도영로22길","일반도로","국지도로","중로2류","폭15-20m","2026-03-01 11:18:04.475"
"3463","도영로7가길","일반도로","국지도로","소로","6m미만","2026-03-01 11:18:04.475"
"3464","도영로7길","일반도로","국지도로","소로","6m미만","2026-03-01 11:18:04.475"
"3465","도화2길","일반도로","국지도로","소로","6m미만","2026-03-01 11:18:04.475"
"3466","도화2안길","일반도로","국지도로","소로","6m미만","2026-03-01 11:18:04.475"
"3467","도화4길","일반도로","국지도로","소로3류","폭6-8m","2026-03-01 11:18:04.475"
"3468","도화길","일반도로","국지도로","소로","6m미만","2026-03-01 11:18:04.475"
"3469","독립문공원길","일반도로","국지도로","중로1류","폭20-25m","2026-03-01 11:18:04.475"
"3470","독립문로","일반도로","국지도로","소로","6m미만","2026-03-01 11:18:04.475"
"3471","독립문로10길","일반도로","국지도로","소로3류","폭6-8m","2026-03-01 11:18:04.48"
"3472","독립문로12가길","일반도로","국지도로","소로","6m미만","2026-03-01 11:18:04.48"
"3473","독립문로12길","일반도로","국지도로","소로","6m미만","2026-03-01 11:18:04.48"
"3474","독립문로12나길","일반도로","국지도로","소로","6m미만","2026-03-01 11:18:04.48"
"3475","독립문로14길","일반도로","국지도로","소로2류","폭8-10m","2026-03-01 11:18:04.48"
"3476","독립문로3길","일반도로","국지도로","소로","6m미만","2026-03-01 11:18:04.48"
"3477","독립문로4길","일반도로","국지도로","소로","6m미만","2026-03-01 11:18:04.48"
"3478","독립문로6길","일반도로","국지도로","소로","6m미만","2026-03-01 11:18:04.48"
"3479","독립문로8길","일반도로","국지도로","소로","6m미만","2026-03-01 11:18:04.48"
"3480","독립문로8안길","일반도로","국지도로","소로","6m미만","2026-03-01 11:18:04.48"
"3481","독막로","일반도로","국지도로","소로","6m미만","2026-03-01 11:18:04.485"
"3482","독막로12길","일반도로","국지도로","소로","6m미만","2026-03-01 11:18:04.485"
"3483","독막로12안길","일반도로","국지도로","소로","6m미만","2026-03-01 11:18:04.485"
"3484","독막로14길","일반도로","국지도로","소로","6m미만","2026-03-01 11:18:04.485"
"3485","독막로15길","일반도로","국지도로","소로","6m미만","2026-03-01 11:18:04.485"
"3486","독막로18길","일반도로","국지도로","소로3류","폭6-8m","2026-03-01 11:18:04.485"
"3487","독막로19길","일반도로","국지도로","소로","6m미만","2026-03-01 11:18:04.485"
"3488","독막로20길","일반도로","국지도로","소로","6m미만","2026-03-01 11:18:04.485"
"3489","독막로20나길","일반도로","국지도로","중로1류","폭20-25m","2026-03-01 11:18:04.485"
"3490","독막로21길","일반도로","국지도로","소로","6m미만","2026-03-01 11:18:04.485"
"3491","독막로22길","일반도로","국지도로","소로3류","폭6-8m","2026-03-01 11:18:04.49"
"3492","독막로24길","일반도로","국지도로","소로","6m미만","2026-03-01 11:18:04.49"
"3493","독막로26길","일반도로","국지도로","소로3류","폭6-8m","2026-03-01 11:18:04.49"
"3494","독막로27길","일반도로","국지도로","소로","6m미만","2026-03-01 11:18:04.49"
"3495","독막로28길","일반도로","국지도로","소로","6m미만","2026-03-01 11:18:04.49"
"3496","독막로29길","일반도로","국지도로","소로","6m미만","2026-03-01 11:18:04.49"
"3497","독막로2길","일반도로","국지도로","소로3류","폭6-8m","2026-03-01 11:18:04.49"
"3498","독막로31길","일반도로","국지도로","소로","6m미만","2026-03-01 11:18:04.49"
"3499","독막로32길","일반도로","국지도로","소로","6m미만","2026-03-01 11:18:04.49"
"3500","독막로32안길","일반도로","국지도로","소로","6m미만","2026-03-01 11:18:04.49"
"3501","독막로34길","일반도로","국지도로","소로","6m미만","2026-03-01 11:18:04.495"
"3502","독막로36길","일반도로","국지도로","소로","6m미만","2026-03-01 11:18:04.495"
"3503","독막로38길","일반도로","국지도로","소로","6m미만","2026-03-01 11:18:04.495"
"3504","독막로3길","일반도로","국지도로","소로","6m미만","2026-03-01 11:18:04.495"
"3505","독막로40길","일반도로","국지도로","소로","6m미만","2026-03-01 11:18:04.495"
"3506","독막로42길","일반도로","국지도로","소로1류","폭10-12m","2026-03-01 11:18:04.495"
"3507","독막로4길","일반도로","국지도로","소로","6m미만","2026-03-01 11:18:04.495"
"3508","독막로5길","일반도로","국지도로","소로3류","폭6-8m","2026-03-01 11:18:04.495"
"3509","독막로6길","일반도로","국지도로","소로3류","폭6-8m","2026-03-01 11:18:04.495"
"3510","독막로7길","일반도로","국지도로","소로3류","폭6-8m","2026-03-01 11:18:04.495"
"3511","독막로8길","일반도로","국지도로","소로3류","폭6-8m","2026-03-01 11:18:04.499"
"3512","독막로9길","일반도로","국지도로","소로","6m미만","2026-03-01 11:18:04.499"
"3513","독산~등촌선","일반도로","보조간선도로","대로2류","폭30-35m","2026-03-01 11:18:04.499"
"3514","독산~봉천선","일반도로","보조간선도로","중로1류","폭20-25m","2026-03-01 11:18:04.499"
"3515","독산로","일반도로","국지도로","소로","6m미만","2026-03-01 11:18:04.499"
"3516","독산로101길","일반도로","국지도로","소로","6m미만","2026-03-01 11:18:04.499"
"3517","독산로102길","일반도로","국지도로","소로","6m미만","2026-03-01 11:18:04.499"
"3518","독산로103길","일반도로","국지도로","소로","6m미만","2026-03-01 11:18:04.499"
"3519","독산로106길","일반도로","국지도로","소로","6m미만","2026-03-01 11:18:04.499"
"3520","독산로107길","일반도로","국지도로","소로","6m미만","2026-03-01 11:18:04.499"
"3521","독산로108길","일반도로","국지도로","소로3류","폭6-8m","2026-03-01 11:18:04.504"
"3522","독산로109길","일반도로","국지도로","소로3류","폭6-8m","2026-03-01 11:18:04.504"
"3523","독산로10가길","일반도로","국지도로","소로","6m미만","2026-03-01 11:18:04.504"
"3524","독산로10길","일반도로","국지도로","소로","6m미만","2026-03-01 11:18:04.504"
"3525","독산로11길","일반도로","국지도로","소로3류","폭6-8m","2026-03-01 11:18:04.504"
"3526","독산로14길","일반도로","국지도로","소로","6m미만","2026-03-01 11:18:04.504"
"3527","독산로16길","일반도로","국지도로","소로","6m미만","2026-03-01 11:18:04.504"
"3528","독산로18길","일반도로","국지도로","소로","6m미만","2026-03-01 11:18:04.504"
"3529","독산로1길","일반도로","국지도로","소로","6m미만","2026-03-01 11:18:04.504"
"3530","독산로20길","일반도로","국지도로","소로","6m미만","2026-03-01 11:18:04.504"
"3531","독산로21길","일반도로","국지도로","소로","6m미만","2026-03-01 11:18:04.509"
"3532","독산로22가길","일반도로","국지도로","소로","6m미만","2026-03-01 11:18:04.509"
"3533","독산로22길","일반도로","국지도로","소로","6m미만","2026-03-01 11:18:04.509"
"3534","독산로23길","일반도로","국지도로","소로","6m미만","2026-03-01 11:18:04.509"
"3535","독산로24가길","일반도로","국지도로","소로","6m미만","2026-03-01 11:18:04.509"
"3536","독산로24길","일반도로","국지도로","소로","6m미만","2026-03-01 11:18:04.509"
"3537","독산로24나길","일반도로","국지도로","소로","6m미만","2026-03-01 11:18:04.509"
"3538","독산로24다길","일반도로","국지도로","소로","6m미만","2026-03-01 11:18:04.509"
"3539","독산로24라길","일반도로","국지도로","소로","6m미만","2026-03-01 11:18:04.509"
"3540","독산로24마길","일반도로","국지도로","소로","6m미만","2026-03-01 11:18:04.509"
"3541","독산로25길","일반도로","국지도로","소로","6m미만","2026-03-01 11:18:04.514"
"3542","독산로26길","일반도로","국지도로","소로","6m미만","2026-03-01 11:18:04.514"
"3543","독산로27길","일반도로","국지도로","소로","6m미만","2026-03-01 11:18:04.514"
"3544","독산로28가길","일반도로","국지도로","소로","6m미만","2026-03-01 11:18:04.514"
"3545","독산로28길","일반도로","국지도로","소로","6m미만","2026-03-01 11:18:04.514"
"3546","독산로28나길","일반도로","국지도로","소로","6m미만","2026-03-01 11:18:04.514"
"3547","독산로29길","일반도로","국지도로","소로","6m미만","2026-03-01 11:18:04.514"
"3548","독산로2길","일반도로","국지도로","소로3류","폭6-8m","2026-03-01 11:18:04.514"
"3549","독산로31길","일반도로","국지도로","소로","6m미만","2026-03-01 11:18:04.514"
"3550","독산로32가길","일반도로","국지도로","소로","6m미만","2026-03-01 11:18:04.514"
"3551","독산로32길","일반도로","국지도로","소로","6m미만","2026-03-01 11:18:04.518"
"3552","독산로32나길","일반도로","국지도로","소로","6m미만","2026-03-01 11:18:04.518"
"3553","독산로32다길","일반도로","국지도로","소로","6m미만","2026-03-01 11:18:04.518"
"3554","독산로33길","일반도로","국지도로","소로","6m미만","2026-03-01 11:18:04.518"
"3555","독산로35가길","일반도로","국지도로","소로","6m미만","2026-03-01 11:18:04.518"
"3556","독산로35길","일반도로","국지도로","소로","6m미만","2026-03-01 11:18:04.518"
"3557","독산로36가길","일반도로","국지도로","소로","6m미만","2026-03-01 11:18:04.518"
"3558","독산로36길","일반도로","국지도로","소로","6m미만","2026-03-01 11:18:04.518"
"3559","독산로36나길","일반도로","국지도로","소로3류","폭6-8m","2026-03-01 11:18:04.518"
"3560","독산로38길","일반도로","국지도로","소로","6m미만","2026-03-01 11:18:04.518"
"3561","독산로39길","일반도로","국지도로","소로","6m미만","2026-03-01 11:18:04.523"
"3562","독산로3길","일반도로","국지도로","소로","6m미만","2026-03-01 11:18:04.523"
"3563","독산로40길","일반도로","국지도로","소로","6m미만","2026-03-01 11:18:04.523"
"3564","독산로41가길","일반도로","국지도로","소로","6m미만","2026-03-01 11:18:04.523"
"3565","독산로41길","일반도로","국지도로","소로","6m미만","2026-03-01 11:18:04.523"
"3566","독산로43가길","일반도로","국지도로","소로","6m미만","2026-03-01 11:18:04.523"
"3567","독산로43길","일반도로","국지도로","소로","6m미만","2026-03-01 11:18:04.523"
"3568","독산로44가길","일반도로","국지도로","소로","6m미만","2026-03-01 11:18:04.523"
"3569","독산로44길","일반도로","국지도로","소로","6m미만","2026-03-01 11:18:04.523"
"3570","독산로44나길","일반도로","국지도로","소로","6m미만","2026-03-01 11:18:04.523"
"3571","독산로44다길","일반도로","국지도로","소로","6m미만","2026-03-01 11:18:04.527"
"3572","독산로44라길","일반도로","국지도로","소로","6m미만","2026-03-01 11:18:04.527"
"3573","독산로45가길","일반도로","국지도로","소로","6m미만","2026-03-01 11:18:04.527"
"3574","독산로45길","일반도로","국지도로","소로","6m미만","2026-03-01 11:18:04.527"
"3575","독산로45나길","일반도로","국지도로","소로","6m미만","2026-03-01 11:18:04.527"
"3576","독산로47가길","일반도로","국지도로","소로","6m미만","2026-03-01 11:18:04.527"
"3577","독산로47길","일반도로","국지도로","소로","6m미만","2026-03-01 11:18:04.527"
"3578","독산로49길","일반도로","국지도로","소로","6m미만","2026-03-01 11:18:04.527"
"3579","독산로4길","일반도로","국지도로","소로","6m미만","2026-03-01 11:18:04.527"
"3580","독산로50가길","일반도로","국지도로","소로","6m미만","2026-03-01 11:18:04.527"
"3581","독산로50길","일반도로","국지도로","소로","6m미만","2026-03-01 11:18:04.532"
"3582","독산로50나길","일반도로","국지도로","소로","6m미만","2026-03-01 11:18:04.532"
"3583","독산로50다길","일반도로","국지도로","소로","6m미만","2026-03-01 11:18:04.532"
"3584","독산로50라길","일반도로","국지도로","소로","6m미만","2026-03-01 11:18:04.532"
"3585","독산로50마길","일반도로","국지도로","소로","6m미만","2026-03-01 11:18:04.532"
"3586","독산로51길","일반도로","국지도로","소로","6m미만","2026-03-01 11:18:04.532"
"3587","독산로52길","일반도로","국지도로","소로3류","폭6-8m","2026-03-01 11:18:04.532"
"3588","독산로53길","일반도로","국지도로","소로","6m미만","2026-03-01 11:18:04.532"
"3589","독산로54길","일반도로","국지도로","소로1류","폭10-12m","2026-03-01 11:18:04.532"
"3590","독산로55길","일반도로","국지도로","소로","6m미만","2026-03-01 11:18:04.532"
"3591","독산로56길","일반도로","국지도로","소로","6m미만","2026-03-01 11:18:04.537"
"3592","독산로58가길","일반도로","국지도로","소로","6m미만","2026-03-01 11:18:04.537"
"3593","독산로58길","일반도로","국지도로","소로","6m미만","2026-03-01 11:18:04.537"
"3594","독산로58나길","일반도로","국지도로","소로","6m미만","2026-03-01 11:18:04.537"
"3595","독산로58다길","일반도로","국지도로","소로","6m미만","2026-03-01 11:18:04.537"
"3596","독산로58라길","일반도로","국지도로","소로","6m미만","2026-03-01 11:18:04.537"
"3597","독산로5길","일반도로","국지도로","소로3류","폭6-8m","2026-03-01 11:18:04.537"
"3598","독산로60길","일반도로","국지도로","소로","6m미만","2026-03-01 11:18:04.537"
"3599","독산로62길","일반도로","국지도로","소로","6m미만","2026-03-01 11:18:04.537"
"3600","독산로64가길","일반도로","국지도로","소로","6m미만","2026-03-01 11:18:04.537"
"3601","독산로64길","일반도로","국지도로","소로","6m미만","2026-03-01 11:18:04.542"
"3602","독산로64나길","일반도로","국지도로","소로","6m미만","2026-03-01 11:18:04.542"
"3603","독산로64다길","일반도로","국지도로","소로","6m미만","2026-03-01 11:18:04.542"
"3604","독산로64라길","일반도로","국지도로","소로","6m미만","2026-03-01 11:18:04.542"
"3605","독산로65길","일반도로","국지도로","소로","6m미만","2026-03-01 11:18:04.542"
"3606","독산로67길","일반도로","국지도로","소로","6m미만","2026-03-01 11:18:04.542"
"3607","독산로68가길","일반도로","국지도로","소로","6m미만","2026-03-01 11:18:04.542"
"3608","독산로68길","일반도로","국지도로","소로","6m미만","2026-03-01 11:18:04.542"
"3609","독산로69길","일반도로","국지도로","소로","6m미만","2026-03-01 11:18:04.542"
"3610","독산로6가길","일반도로","국지도로","소로","6m미만","2026-03-01 11:18:04.542"
"3611","독산로6길","일반도로","국지도로","소로","6m미만","2026-03-01 11:18:04.546"
"3612","독산로70가길","일반도로","국지도로","소로","6m미만","2026-03-01 11:18:04.546"
"3613","독산로70길","일반도로","국지도로","소로","6m미만","2026-03-01 11:18:04.546"
"3614","독산로70나길","일반도로","국지도로","소로","6m미만","2026-03-01 11:18:04.546"
"3615","독산로70다길","일반도로","국지도로","소로","6m미만","2026-03-01 11:18:04.546"
"3616","독산로70라길","일반도로","국지도로","소로","6m미만","2026-03-01 11:18:04.546"
"3617","독산로72길","일반도로","국지도로","소로","6m미만","2026-03-01 11:18:04.546"
"3618","독산로73길","일반도로","국지도로","소로","6m미만","2026-03-01 11:18:04.546"
"3619","독산로74길","일반도로","국지도로","소로3류","폭6-8m","2026-03-01 11:18:04.546"
"3620","독산로75길","일반도로","국지도로","소로","6m미만","2026-03-01 11:18:04.546"
"3621","독산로76길","일반도로","국지도로","소로","6m미만","2026-03-01 11:18:04.551"
"3622","독산로77길","일반도로","국지도로","소로","6m미만","2026-03-01 11:18:04.551"
"3623","독산로78가길","일반도로","국지도로","소로","6m미만","2026-03-01 11:18:04.551"
"3624","독산로78길","일반도로","국지도로","소로","6m미만","2026-03-01 11:18:04.551"
"3625","독산로78나길","일반도로","국지도로","소로","6m미만","2026-03-01 11:18:04.551"
"3626","독산로78다길","일반도로","국지도로","소로","6m미만","2026-03-01 11:18:04.551"
"3627","독산로7길","일반도로","국지도로","소로","6m미만","2026-03-01 11:18:04.551"
"3628","독산로80가길","일반도로","국지도로","소로","6m미만","2026-03-01 11:18:04.551"
"3629","독산로80길","일반도로","국지도로","소로","6m미만","2026-03-01 11:18:04.551"
"3630","독산로82가길","일반도로","국지도로","소로","6m미만","2026-03-01 11:18:04.551"
"3631","독산로82길","일반도로","국지도로","소로","6m미만","2026-03-01 11:18:04.556"
"3632","독산로84길","일반도로","국지도로","소로","6m미만","2026-03-01 11:18:04.556"
"3633","독산로85길","일반도로","국지도로","소로3류","폭6-8m","2026-03-01 11:18:04.556"
"3634","독산로86길","일반도로","국지도로","소로","6m미만","2026-03-01 11:18:04.556"
"3635","독산로87길","일반도로","국지도로","소로","6m미만","2026-03-01 11:18:04.556"
"3636","독산로88길","일반도로","국지도로","소로","6m미만","2026-03-01 11:18:04.556"
"3637","독산로8가길","일반도로","국지도로","소로","6m미만","2026-03-01 11:18:04.556"
"3638","독산로8길","일반도로","국지도로","소로","6m미만","2026-03-01 11:18:04.556"
"3639","독산로8나길","일반도로","국지도로","소로","6m미만","2026-03-01 11:18:04.556"
"3640","독산로8다길","일반도로","국지도로","소로","6m미만","2026-03-01 11:18:04.556"
"3641","독산로90길","일반도로","국지도로","소로","6m미만","2026-03-01 11:18:04.561"
"3642","독산로92길","일반도로","국지도로","소로","6m미만","2026-03-01 11:18:04.561"
"3643","독산로93길","일반도로","국지도로","소로","6m미만","2026-03-01 11:18:04.561"
"3644","독산로94가길","일반도로","국지도로","소로","6m미만","2026-03-01 11:18:04.561"
"3645","독산로94길","일반도로","국지도로","소로","6m미만","2026-03-01 11:18:04.561"
"3646","독산로95길","일반도로","국지도로","소로","6m미만","2026-03-01 11:18:04.561"
"3647","독산로96길","일반도로","국지도로","소로","6m미만","2026-03-01 11:18:04.561"
"3648","독산로97길","일반도로","국지도로","소로","6m미만","2026-03-01 11:18:04.561"
"3649","독산로99길","일반도로","국지도로","소로","6m미만","2026-03-01 11:18:04.561"
"3650","독서당로","일반도로","국지도로","소로","6m미만","2026-03-01 11:18:04.561"
"3651","독서당로11길","일반도로","국지도로","확인","불가","2026-03-01 11:18:04.566"
"3652","독서당로14길","일반도로","국지도로","소로","6m미만","2026-03-01 11:18:04.566"
"3653","독서당로20길","일반도로","국지도로","소로","6m미만","2026-03-01 11:18:04.566"
"3654","독서당로29길","일반도로","국지도로","소로3류","폭6-8m","2026-03-01 11:18:04.566"
"3655","독서당로34길","일반도로","국지도로","소로","6m미만","2026-03-01 11:18:04.566"
"3656","독서당로35길","일반도로","국지도로","소로","6m미만","2026-03-01 11:18:04.566"
"3657","독서당로37길","일반도로","국지도로","소로","6m미만","2026-03-01 11:18:04.566"
"3658","독서당로39길","일반도로","국지도로","소로","6m미만","2026-03-01 11:18:04.566"
"3659","독서당로3길","일반도로","국지도로","소로","6m미만","2026-03-01 11:18:04.566"
"3660","독서당로40길","일반도로","국지도로","확인","불가","2026-03-01 11:18:04.566"
"3661","독서당로42길","일반도로","국지도로","소로","6m미만","2026-03-01 11:18:04.57"
"3662","독서당로44길","일반도로","국지도로","소로","6m미만","2026-03-01 11:18:04.57"
"3663","독서당로46가길","일반도로","국지도로","소로","6m미만","2026-03-01 11:18:04.57"
"3664","독서당로46길","일반도로","국지도로","소로3류","폭6-8m","2026-03-01 11:18:04.57"
"3665","독서당로47가길","일반도로","국지도로","소로","6m미만","2026-03-01 11:18:04.57"
"3666","독서당로47길","일반도로","국지도로","소로","6m미만","2026-03-01 11:18:04.57"
"3667","독서당로48길","일반도로","국지도로","소로","6m미만","2026-03-01 11:18:04.57"
"3668","독서당로50길","일반도로","국지도로","소로","6m미만","2026-03-01 11:18:04.57"
"3669","독서당로51길","일반도로","국지도로","소로3류","폭6-8m","2026-03-01 11:18:04.57"
"3670","독서당로55길","일반도로","국지도로","중로2류","폭15-20m","2026-03-01 11:18:04.57"
"3671","독서당로57가길","일반도로","국지도로","소로","6m미만","2026-03-01 11:18:04.575"
"3672","독서당로57길","일반도로","국지도로","소로","6m미만","2026-03-01 11:18:04.575"
"3673","독서당로59가길","일반도로","국지도로","소로","6m미만","2026-03-01 11:18:04.575"
"3674","독서당로59길","일반도로","국지도로","소로","6m미만","2026-03-01 11:18:04.575"
"3675","독서당로59나길","일반도로","국지도로","소로","6m미만","2026-03-01 11:18:04.575"
"3676","독서당로59다길","일반도로","국지도로","소로","6m미만","2026-03-01 11:18:04.575"
"3677","독서당로5길","일반도로","국지도로","소로","6m미만","2026-03-01 11:18:04.575"
"3678","독서당로60가길","일반도로","국지도로","소로3류","폭6-8m","2026-03-01 11:18:04.575"
"3679","독서당로60길","일반도로","국지도로","소로","6m미만","2026-03-01 11:18:04.575"
"3680","독서당로60나길","일반도로","국지도로","소로","6m미만","2026-03-01 11:18:04.575"
"3681","독서당로62가길","일반도로","국지도로","소로","6m미만","2026-03-01 11:18:04.58"
"3682","독서당로62길","일반도로","국지도로","소로3류","폭6-8m","2026-03-01 11:18:04.58"
"3683","독서당로63가길","일반도로","국지도로","소로","6m미만","2026-03-01 11:18:04.58"
"3684","독서당로63길","일반도로","국지도로","소로","6m미만","2026-03-01 11:18:04.58"
"3685","독서당로6길","일반도로","국지도로","소로","6m미만","2026-03-01 11:18:04.58"
"3686","독서당로8길","일반도로","국지도로","소로","6m미만","2026-03-01 11:18:04.58"
"3687","돈암~창동선","일반도로","보조간선도로","중로1류","폭20-25m","2026-03-01 11:18:04.58"
"3688","돈화문로","일반도로","국지도로","소로","6m미만","2026-03-01 11:18:04.58"
"3689","돈화문로10가길","일반도로","국지도로","소로","6m미만","2026-03-01 11:18:04.58"
"3690","돈화문로10길","일반도로","국지도로","중로1류","폭20-25m","2026-03-01 11:18:04.58"
"3691","돈화문로11가길","일반도로","국지도로","소로","6m미만","2026-03-01 11:18:04.584"
"3692","돈화문로11길","일반도로","국지도로","소로3류","폭6-8m","2026-03-01 11:18:04.584"
"3693","돈화문로11나길","일반도로","국지도로","소로","6m미만","2026-03-01 11:18:04.584"
"3694","돈화문로11다길","일반도로","국지도로","소로","6m미만","2026-03-01 11:18:04.584"
"3695","돈화문로2길","일반도로","국지도로","소로","6m미만","2026-03-01 11:18:04.584"
"3696","돈화문로4길","일반도로","국지도로","소로","6m미만","2026-03-01 11:18:04.584"
"3697","돈화문로5가길","일반도로","국지도로","소로","6m미만","2026-03-01 11:18:04.584"
"3698","돈화문로5길","일반도로","국지도로","소로","6m미만","2026-03-01 11:18:04.584"
"3699","돈화문로6가길","일반도로","국지도로","소로","6m미만","2026-03-01 11:18:04.584"
"3700","돈화문로6길","일반도로","국지도로","소로","6m미만","2026-03-01 11:18:04.584"
"3701","돈화문로6나길","일반도로","국지도로","소로","6m미만","2026-03-01 11:18:04.589"
"3702","돈화문로8길","일반도로","국지도로","소로","6m미만","2026-03-01 11:18:04.589"
"3703","돈화문로9가길","일반도로","국지도로","소로","6m미만","2026-03-01 11:18:04.589"
"3704","돈화문로9길","일반도로","국지도로","소로","6m미만","2026-03-01 11:18:04.589"
"3705","돌곶이로","일반도로","국지도로","소로","6m미만","2026-03-01 11:18:04.589"
"3706","돌곶이로10길","일반도로","국지도로","소로","6m미만","2026-03-01 11:18:04.589"
"3707","돌곶이로11길","일반도로","국지도로","소로","6m미만","2026-03-01 11:18:04.589"
"3708","돌곶이로12길","일반도로","국지도로","소로","6m미만","2026-03-01 11:18:04.589"
"3709","돌곶이로13길","일반도로","국지도로","소로","6m미만","2026-03-01 11:18:04.589"
"3710","돌곶이로14길","일반도로","국지도로","소로","6m미만","2026-03-01 11:18:04.589"
"3711","돌곶이로15길","일반도로","국지도로","소로","6m미만","2026-03-01 11:18:04.594"
"3712","돌곶이로17가길","일반도로","국지도로","소로","6m미만","2026-03-01 11:18:04.594"
"3713","돌곶이로17길","일반도로","국지도로","소로","6m미만","2026-03-01 11:18:04.594"
"3714","돌곶이로18길","일반도로","국지도로","소로","6m미만","2026-03-01 11:18:04.594"
"3715","돌곶이로19길","일반도로","국지도로","소로","6m미만","2026-03-01 11:18:04.594"
"3716","돌곶이로21가길","일반도로","국지도로","소로","6m미만","2026-03-01 11:18:04.594"
"3717","돌곶이로21길","일반도로","국지도로","소로","6m미만","2026-03-01 11:18:04.594"
"3718","돌곶이로21나길","일반도로","국지도로","소로","6m미만","2026-03-01 11:18:04.594"
"3719","돌곶이로22가길","일반도로","국지도로","소로","6m미만","2026-03-01 11:18:04.594"
"3720","돌곶이로22길","일반도로","국지도로","소로","6m미만","2026-03-01 11:18:04.594"
"3721","돌곶이로22나길","일반도로","국지도로","소로","6m미만","2026-03-01 11:18:04.601"
"3722","돌곶이로23가길","일반도로","국지도로","소로","6m미만","2026-03-01 11:18:04.601"
"3723","돌곶이로23길","일반도로","국지도로","소로","6m미만","2026-03-01 11:18:04.601"
"3724","돌곶이로24길","일반도로","국지도로","소로","6m미만","2026-03-01 11:18:04.601"
"3725","돌곶이로25길","일반도로","국지도로","소로","6m미만","2026-03-01 11:18:04.601"
"3726","돌곶이로26길","일반도로","국지도로","소로","6m미만","2026-03-01 11:18:04.601"
"3727","돌곶이로27가길","일반도로","국지도로","소로","6m미만","2026-03-01 11:18:04.601"
"3728","돌곶이로27길","일반도로","국지도로","소로","6m미만","2026-03-01 11:18:04.601"
"3729","돌곶이로28길","일반도로","국지도로","소로","6m미만","2026-03-01 11:18:04.601"
"3730","돌곶이로31길","일반도로","국지도로","소로","6m미만","2026-03-01 11:18:04.601"
"3731","돌곶이로32길","일반도로","국지도로","소로","6m미만","2026-03-01 11:18:04.607"
"3732","돌곶이로34길","일반도로","국지도로","소로","6m미만","2026-03-01 11:18:04.607"
"3733","돌곶이로37길","일반도로","국지도로","소로","6m미만","2026-03-01 11:18:04.607"
"3734","돌곶이로39길","일반도로","국지도로","소로","6m미만","2026-03-01 11:18:04.607"
"3735","돌곶이로3길","일반도로","국지도로","소로","6m미만","2026-03-01 11:18:04.607"
"3736","돌곶이로40길","일반도로","국지도로","대로3류","폭25-30m","2026-03-01 11:18:04.607"
"3737","돌곶이로41가길","일반도로","국지도로","소로","6m미만","2026-03-01 11:18:04.607"
"3738","돌곶이로41길","일반도로","국지도로","소로","6m미만","2026-03-01 11:18:04.607"
"3739","돌곶이로5길","일반도로","국지도로","소로","6m미만","2026-03-01 11:18:04.607"
"3740","돌곶이로7길","일반도로","국지도로","소로","6m미만","2026-03-01 11:18:04.607"
"3741","돌곶이로8가길","일반도로","국지도로","소로","6m미만","2026-03-01 11:18:04.612"
"3742","돌곶이로8길","일반도로","국지도로","소로","6m미만","2026-03-01 11:18:04.612"
"3743","돌곶이로8나길","일반도로","국지도로","소로","6m미만","2026-03-01 11:18:04.612"
"3744","돌곶이로8다길","일반도로","국지도로","소로","6m미만","2026-03-01 11:18:04.612"
"3745","돌곶이로8바길","일반도로","국지도로","소로3류","폭6-8m","2026-03-01 11:18:04.612"
"3746","돌곶이로8아길","일반도로","국지도로","중로2류","폭15-20m","2026-03-01 11:18:04.612"
"3747","돌곶이로9가길","일반도로","국지도로","소로","6m미만","2026-03-01 11:18:04.612"
"3748","돌곶이로9길","일반도로","국지도로","소로","6m미만","2026-03-01 11:18:04.612"
"3749","돌곶이로9나길","일반도로","국지도로","소로","6m미만","2026-03-01 11:18:04.612"
"3750","동광로","일반도로","국지도로","소로3류","폭6-8m","2026-03-01 11:18:04.612"
"3751","동광로10길","일반도로","국지도로","소로","6m미만","2026-03-01 11:18:04.616"
"3752","동광로11길","일반도로","국지도로","소로","6m미만","2026-03-01 11:18:04.616"
"3753","동광로12가길","일반도로","국지도로","소로3류","폭6-8m","2026-03-01 11:18:04.616"
"3754","동광로12길","일반도로","국지도로","소로2류","폭8-10m","2026-03-01 11:18:04.616"
"3755","동광로14길","일반도로","국지도로","소로","6m미만","2026-03-01 11:18:04.616"
"3756","동광로15길","일반도로","국지도로","소로","6m미만","2026-03-01 11:18:04.616"
"3757","동광로18길","일반도로","국지도로","소로","6m미만","2026-03-01 11:18:04.616"
"3758","동광로19길","일반도로","국지도로","소로3류","폭6-8m","2026-03-01 11:18:04.616"
"3759","동광로1길","일반도로","국지도로","소로","6m미만","2026-03-01 11:18:04.616"
"3760","동광로22길","일반도로","국지도로","소로","6m미만","2026-03-01 11:18:04.616"
"3761","동광로24길","일반도로","국지도로","소로","6m미만","2026-03-01 11:18:04.621"
"3762","동광로27길","일반도로","국지도로","소로3류","폭6-8m","2026-03-01 11:18:04.621"
"3763","동광로28길","일반도로","국지도로","소로3류","폭6-8m","2026-03-01 11:18:04.621"
"3764","동광로30길","일반도로","국지도로","소로3류","폭6-8m","2026-03-01 11:18:04.621"
"3765","동광로32길","일반도로","국지도로","소로3류","폭6-8m","2026-03-01 11:18:04.621"
"3766","동광로33길","일반도로","국지도로","소로3류","폭6-8m","2026-03-01 11:18:04.621"
"3767","동광로39길","일반도로","국지도로","소로","6m미만","2026-03-01 11:18:04.621"
"3768","동광로3길","일반도로","국지도로","소로","6m미만","2026-03-01 11:18:04.621"
"3769","동광로41길","일반도로","국지도로","소로","6m미만","2026-03-01 11:18:04.621"
"3770","동광로42길","일반도로","국지도로","소로","6m미만","2026-03-01 11:18:04.621"
"3771","동광로43길","일반도로","국지도로","소로","6m미만","2026-03-01 11:18:04.626"
"3772","동광로45길","일반도로","국지도로","소로3류","폭6-8m","2026-03-01 11:18:04.626"
"3773","동광로46길","일반도로","국지도로","소로","6m미만","2026-03-01 11:18:04.626"
"3774","동광로47길","일반도로","국지도로","소로","6m미만","2026-03-01 11:18:04.626"
"3775","동광로49길","일반도로","국지도로","소로3류","폭6-8m","2026-03-01 11:18:04.626"
"3776","동광로4길","일반도로","국지도로","소로3류","폭6-8m","2026-03-01 11:18:04.626"
"3777","동광로5길","일반도로","국지도로","소로","6m미만","2026-03-01 11:18:04.626"
"3778","동광로6길","일반도로","국지도로","소로","6m미만","2026-03-01 11:18:04.626"
"3779","동광로7길","일반도로","국지도로","소로","6m미만","2026-03-01 11:18:04.626"
"3780","동광로8길","일반도로","국지도로","소로","6m미만","2026-03-01 11:18:04.626"
"3781","동광로9길","일반도로","국지도로","소로","6m미만","2026-03-01 11:18:04.63"
"3782","동교~월곡선","일반도로","보조간선도로","중로1류","폭20-25m","2026-03-01 11:18:04.63"
"3783","동교로","일반도로","국지도로","소로","6m미만","2026-03-01 11:18:04.63"
"3784","동교로12길","일반도로","국지도로","소로","6m미만","2026-03-01 11:18:04.63"
"3785","동교로12안길","일반도로","국지도로","소로","6m미만","2026-03-01 11:18:04.63"
"3786","동교로13길","일반도로","국지도로","소로","6m미만","2026-03-01 11:18:04.63"
"3787","동교로15길","일반도로","국지도로","소로2류","폭8-10m","2026-03-01 11:18:04.63"
"3788","동교로16길","일반도로","국지도로","소로3류","폭6-8m","2026-03-01 11:18:04.63"
"3789","동교로17길","일반도로","국지도로","소로3류","폭6-8m","2026-03-01 11:18:04.63"
"3790","동교로17안길","일반도로","국지도로","소로","6m미만","2026-03-01 11:18:04.63"
"3791","동교로18길","일반도로","국지도로","소로","6m미만","2026-03-01 11:18:04.635"
"3792","동교로19길","일반도로","국지도로","소로3류","폭6-8m","2026-03-01 11:18:04.635"
"3793","동교로1길","일반도로","국지도로","중로2류","폭15-20m","2026-03-01 11:18:04.635"
"3794","동교로22길","일반도로","국지도로","소로","6m미만","2026-03-01 11:18:04.635"
"3795","동교로23길","일반도로","국지도로","소로3류","폭6-8m","2026-03-01 11:18:04.635"
"3796","동교로25길","일반도로","국지도로","소로","6m미만","2026-03-01 11:18:04.635"
"3797","동교로27길","일반도로","국지도로","소로","6m미만","2026-03-01 11:18:04.635"
"3798","동교로29길","일반도로","국지도로","소로","6m미만","2026-03-01 11:18:04.635"
"3799","동교로30길","일반도로","국지도로","소로","6m미만","2026-03-01 11:18:04.635"
"3800","동교로32길","일반도로","국지도로","소로","6m미만","2026-03-01 11:18:04.635"
"3801","동교로34길","일반도로","국지도로","소로","6m미만","2026-03-01 11:18:04.64"
"3802","동교로36길","일반도로","국지도로","소로","6m미만","2026-03-01 11:18:04.64"
"3803","동교로38길","일반도로","국지도로","소로","6m미만","2026-03-01 11:18:04.64"
"3804","동교로38안길","일반도로","국지도로","소로","6m미만","2026-03-01 11:18:04.64"
"3805","동교로39길","일반도로","국지도로","소로3류","폭6-8m","2026-03-01 11:18:04.64"
"3806","동교로3길","일반도로","국지도로","소로","6m미만","2026-03-01 11:18:04.64"
"3807","동교로41길","일반도로","국지도로","소로","6m미만","2026-03-01 11:18:04.64"
"3808","동교로45길","일반도로","국지도로","소로","6m미만","2026-03-01 11:18:04.64"
"3809","동교로46길","일반도로","국지도로","소로","6m미만","2026-03-01 11:18:04.64"
"3810","동교로47길","일반도로","국지도로","소로","6m미만","2026-03-01 11:18:04.64"
"3811","동교로50길","일반도로","국지도로","소로","6m미만","2026-03-01 11:18:04.645"
"3812","동교로51길","일반도로","국지도로","소로","6m미만","2026-03-01 11:18:04.645"
"3813","동교로51안길","일반도로","국지도로","소로","6m미만","2026-03-01 11:18:04.645"
"3814","동교로52길","일반도로","국지도로","소로","6m미만","2026-03-01 11:18:04.645"
"3815","동교로8길","일반도로","국지도로","소로","6m미만","2026-03-01 11:18:04.645"
"3816","동교로8안길","일반도로","국지도로","소로","6m미만","2026-03-01 11:18:04.645"
"3817","동교로9길","일반도로","국지도로","소로3류","폭6-8m","2026-03-01 11:18:04.645"
"3818","동남로","일반도로","국지도로","소로2류","폭8-10m","2026-03-01 11:18:04.645"
"3819","동남로11길","일반도로","국지도로","소로3류","폭6-8m","2026-03-01 11:18:04.645"
"3820","동남로12길","일반도로","국지도로","확인","불가","2026-03-01 11:18:04.645"
"3821","동남로13길","일반도로","국지도로","소로3류","폭6-8m","2026-03-01 11:18:04.65"
"3822","동남로14길","일반도로","국지도로","소로1류","폭10-12m","2026-03-01 11:18:04.65"
"3823","동남로16길","일반도로","국지도로","소로2류","폭8-10m","2026-03-01 11:18:04.65"
"3824","동남로17길","일반도로","국지도로","소로3류","폭6-8m","2026-03-01 11:18:04.65"
"3825","동남로18길","일반도로","국지도로","소로2류","폭8-10m","2026-03-01 11:18:04.65"
"3826","동남로20길","일반도로","국지도로","소로2류","폭8-10m","2026-03-01 11:18:04.65"
"3827","동남로22길","일반도로","국지도로","소로1류","폭10-12m","2026-03-01 11:18:04.65"
"3828","동남로23가길","일반도로","국지도로","소로3류","폭6-8m","2026-03-01 11:18:04.65"
"3829","동남로23길","일반도로","국지도로","소로3류","폭6-8m","2026-03-01 11:18:04.65"
"3830","동남로23나길","일반도로","국지도로","소로3류","폭6-8m","2026-03-01 11:18:04.65"
"3831","동남로23다길","일반도로","국지도로","소로1류","폭10-12m","2026-03-01 11:18:04.655"
"3832","동남로24길","일반도로","국지도로","중로2류","폭15-20m","2026-03-01 11:18:04.655"
"3833","동남로26길","일반도로","국지도로","소로1류","폭10-12m","2026-03-01 11:18:04.655"
"3834","동남로28길","일반도로","국지도로","소로3류","폭6-8m","2026-03-01 11:18:04.655"
"3835","동남로29길","일반도로","국지도로","중로2류","폭15-20m","2026-03-01 11:18:04.655"
"3836","동남로2길","일반도로","국지도로","소로3류","폭6-8m","2026-03-01 11:18:04.655"
"3837","동남로30길","일반도로","국지도로","소로3류","폭6-8m","2026-03-01 11:18:04.655"
"3838","동남로3길","일반도로","국지도로","소로3류","폭6-8m","2026-03-01 11:18:04.655"
"3839","동남로438번길","일반도로","국지도로","소로","6m미만","2026-03-01 11:18:04.655"
"3840","동남로43길","일반도로","국지도로","소로","6m미만","2026-03-01 11:18:04.655"
"3841","동남로442번길","일반도로","국지도로","소로","6m미만","2026-03-01 11:18:04.66"
"3842","동남로49길","일반도로","국지도로","소로","6m미만","2026-03-01 11:18:04.66"
"3843","동남로4길","일반도로","국지도로","소로2류","폭8-10m","2026-03-01 11:18:04.66"
"3844","동남로51길","일반도로","국지도로","소로","6m미만","2026-03-01 11:18:04.66"
"3845","동남로53길","일반도로","국지도로","소로","6m미만","2026-03-01 11:18:04.66"
"3846","동남로65길","일반도로","국지도로","소로3류","폭6-8m","2026-03-01 11:18:04.66"
"3847","동남로67길","일반도로","국지도로","소로3류","폭6-8m","2026-03-01 11:18:04.66"
"3848","동남로6가길","일반도로","국지도로","소로3류","폭6-8m","2026-03-01 11:18:04.66"
"3849","동남로6길","일반도로","국지도로","소로3류","폭6-8m","2026-03-01 11:18:04.66"
"3850","동남로6나길","일반도로","국지도로","소로","6m미만","2026-03-01 11:18:04.66"
"3851","동남로71길","일반도로","국지도로","소로1류","폭10-12m","2026-03-01 11:18:04.665"
"3852","동남로73길","일반도로","국지도로","소로1류","폭10-12m","2026-03-01 11:18:04.665"
"3853","동남로75길","일반도로","국지도로","소로2류","폭8-10m","2026-03-01 11:18:04.665"
"3854","동남로79길","일반도로","국지도로","중로2류","폭15-20m","2026-03-01 11:18:04.665"
"3855","동남로81길","일반도로","국지도로","중로2류","폭15-20m","2026-03-01 11:18:04.665"
"3856","동남로82길","일반도로","국지도로","소로1류","폭10-12m","2026-03-01 11:18:04.665"
"3857","동남로83길","일반도로","국지도로","소로3류","폭6-8m","2026-03-01 11:18:04.665"
"3858","동남로85길","일반도로","국지도로","소로3류","폭6-8m","2026-03-01 11:18:04.665"
"3859","동남로87길","일반도로","국지도로","소로","6m미만","2026-03-01 11:18:04.665"
"3860","동남로8길","일반도로","국지도로","소로3류","폭6-8m","2026-03-01 11:18:04.665"
"3861","동남로9길","일반도로","국지도로","소로3류","폭6-8m","2026-03-01 11:18:04.67"
"3862","동마길","일반도로","국지도로","소로","6m미만","2026-03-01 11:18:04.67"
"3863","동망산1길","일반도로","국지도로","소로","6m미만","2026-03-01 11:18:04.67"
"3864","동망산길","일반도로","국지도로","소로","6m미만","2026-03-01 11:18:04.67"
"3865","동부간선","자동차전용도로","도시고속도로","대로3류","폭25-30m","2026-03-01 11:18:04.67"
"3866","동부간선로","일반도로","국지도로","확인","불가","2026-03-01 11:18:04.67"
"3867","동산로","일반도로","국지도로","소로1류","폭10-12m","2026-03-01 11:18:04.67"
"3868","동산로10길","일반도로","국지도로","소로3류","폭6-8m","2026-03-01 11:18:04.67"
"3869","동산로12길","일반도로","국지도로","소로","6m미만","2026-03-01 11:18:04.67"
"3870","동산로13길","일반도로","국지도로","소로2류","폭8-10m","2026-03-01 11:18:04.67"
"3871","동산로14길","일반도로","국지도로","소로","6m미만","2026-03-01 11:18:04.675"
"3872","동산로15길","일반도로","국지도로","소로3류","폭6-8m","2026-03-01 11:18:04.675"
"3873","동산로16길","일반도로","국지도로","소로1류","폭10-12m","2026-03-01 11:18:04.675"
"3874","동산로19길","일반도로","국지도로","소로2류","폭8-10m","2026-03-01 11:18:04.675"
"3875","동산로2길","일반도로","국지도로","소로1류","폭10-12m","2026-03-01 11:18:04.675"
"3876","동산로6길","일반도로","국지도로","소로3류","폭6-8m","2026-03-01 11:18:04.675"
"3877","동산로8길","일반도로","국지도로","소로3류","폭6-8m","2026-03-01 11:18:04.675"
"3878","동선~정릉선","일반도로","보조간선도로","대로3류","폭25-30m","2026-03-01 11:18:04.675"
"3879","동소문로","일반도로","국지도로","소로","6m미만","2026-03-01 11:18:04.675"
"3880","동소문로10길","일반도로","국지도로","소로3류","폭6-8m","2026-03-01 11:18:04.675"
"3881","동소문로11길","일반도로","국지도로","소로","6m미만","2026-03-01 11:18:04.68"
"3882","동소문로13가길","일반도로","국지도로","소로","6m미만","2026-03-01 11:18:04.68"
"3883","동소문로13길","일반도로","국지도로","소로3류","폭6-8m","2026-03-01 11:18:04.68"
"3884","동소문로13나길","일반도로","국지도로","소로","6m미만","2026-03-01 11:18:04.68"
"3885","동소문로15길","일반도로","국지도로","소로3류","폭6-8m","2026-03-01 11:18:04.68"
"3886","동소문로17길","일반도로","국지도로","소로3류","폭6-8m","2026-03-01 11:18:04.68"
"3887","동소문로18길","일반도로","국지도로","소로","6m미만","2026-03-01 11:18:04.68"
"3888","동소문로20가길","일반도로","국지도로","소로3류","폭6-8m","2026-03-01 11:18:04.68"
"3889","동소문로20길","일반도로","국지도로","소로3류","폭6-8m","2026-03-01 11:18:04.68"
"3890","동소문로20나길","일반도로","국지도로","소로","6m미만","2026-03-01 11:18:04.68"
"3891","동소문로20다길","일반도로","국지도로","소로","6m미만","2026-03-01 11:18:04.685"
"3892","동소문로22길","일반도로","국지도로","소로","6m미만","2026-03-01 11:18:04.685"
"3893","동소문로23길","일반도로","국지도로","소로","6m미만","2026-03-01 11:18:04.685"
"3894","동소문로24가길","일반도로","국지도로","소로","6m미만","2026-03-01 11:18:04.685"
"3895","동소문로24길","일반도로","국지도로","소로","6m미만","2026-03-01 11:18:04.685"
"3896","동소문로25가길","일반도로","국지도로","소로","6m미만","2026-03-01 11:18:04.685"
"3897","동소문로25길","일반도로","국지도로","소로","6m미만","2026-03-01 11:18:04.685"
"3898","동소문로26가길","일반도로","국지도로","소로","6m미만","2026-03-01 11:18:04.685"
"3899","동소문로26길","일반도로","국지도로","소로","6m미만","2026-03-01 11:18:04.685"
"3900","동소문로26나길","일반도로","국지도로","소로3류","폭6-8m","2026-03-01 11:18:04.685"
"3901","동소문로26다길","일반도로","국지도로","소로","6m미만","2026-03-01 11:18:04.69"
"3902","동소문로26라길","일반도로","국지도로","소로","6m미만","2026-03-01 11:18:04.69"
"3903","동소문로26마길","일반도로","국지도로","소로","6m미만","2026-03-01 11:18:04.69"
"3904","동소문로27길","일반도로","국지도로","소로","6m미만","2026-03-01 11:18:04.69"
"3905","동소문로28길","일반도로","국지도로","소로","6m미만","2026-03-01 11:18:04.69"
"3906","동소문로29길","일반도로","국지도로","소로","6m미만","2026-03-01 11:18:04.69"
"3907","동소문로2길","일반도로","국지도로","소로","6m미만","2026-03-01 11:18:04.69"
"3908","동소문로31길","일반도로","국지도로","소로3류","폭6-8m","2026-03-01 11:18:04.69"
"3909","동소문로32길","일반도로","국지도로","소로","6m미만","2026-03-01 11:18:04.69"
"3910","동소문로34길","일반도로","국지도로","중로2류","폭15-20m","2026-03-01 11:18:04.69"
"3911","동소문로35가길","일반도로","국지도로","소로","6m미만","2026-03-01 11:18:04.695"
"3912","동소문로35길","일반도로","국지도로","소로","6m미만","2026-03-01 11:18:04.695"
"3913","동소문로3길","일반도로","국지도로","소로3류","폭6-8m","2026-03-01 11:18:04.695"
"3914","동소문로40길","일반도로","국지도로","소로","6m미만","2026-03-01 11:18:04.695"
"3915","동소문로41길","일반도로","국지도로","소로","6m미만","2026-03-01 11:18:04.695"
"3916","동소문로42가길","일반도로","국지도로","소로","6m미만","2026-03-01 11:18:04.695"
"3917","동소문로42길","일반도로","국지도로","소로","6m미만","2026-03-01 11:18:04.695"
"3918","동소문로42나길","일반도로","국지도로","소로","6m미만","2026-03-01 11:18:04.695"
"3919","동소문로42다길","일반도로","국지도로","소로","6m미만","2026-03-01 11:18:04.695"
"3920","동소문로43가길","일반도로","국지도로","소로2류","폭8-10m","2026-03-01 11:18:04.695"
"3921","동소문로43길","일반도로","국지도로","소로2류","폭8-10m","2026-03-01 11:18:04.7"
"3922","동소문로44길","일반도로","국지도로","소로","6m미만","2026-03-01 11:18:04.7"
"3923","동소문로46길","일반도로","국지도로","소로3류","폭6-8m","2026-03-01 11:18:04.7"
"3924","동소문로47가길","일반도로","국지도로","중로1류","폭20-25m","2026-03-01 11:18:04.7"
"3925","동소문로47길","일반도로","국지도로","소로1류","폭10-12m","2026-03-01 11:18:04.7"
"3926","동소문로5길","일반도로","국지도로","소로","6m미만","2026-03-01 11:18:04.7"
"3927","동소문로6길","일반도로","국지도로","소로","6m미만","2026-03-01 11:18:04.701"
"3928","동소문로7길","일반도로","국지도로","소로2류","폭8-10m","2026-03-01 11:18:04.701"
"3929","동소문로8길","일반도로","국지도로","소로","6m미만","2026-03-01 11:18:04.701"
"3930","동순라길","일반도로","국지도로","소로","6m미만","2026-03-01 11:18:04.701"
"3931","동숭1길","일반도로","국지도로","소로","6m미만","2026-03-01 11:18:04.706"
"3932","동숭2길","일반도로","국지도로","소로","6m미만","2026-03-01 11:18:04.706"
"3933","동숭3길","일반도로","국지도로","소로","6m미만","2026-03-01 11:18:04.706"
"3934","동숭4가길","일반도로","국지도로","소로","6m미만","2026-03-01 11:18:04.706"
"3935","동숭4길","일반도로","국지도로","소로","6m미만","2026-03-01 11:18:04.706"
"3936","동숭4나길","일반도로","국지도로","소로","6m미만","2026-03-01 11:18:04.706"
"3937","동숭4다길","일반도로","국지도로","소로","6m미만","2026-03-01 11:18:04.706"
"3938","동숭4라길","일반도로","국지도로","소로","6m미만","2026-03-01 11:18:04.706"
"3939","동숭길","일반도로","국지도로","소로3류","폭6-8m","2026-03-01 11:18:04.706"
"3940","동양로","일반도로","국지도로","중로1류","폭20-25m","2026-03-01 11:18:04.706"
"3941","동일로","일반도로","국지도로","소로","6m미만","2026-03-01 11:18:04.711"
"3942","동일로100길","일반도로","국지도로","소로","6m미만","2026-03-01 11:18:04.711"
"3943","동일로101길","일반도로","국지도로","소로","6m미만","2026-03-01 11:18:04.711"
"3944","동일로102길","일반도로","국지도로","소로","6m미만","2026-03-01 11:18:04.711"
"3945","동일로104길","일반도로","국지도로","소로","6m미만","2026-03-01 11:18:04.711"
"3946","동일로105길","일반도로","국지도로","소로","6m미만","2026-03-01 11:18:04.711"
"3947","동일로107길","일반도로","국지도로","소로","6m미만","2026-03-01 11:18:04.711"
"3948","동일로109가길","일반도로","국지도로","소로","6m미만","2026-03-01 11:18:04.711"
"3949","동일로109길","일반도로","국지도로","소로","6m미만","2026-03-01 11:18:04.711"
"3950","동일로10가길","일반도로","국지도로","소로","6m미만","2026-03-01 11:18:04.711"
"3951","동일로10길","일반도로","국지도로","소로","6m미만","2026-03-01 11:18:04.716"
"3952","동일로10나길","일반도로","국지도로","소로","6m미만","2026-03-01 11:18:04.716"
"3953","동일로10다길","일반도로","국지도로","소로","6m미만","2026-03-01 11:18:04.716"
"3954","동일로110길","일반도로","국지도로","소로3류","폭6-8m","2026-03-01 11:18:04.716"
"3955","동일로111길","일반도로","국지도로","소로","6m미만","2026-03-01 11:18:04.716"
"3956","동일로112길","일반도로","국지도로","소로","6m미만","2026-03-01 11:18:04.716"
"3957","동일로114길","일반도로","국지도로","소로","6m미만","2026-03-01 11:18:04.716"
"3958","동일로116길","일반도로","국지도로","소로","6m미만","2026-03-01 11:18:04.716"
"3959","동일로118길","일반도로","국지도로","소로","6m미만","2026-03-01 11:18:04.716"
"3960","동일로120길","일반도로","국지도로","소로","6m미만","2026-03-01 11:18:04.716"
"3961","동일로121가길","일반도로","국지도로","소로","6m미만","2026-03-01 11:18:04.721"
"3962","동일로121길","일반도로","국지도로","소로","6m미만","2026-03-01 11:18:04.721"
"3963","동일로123가길","일반도로","국지도로","소로","6m미만","2026-03-01 11:18:04.721"
"3964","동일로123길","일반도로","국지도로","소로","6m미만","2026-03-01 11:18:04.721"
"3965","동일로123나길","일반도로","국지도로","소로","6m미만","2026-03-01 11:18:04.721"
"3966","동일로124길","일반도로","국지도로","소로","6m미만","2026-03-01 11:18:04.721"
"3967","동일로126가길","일반도로","국지도로","소로3류","폭6-8m","2026-03-01 11:18:04.721"
"3968","동일로126길","일반도로","국지도로","소로","6m미만","2026-03-01 11:18:04.721"
"3969","동일로126나길","일반도로","국지도로","소로","6m미만","2026-03-01 11:18:04.721"
"3970","동일로126다길","일반도로","국지도로","소로","6m미만","2026-03-01 11:18:04.721"
"3971","동일로126라길","일반도로","국지도로","소로","6m미만","2026-03-01 11:18:04.725"
"3972","동일로129길","일반도로","국지도로","소로3류","폭6-8m","2026-03-01 11:18:04.725"
"3973","동일로12길","일반도로","국지도로","소로","6m미만","2026-03-01 11:18:04.725"
"3974","동일로130길","일반도로","국지도로","소로","6m미만","2026-03-01 11:18:04.725"
"3975","동일로134길","일반도로","국지도로","소로3류","폭6-8m","2026-03-01 11:18:04.725"
"3976","동일로135길","일반도로","국지도로","소로","6m미만","2026-03-01 11:18:04.725"
"3977","동일로136가길","일반도로","국지도로","소로","6m미만","2026-03-01 11:18:04.725"
"3978","동일로136길","일반도로","국지도로","소로3류","폭6-8m","2026-03-01 11:18:04.725"
"3979","동일로136나길","일반도로","국지도로","소로","6m미만","2026-03-01 11:18:04.725"
"3980","동일로138길","일반도로","국지도로","소로","6m미만","2026-03-01 11:18:04.725"
"3981","동일로139가길","일반도로","국지도로","소로","6m미만","2026-03-01 11:18:04.73"
"3982","동일로139길","일반도로","국지도로","소로3류","폭6-8m","2026-03-01 11:18:04.73"
"3983","동일로139나길","일반도로","국지도로","소로","6m미만","2026-03-01 11:18:04.73"
"3984","동일로139다길","일반도로","국지도로","소로","6m미만","2026-03-01 11:18:04.73"
"3985","동일로139라길","일반도로","국지도로","소로","6m미만","2026-03-01 11:18:04.73"
"3986","동일로140길","일반도로","국지도로","소로","6m미만","2026-03-01 11:18:04.73"
"3987","동일로143길","일반도로","국지도로","소로","6m미만","2026-03-01 11:18:04.73"
"3988","동일로144가길","일반도로","국지도로","소로","6m미만","2026-03-01 11:18:04.73"
"3989","동일로144길","일반도로","국지도로","소로","6m미만","2026-03-01 11:18:04.73"
"3990","동일로145길","일반도로","국지도로","소로","6m미만","2026-03-01 11:18:04.73"
"3991","동일로146길","일반도로","국지도로","소로","6m미만","2026-03-01 11:18:04.735"
"3992","동일로148가길","일반도로","국지도로","소로","6m미만","2026-03-01 11:18:04.735"
"3993","동일로148길","일반도로","국지도로","소로","6m미만","2026-03-01 11:18:04.735"
"3994","동일로148나길","일반도로","국지도로","소로","6m미만","2026-03-01 11:18:04.735"
"3995","동일로149가길","일반도로","국지도로","소로","6m미만","2026-03-01 11:18:04.735"
"3996","동일로149길","일반도로","국지도로","소로","6m미만","2026-03-01 11:18:04.735"
"3997","동일로149나길","일반도로","국지도로","소로","6m미만","2026-03-01 11:18:04.735"
"3998","동일로149다길","일반도로","국지도로","소로","6m미만","2026-03-01 11:18:04.735"
"3999","동일로14길","일반도로","국지도로","소로","6m미만","2026-03-01 11:18:04.735"
"4000","동일로151길","일반도로","국지도로","소로3류","폭6-8m","2026-03-01 11:18:04.735"
"4001","동일로152길","일반도로","국지도로","소로","6m미만","2026-03-01 11:18:04.74"
"4002","동일로154길","일반도로","국지도로","소로","6m미만","2026-03-01 11:18:04.74"
"4003","동일로156길","일반도로","국지도로","소로","6m미만","2026-03-01 11:18:04.74"
"4004","동일로157가길","일반도로","국지도로","소로","6m미만","2026-03-01 11:18:04.74"
"4005","동일로157길","일반도로","국지도로","소로3류","폭6-8m","2026-03-01 11:18:04.74"
"4006","동일로157나길","일반도로","국지도로","소로","6m미만","2026-03-01 11:18:04.74"
"4007","동일로157다길","일반도로","국지도로","소로","6m미만","2026-03-01 11:18:04.74"
"4008","동일로157라길","일반도로","국지도로","소로","6m미만","2026-03-01 11:18:04.74"
"4009","동일로159길","일반도로","국지도로","소로","6m미만","2026-03-01 11:18:04.74"
"4010","동일로160길","일반도로","국지도로","소로","6m미만","2026-03-01 11:18:04.74"
"4011","동일로161길","일반도로","국지도로","소로","6m미만","2026-03-01 11:18:04.745"
"4012","동일로163길","일반도로","국지도로","소로","6m미만","2026-03-01 11:18:04.745"
"4013","동일로165길","일반도로","국지도로","소로","6m미만","2026-03-01 11:18:04.745"
"4014","동일로168길","일반도로","국지도로","중로2류","폭15-20m","2026-03-01 11:18:04.745"
"4015","동일로169가길","일반도로","국지도로","소로","6m미만","2026-03-01 11:18:04.745"
"4016","동일로169길","일반도로","국지도로","소로","6m미만","2026-03-01 11:18:04.745"
"4017","동일로16길","일반도로","국지도로","소로","6m미만","2026-03-01 11:18:04.745"
"4018","동일로172길","일반도로","국지도로","소로3류","폭6-8m","2026-03-01 11:18:04.745"
"4019","동일로173가길","일반도로","국지도로","소로2류","폭8-10m","2026-03-01 11:18:04.745"
"4020","동일로173길","일반도로","국지도로","소로3류","폭6-8m","2026-03-01 11:18:04.745"
"4021","동일로174길","일반도로","국지도로","소로3류","폭6-8m","2026-03-01 11:18:04.75"
"4022","동일로175길","일반도로","국지도로","소로3류","폭6-8m","2026-03-01 11:18:04.75"
"4023","동일로176길","일반도로","국지도로","소로","6m미만","2026-03-01 11:18:04.75"
"4024","동일로177길","일반도로","국지도로","소로","6m미만","2026-03-01 11:18:04.75"
"4025","동일로178길","일반도로","국지도로","소로3류","폭6-8m","2026-03-01 11:18:04.75"
"4026","동일로179길","일반도로","국지도로","소로","6m미만","2026-03-01 11:18:04.75"
"4027","동일로180길","일반도로","국지도로","소로","6m미만","2026-03-01 11:18:04.75"
"4028","동일로182길","일반도로","국지도로","소로","6m미만","2026-03-01 11:18:04.75"
"4029","동일로183길","일반도로","국지도로","소로3류","폭6-8m","2026-03-01 11:18:04.75"
"4030","동일로184길","일반도로","국지도로","소로","6m미만","2026-03-01 11:18:04.75"
"4031","동일로186길","일반도로","국지도로","소로","6m미만","2026-03-01 11:18:04.755"
"4032","동일로187길","일반도로","국지도로","소로","6m미만","2026-03-01 11:18:04.755"
"4033","동일로18가길","일반도로","국지도로","소로","6m미만","2026-03-01 11:18:04.755"
"4034","동일로18길","일반도로","국지도로","소로3류","폭6-8m","2026-03-01 11:18:04.755"
"4035","동일로18나길","일반도로","국지도로","소로","6m미만","2026-03-01 11:18:04.755"
"4036","동일로190길","일반도로","국지도로","소로","6m미만","2026-03-01 11:18:04.755"
"4037","동일로191가길","일반도로","국지도로","중로2류","폭15-20m","2026-03-01 11:18:04.755"
"4038","동일로191길","일반도로","국지도로","소로2류","폭8-10m","2026-03-01 11:18:04.755"
"4039","동일로192가길","일반도로","국지도로","소로3류","폭6-8m","2026-03-01 11:18:04.755"
"4040","동일로192길","일반도로","국지도로","중로1류","폭20-25m","2026-03-01 11:18:04.755"
"4041","동일로192나길","일반도로","국지도로","소로3류","폭6-8m","2026-03-01 11:18:04.76"
"4042","동일로192다길","일반도로","국지도로","소로2류","폭8-10m","2026-03-01 11:18:04.76"
"4043","동일로193가길","일반도로","국지도로","소로","6m미만","2026-03-01 11:18:04.76"
"4044","동일로193길","일반도로","국지도로","소로","6m미만","2026-03-01 11:18:04.76"
"4045","동일로195길","일반도로","국지도로","소로","6m미만","2026-03-01 11:18:04.76"
"4046","동일로196길","일반도로","국지도로","소로","6m미만","2026-03-01 11:18:04.76"
"4047","동일로197길","일반도로","국지도로","중로1류","폭20-25m","2026-03-01 11:18:04.76"
"4048","동일로198가길","일반도로","국지도로","소로2류","폭8-10m","2026-03-01 11:18:04.76"
"4049","동일로198길","일반도로","국지도로","중로1류","폭20-25m","2026-03-01 11:18:04.76"
"4050","동일로203가길","일반도로","국지도로","중로1류","폭20-25m","2026-03-01 11:18:04.76"
"4051","동일로203길","일반도로","국지도로","중로1류","폭20-25m","2026-03-01 11:18:04.765"
"4052","동일로204가길","일반도로","국지도로","중로1류","폭20-25m","2026-03-01 11:18:04.765"
"4053","동일로204길","일반도로","국지도로","중로1류","폭20-25m","2026-03-01 11:18:04.765"
"4054","동일로205길","일반도로","국지도로","중로1류","폭20-25m","2026-03-01 11:18:04.765"
"4055","동일로206길","일반도로","국지도로","중로1류","폭20-25m","2026-03-01 11:18:04.765"
"4056","동일로207길","일반도로","국지도로","중로2류","폭15-20m","2026-03-01 11:18:04.765"
"4057","동일로208길","일반도로","국지도로","중로2류","폭15-20m","2026-03-01 11:18:04.765"
"4058","동일로20길","일반도로","국지도로","소로","6m미만","2026-03-01 11:18:04.765"
"4059","동일로210길","일반도로","국지도로","소로1류","폭10-12m","2026-03-01 11:18:04.765"
"4060","동일로211길","일반도로","국지도로","소로2류","폭8-10m","2026-03-01 11:18:04.765"
"4061","동일로213길","일반도로","국지도로","중로1류","폭20-25m","2026-03-01 11:18:04.77"
"4062","동일로214길","일반도로","국지도로","중로1류","폭20-25m","2026-03-01 11:18:04.77"
"4063","동일로215길","일반도로","국지도로","중로1류","폭20-25m","2026-03-01 11:18:04.77"
"4064","동일로216길","일반도로","국지도로","중로1류","폭20-25m","2026-03-01 11:18:04.77"
"4065","동일로217가길","일반도로","국지도로","소로3류","폭6-8m","2026-03-01 11:18:04.77"
"4066","동일로217길","일반도로","국지도로","소로1류","폭10-12m","2026-03-01 11:18:04.77"
"4067","동일로218가길","일반도로","국지도로","소로2류","폭8-10m","2026-03-01 11:18:04.77"
"4068","동일로218길","일반도로","국지도로","중로2류","폭15-20m","2026-03-01 11:18:04.77"
"4069","동일로220길","일반도로","국지도로","소로2류","폭8-10m","2026-03-01 11:18:04.77"
"4070","동일로221길","일반도로","국지도로","소로1류","폭10-12m","2026-03-01 11:18:04.77"
"4071","동일로227길","일반도로","국지도로","중로1류","폭20-25m","2026-03-01 11:18:04.775"
"4072","동일로228길","일반도로","국지도로","중로1류","폭20-25m","2026-03-01 11:18:04.775"
"4073","동일로22길","일반도로","국지도로","소로","6m미만","2026-03-01 11:18:04.775"
"4074","동일로230가길","일반도로","국지도로","소로2류","폭8-10m","2026-03-01 11:18:04.775"
"4075","동일로230길","일반도로","국지도로","소로2류","폭8-10m","2026-03-01 11:18:04.775"
"4076","동일로230나길","일반도로","국지도로","소로","6m미만","2026-03-01 11:18:04.775"
"4077","동일로230다길","일반도로","국지도로","소로","6m미만","2026-03-01 11:18:04.775"
"4078","동일로231가길","일반도로","국지도로","소로","6m미만","2026-03-01 11:18:04.775"
"4079","동일로231길","일반도로","국지도로","소로2류","폭8-10m","2026-03-01 11:18:04.775"
"4080","동일로231나길","일반도로","국지도로","소로2류","폭8-10m","2026-03-01 11:18:04.775"
"4081","동일로231다길","일반도로","국지도로","소로3류","폭6-8m","2026-03-01 11:18:04.78"
"4082","동일로232길","일반도로","국지도로","소로1류","폭10-12m","2026-03-01 11:18:04.78"
"4083","동일로234길","일반도로","국지도로","소로3류","폭6-8m","2026-03-01 11:18:04.78"
"4084","동일로236길","일반도로","국지도로","소로","6m미만","2026-03-01 11:18:04.78"
"4085","동일로237가길","일반도로","국지도로","소로3류","폭6-8m","2026-03-01 11:18:04.78"
"4086","동일로237길","일반도로","국지도로","소로","6m미만","2026-03-01 11:18:04.78"
"4087","동일로237나길","일반도로","국지도로","소로3류","폭6-8m","2026-03-01 11:18:04.78"
"4088","동일로237다길","일반도로","국지도로","소로","6m미만","2026-03-01 11:18:04.78"
"4089","동일로237라길","일반도로","국지도로","소로","6m미만","2026-03-01 11:18:04.78"
"4090","동일로237마길","일반도로","국지도로","소로","6m미만","2026-03-01 11:18:04.78"
"4091","동일로237바길","일반도로","국지도로","소로","6m미만","2026-03-01 11:18:04.785"
"4092","동일로238길","일반도로","국지도로","소로2류","폭8-10m","2026-03-01 11:18:04.785"
"4093","동일로239가길","일반도로","국지도로","소로3류","폭6-8m","2026-03-01 11:18:04.785"
"4094","동일로239길","일반도로","국지도로","소로3류","폭6-8m","2026-03-01 11:18:04.785"
"4095","동일로239나길","일반도로","국지도로","소로3류","폭6-8m","2026-03-01 11:18:04.785"
"4096","동일로239다길","일반도로","국지도로","소로","6m미만","2026-03-01 11:18:04.785"
"4097","동일로241가길","일반도로","국지도로","소로","6m미만","2026-03-01 11:18:04.785"
"4098","동일로241길","일반도로","국지도로","중로1류","폭20-25m","2026-03-01 11:18:04.785"
"4099","동일로241나길","일반도로","국지도로","소로3류","폭6-8m","2026-03-01 11:18:04.785"
"4100","동일로241다길","일반도로","국지도로","소로","6m미만","2026-03-01 11:18:04.785"
"4101","동일로242가길","일반도로","국지도로","소로","6m미만","2026-03-01 11:18:04.791"
"4102","동일로242길","일반도로","국지도로","소로3류","폭6-8m","2026-03-01 11:18:04.791"
"4103","동일로242나길","일반도로","국지도로","소로3류","폭6-8m","2026-03-01 11:18:04.791"
"4104","동일로242다길","일반도로","국지도로","소로3류","폭6-8m","2026-03-01 11:18:04.791"
"4105","동일로242라길","일반도로","국지도로","소로3류","폭6-8m","2026-03-01 11:18:04.791"
"4106","동일로242마길","일반도로","국지도로","소로","6m미만","2026-03-01 11:18:04.791"
"4107","동일로242바길","일반도로","국지도로","소로3류","폭6-8m","2026-03-01 11:18:04.791"
"4108","동일로243길","일반도로","국지도로","소로3류","폭6-8m","2026-03-01 11:18:04.791"
"4109","동일로245가길","일반도로","국지도로","중로1류","폭20-25m","2026-03-01 11:18:04.791"
"4110","동일로245길","일반도로","국지도로","중로1류","폭20-25m","2026-03-01 11:18:04.791"
"4111","동일로246길","일반도로","국지도로","소로3류","폭6-8m","2026-03-01 11:18:04.796"
"4112","동일로248가길","일반도로","국지도로","중로2류","폭15-20m","2026-03-01 11:18:04.796"
"4113","동일로248길","일반도로","국지도로","중로1류","폭20-25m","2026-03-01 11:18:04.796"
"4114","동일로24길","일반도로","국지도로","소로","6m미만","2026-03-01 11:18:04.796"
"4115","동일로250길","일반도로","국지도로","소로","6m미만","2026-03-01 11:18:04.796"
"4116","동일로251길","일반도로","국지도로","소로","6m미만","2026-03-01 11:18:04.796"
"4117","동일로26길","일반도로","국지도로","소로","6m미만","2026-03-01 11:18:04.796"
"4118","동일로28길","일반도로","국지도로","소로","6m미만","2026-03-01 11:18:04.796"
"4119","동일로2길","일반도로","국지도로","소로","6m미만","2026-03-01 11:18:04.796"
"4120","동일로30길","일반도로","국지도로","소로","6m미만","2026-03-01 11:18:04.796"
"4121","동일로32길","일반도로","국지도로","소로3류","폭6-8m","2026-03-01 11:18:04.801"
"4122","동일로34길","일반도로","국지도로","소로","6m미만","2026-03-01 11:18:04.801"
"4123","동일로36길","일반도로","국지도로","소로","6m미만","2026-03-01 11:18:04.801"
"4124","동일로38길","일반도로","국지도로","소로","6m미만","2026-03-01 11:18:04.801"
"4125","동일로40길","일반도로","국지도로","소로","6m미만","2026-03-01 11:18:04.801"
"4126","동일로42길","일반도로","국지도로","소로","6m미만","2026-03-01 11:18:04.801"
"4127","동일로43가길","일반도로","국지도로","소로","6m미만","2026-03-01 11:18:04.801"
"4128","동일로43길","일반도로","국지도로","소로","6m미만","2026-03-01 11:18:04.801"
"4129","동일로43나길","일반도로","국지도로","소로","6m미만","2026-03-01 11:18:04.801"
"4130","동일로44길","일반도로","국지도로","소로","6m미만","2026-03-01 11:18:04.801"
"4131","동일로46길","일반도로","국지도로","소로","6m미만","2026-03-01 11:18:04.806"
"4132","동일로48길","일반도로","국지도로","소로","6m미만","2026-03-01 11:18:04.806"
"4133","동일로4가길","일반도로","국지도로","소로","6m미만","2026-03-01 11:18:04.806"
"4134","동일로4길","일반도로","국지도로","소로","6m미만","2026-03-01 11:18:04.806"
"4135","동일로50길","일반도로","국지도로","소로","6m미만","2026-03-01 11:18:04.806"
"4136","동일로52길","일반도로","국지도로","소로","6m미만","2026-03-01 11:18:04.806"
"4137","동일로54길","일반도로","국지도로","소로","6m미만","2026-03-01 11:18:04.806"
"4138","동일로55가길","일반도로","국지도로","소로","6m미만","2026-03-01 11:18:04.806"
"4139","동일로55길","일반도로","국지도로","소로","6m미만","2026-03-01 11:18:04.806"
"4140","동일로55나길","일반도로","국지도로","소로","6m미만","2026-03-01 11:18:04.806"
"4141","동일로55다길","일반도로","국지도로","소로","6m미만","2026-03-01 11:18:04.811"
"4142","동일로56가길","일반도로","국지도로","소로","6m미만","2026-03-01 11:18:04.811"
"4143","동일로56길","일반도로","국지도로","소로","6m미만","2026-03-01 11:18:04.811"
"4144","동일로56나길","일반도로","국지도로","소로","6m미만","2026-03-01 11:18:04.811"
"4145","동일로56다길","일반도로","국지도로","소로","6m미만","2026-03-01 11:18:04.811"
"4146","동일로56라길","일반도로","국지도로","소로","6m미만","2026-03-01 11:18:04.811"
"4147","동일로57길","일반도로","국지도로","소로","6m미만","2026-03-01 11:18:04.811"
"4148","동일로58길","일반도로","국지도로","소로","6m미만","2026-03-01 11:18:04.811"
"4149","동일로59가길","일반도로","국지도로","소로","6m미만","2026-03-01 11:18:04.811"
"4150","동일로59길","일반도로","국지도로","소로","6m미만","2026-03-01 11:18:04.811"
"4151","동일로60길","일반도로","국지도로","소로","6m미만","2026-03-01 11:18:04.816"
"4152","동일로62길","일반도로","국지도로","소로","6m미만","2026-03-01 11:18:04.816"
"4153","동일로64길","일반도로","국지도로","소로","6m미만","2026-03-01 11:18:04.816"
"4154","동일로66길","일반도로","국지도로","소로","6m미만","2026-03-01 11:18:04.816"
"4155","동일로68길","일반도로","국지도로","소로","6m미만","2026-03-01 11:18:04.816"
"4156","동일로70길","일반도로","국지도로","소로","6m미만","2026-03-01 11:18:04.816"
"4157","동일로72길","일반도로","국지도로","소로","6m미만","2026-03-01 11:18:04.816"
"4158","동일로74길","일반도로","국지도로","소로","6m미만","2026-03-01 11:18:04.816"
"4159","동일로76가길","일반도로","국지도로","소로","6m미만","2026-03-01 11:18:04.816"
"4160","동일로76길","일반도로","국지도로","소로","6m미만","2026-03-01 11:18:04.816"
"4161","동일로76나길","일반도로","국지도로","소로","6m미만","2026-03-01 11:18:04.821"
"4162","동일로78길","일반도로","국지도로","소로","6m미만","2026-03-01 11:18:04.821"
"4163","동일로80길","일반도로","국지도로","소로","6m미만","2026-03-01 11:18:04.821"
"4164","동일로91가길","일반도로","국지도로","소로","6m미만","2026-03-01 11:18:04.821"
"4165","동일로91길","일반도로","국지도로","소로","6m미만","2026-03-01 11:18:04.821"
"4166","동일로92길","일반도로","국지도로","소로3류","폭6-8m","2026-03-01 11:18:04.821"
"4167","동일로95가길","일반도로","국지도로","소로","6m미만","2026-03-01 11:18:04.821"
"4168","동일로95길","일반도로","국지도로","소로","6m미만","2026-03-01 11:18:04.821"
"4169","동일로95나길","일반도로","국지도로","소로","6m미만","2026-03-01 11:18:04.821"
"4170","동일로96가길","일반도로","국지도로","소로","6m미만","2026-03-01 11:18:04.821"
"4171","동일로96길","일반도로","국지도로","소로","6m미만","2026-03-01 11:18:04.826"
"4172","동일로96나길","일반도로","국지도로","소로","6m미만","2026-03-01 11:18:04.827"
"4173","동일로99길","일반도로","국지도로","소로","6m미만","2026-03-01 11:18:04.827"
"4174","동작대로","일반도로","국지도로","소로3류","폭6-8m","2026-03-01 11:18:04.827"
"4175","동작대로11가길","일반도로","국지도로","소로","6m미만","2026-03-01 11:18:04.827"
"4176","동작대로11길","일반도로","국지도로","소로","6m미만","2026-03-01 11:18:04.827"
"4177","동작대로11나길","일반도로","국지도로","소로","6m미만","2026-03-01 11:18:04.827"
"4178","동작대로13길","일반도로","국지도로","소로","6m미만","2026-03-01 11:18:04.827"
"4179","동작대로15가길","일반도로","국지도로","소로","6m미만","2026-03-01 11:18:04.827"
"4180","동작대로15길","일반도로","국지도로","소로","6m미만","2026-03-01 11:18:04.827"
"4181","동작대로17길","일반도로","국지도로","소로","6m미만","2026-03-01 11:18:04.832"
"4182","동작대로19길","일반도로","국지도로","소로","6m미만","2026-03-01 11:18:04.832"
"4183","동작대로1길","일반도로","국지도로","소로","6m미만","2026-03-01 11:18:04.832"
"4184","동작대로21길","일반도로","국지도로","소로","6m미만","2026-03-01 11:18:04.832"
"4185","동작대로23길","일반도로","국지도로","소로1류","폭10-12m","2026-03-01 11:18:04.832"
"4186","동작대로25길","일반도로","국지도로","소로","6m미만","2026-03-01 11:18:04.832"
"4187","동작대로27가길","일반도로","국지도로","소로","6m미만","2026-03-01 11:18:04.832"
"4188","동작대로27길","일반도로","국지도로","소로","6m미만","2026-03-01 11:18:04.832"
"4189","동작대로27나길","일반도로","국지도로","소로","6m미만","2026-03-01 11:18:04.832"
"4190","동작대로27다길","일반도로","국지도로","소로","6m미만","2026-03-01 11:18:04.832"
"4191","동작대로27라길","일반도로","국지도로","소로","6m미만","2026-03-01 11:18:04.836"
"4192","동작대로27마길","일반도로","국지도로","소로","6m미만","2026-03-01 11:18:04.836"
"4193","동작대로27바길","일반도로","국지도로","소로","6m미만","2026-03-01 11:18:04.836"
"4194","동작대로29가길","일반도로","국지도로","소로","6m미만","2026-03-01 11:18:04.836"
"4195","동작대로29길","일반도로","국지도로","소로","6m미만","2026-03-01 11:18:04.836"
"4196","동작대로29나길","일반도로","국지도로","소로3류","폭6-8m","2026-03-01 11:18:04.836"
"4197","동작대로29다길","일반도로","국지도로","소로","6m미만","2026-03-01 11:18:04.836"
"4198","동작대로29라길","일반도로","국지도로","소로","6m미만","2026-03-01 11:18:04.836"
"4199","동작대로29마길","일반도로","국지도로","소로","6m미만","2026-03-01 11:18:04.836"
"4200","동작대로29바길","일반도로","국지도로","소로","6m미만","2026-03-01 11:18:04.836"
"4201","동작대로31길","일반도로","국지도로","소로","6m미만","2026-03-01 11:18:04.841"
"4202","동작대로33가길","일반도로","국지도로","소로","6m미만","2026-03-01 11:18:04.841"
"4203","동작대로33길","일반도로","국지도로","소로","6m미만","2026-03-01 11:18:04.841"
"4204","동작대로33나길","일반도로","국지도로","소로","6m미만","2026-03-01 11:18:04.841"
"4205","동작대로33다길","일반도로","국지도로","소로","6m미만","2026-03-01 11:18:04.841"
"4206","동작대로33라길","일반도로","국지도로","소로","6m미만","2026-03-01 11:18:04.841"
"4207","동작대로33마길","일반도로","국지도로","소로","6m미만","2026-03-01 11:18:04.841"
"4208","동작대로33바길","일반도로","국지도로","소로","6m미만","2026-03-01 11:18:04.841"
"4209","동작대로35가길","일반도로","국지도로","소로","6m미만","2026-03-01 11:18:04.841"
"4210","동작대로35길","일반도로","국지도로","소로","6m미만","2026-03-01 11:18:04.841"
"4211","동작대로35나길","일반도로","국지도로","소로","6m미만","2026-03-01 11:18:04.846"
"4212","동작대로35다길","일반도로","국지도로","소로","6m미만","2026-03-01 11:18:04.846"
"4213","동작대로35라길","일반도로","국지도로","소로","6m미만","2026-03-01 11:18:04.846"
"4214","동작대로35마길","일반도로","국지도로","소로","6m미만","2026-03-01 11:18:04.846"
"4215","동작대로35사길","일반도로","국지도로","소로3류","폭6-8m","2026-03-01 11:18:04.846"
"4216","동작대로35아길","일반도로","국지도로","소로","6m미만","2026-03-01 11:18:04.846"
"4217","동작대로35자길","일반도로","국지도로","소로","6m미만","2026-03-01 11:18:04.846"
"4218","동작대로35차길","일반도로","국지도로","소로","6m미만","2026-03-01 11:18:04.846"
"4219","동작대로37길","일반도로","국지도로","소로","6m미만","2026-03-01 11:18:04.846"
"4220","동작대로39가길","일반도로","국지도로","소로1류","폭10-12m","2026-03-01 11:18:04.846"
"4221","동작대로39길","일반도로","국지도로","소로2류","폭8-10m","2026-03-01 11:18:04.851"
"4222","동작대로3가길","일반도로","국지도로","소로","6m미만","2026-03-01 11:18:04.851"
"4223","동작대로3길","일반도로","국지도로","소로","6m미만","2026-03-01 11:18:04.851"
"4224","동작대로41길","일반도로","국지도로","소로","6m미만","2026-03-01 11:18:04.851"
"4225","동작대로43길","일반도로","국지도로","소로3류","폭6-8m","2026-03-01 11:18:04.851"
"4226","동작대로45길","일반도로","국지도로","소로2류","폭8-10m","2026-03-01 11:18:04.851"
"4227","동작대로5길","일반도로","국지도로","소로","6m미만","2026-03-01 11:18:04.851"
"4228","동작대로7길","일반도로","국지도로","소로3류","폭6-8m","2026-03-01 11:18:04.851"
"4229","동작대로9가길","일반도로","국지도로","소로","6m미만","2026-03-01 11:18:04.851"
"4230","동작대로9길","일반도로","국지도로","소로","6m미만","2026-03-01 11:18:04.851"
"4231","동작대로9나길","일반도로","국지도로","소로","6m미만","2026-03-01 11:18:04.856"
"4232","동작대로9다길","일반도로","국지도로","소로","6m미만","2026-03-01 11:18:04.856"
"4233","동호로","일반도로","국지도로","소로3류","폭6-8m","2026-03-01 11:18:04.856"
"4234","동호로10길","일반도로","국지도로","소로2류","폭8-10m","2026-03-01 11:18:04.856"
"4235","동호로11가길","일반도로","국지도로","소로","6m미만","2026-03-01 11:18:04.856"
"4236","동호로11길","일반도로","국지도로","소로","6m미만","2026-03-01 11:18:04.856"
"4237","동호로11나길","일반도로","국지도로","소로","6m미만","2026-03-01 11:18:04.856"
"4238","동호로11다길","일반도로","국지도로","소로","6m미만","2026-03-01 11:18:04.856"
"4239","동호로11라길","일반도로","국지도로","소로","6m미만","2026-03-01 11:18:04.856"
"4240","동호로11마길","일반도로","국지도로","소로","6m미만","2026-03-01 11:18:04.856"
"4241","동호로11바길","일반도로","국지도로","소로","6m미만","2026-03-01 11:18:04.861"
"4242","동호로11아길","일반도로","국지도로","소로","6m미만","2026-03-01 11:18:04.861"
"4243","동호로11자길","일반도로","국지도로","소로","6m미만","2026-03-01 11:18:04.861"
"4244","동호로11차길","일반도로","국지도로","소로","6m미만","2026-03-01 11:18:04.861"
"4245","동호로12길","일반도로","국지도로","소로3류","폭6-8m","2026-03-01 11:18:04.861"
"4246","동호로14길","일반도로","국지도로","소로","6m미만","2026-03-01 11:18:04.861"
"4247","동호로15가길","일반도로","국지도로","소로","6m미만","2026-03-01 11:18:04.861"
"4248","동호로15길","일반도로","국지도로","소로","6m미만","2026-03-01 11:18:04.861"
"4249","동호로17가길","일반도로","국지도로","소로","6m미만","2026-03-01 11:18:04.861"
"4250","동호로17길","일반도로","국지도로","소로","6m미만","2026-03-01 11:18:04.861"
"4251","동호로17나길","일반도로","국지도로","소로","6m미만","2026-03-01 11:18:04.866"
"4252","동호로17다길","일반도로","국지도로","소로","6m미만","2026-03-01 11:18:04.866"
"4253","동호로18길","일반도로","국지도로","소로","6m미만","2026-03-01 11:18:04.866"
"4254","동호로20가길","일반도로","국지도로","소로3류","폭6-8m","2026-03-01 11:18:04.866"
"4255","동호로20길","일반도로","국지도로","소로","6m미만","2026-03-01 11:18:04.866"
"4256","동호로20나길","일반도로","국지도로","소로","6m미만","2026-03-01 11:18:04.866"
"4257","동호로20다길","일반도로","국지도로","소로","6m미만","2026-03-01 11:18:04.866"
"4258","동호로24길","일반도로","국지도로","소로","6m미만","2026-03-01 11:18:04.866"
"4259","동호로25가길","일반도로","국지도로","소로","6m미만","2026-03-01 11:18:04.866"
"4260","동호로25길","일반도로","국지도로","소로","6m미만","2026-03-01 11:18:04.866"
"4261","동호로27길","일반도로","국지도로","소로","6m미만","2026-03-01 11:18:04.871"
"4262","동호로28길","일반도로","국지도로","소로","6m미만","2026-03-01 11:18:04.871"
"4263","동호로2가길","일반도로","국지도로","소로","6m미만","2026-03-01 11:18:04.871"
"4264","동호로2길","일반도로","국지도로","소로","6m미만","2026-03-01 11:18:04.871"
"4265","동호로2나길","일반도로","국지도로","소로","6m미만","2026-03-01 11:18:04.871"
"4266","동호로30길","일반도로","국지도로","소로","6m미만","2026-03-01 11:18:04.871"
"4267","동호로31길","일반도로","국지도로","소로","6m미만","2026-03-01 11:18:04.871"
"4268","동호로33길","일반도로","국지도로","소로2류","폭8-10m","2026-03-01 11:18:04.871"
"4269","동호로34길","일반도로","국지도로","소로","6m미만","2026-03-01 11:18:04.871"
"4270","동호로35길","일반도로","국지도로","소로3류","폭6-8m","2026-03-01 11:18:04.871"
"4271","동호로37길","일반도로","국지도로","소로","6m미만","2026-03-01 11:18:04.876"
"4272","동호로38길","일반도로","국지도로","소로2류","폭8-10m","2026-03-01 11:18:04.876"
"4273","동호로4길","일반도로","국지도로","소로","6m미만","2026-03-01 11:18:04.876"
"4274","동호로5길","일반도로","국지도로","중로2류","폭15-20m","2026-03-01 11:18:04.876"
"4275","동호로7길","일반도로","국지도로","소로","6m미만","2026-03-01 11:18:04.876"
"4276","동호로8가길","일반도로","국지도로","소로","6m미만","2026-03-01 11:18:04.876"
"4277","동호로8길","일반도로","국지도로","소로","6m미만","2026-03-01 11:18:04.876"
"4278","동호로8나길","일반도로","국지도로","소로","6m미만","2026-03-01 11:18:04.876"
"4279","동호로8다길","일반도로","국지도로","소로","6m미만","2026-03-01 11:18:04.876"
"4280","동호로8라길","일반도로","국지도로","소로","6m미만","2026-03-01 11:18:04.876"
"4281","두산로","일반도로","국지도로","중로1류","폭20-25m","2026-03-01 11:18:04.881"
"4282","두산로10길","일반도로","국지도로","소로","6m미만","2026-03-01 11:18:04.881"
"4283","두산로11길","일반도로","국지도로","소로1류","폭10-12m","2026-03-01 11:18:04.881"
"4284","두산로13길","일반도로","국지도로","소로3류","폭6-8m","2026-03-01 11:18:04.881"
"4285","두산로14길","일반도로","국지도로","소로2류","폭8-10m","2026-03-01 11:18:04.881"
"4286","두산로3가길","일반도로","국지도로","소로","6m미만","2026-03-01 11:18:04.881"
"4287","두산로3길","일반도로","국지도로","소로","6m미만","2026-03-01 11:18:04.881"
"4288","두산로5길","일반도로","국지도로","소로2류","폭8-10m","2026-03-01 11:18:04.881"
"4289","두산로7길","일반도로","국지도로","소로3류","폭6-8m","2026-03-01 11:18:04.881"
"4290","두산로9가길","일반도로","국지도로","소로","6m미만","2026-03-01 11:18:04.881"
"4291","두산로9길","일반도로","국지도로","소로3류","폭6-8m","2026-03-01 11:18:04.886"
"4292","두텁바위로","일반도로","국지도로","소로","6m미만","2026-03-01 11:18:04.886"
"4293","두텁바위로13길","일반도로","국지도로","소로","6m미만","2026-03-01 11:18:04.886"
"4294","두텁바위로15길","일반도로","국지도로","소로","6m미만","2026-03-01 11:18:04.886"
"4295","두텁바위로1가길","일반도로","국지도로","소로3류","폭6-8m","2026-03-01 11:18:04.886"
"4296","두텁바위로1길","일반도로","국지도로","소로","6m미만","2026-03-01 11:18:04.886"
"4297","두텁바위로1나길","일반도로","국지도로","소로","6m미만","2026-03-01 11:18:04.886"
"4298","두텁바위로25길","일반도로","국지도로","소로","6m미만","2026-03-01 11:18:04.886"
"4299","두텁바위로31길","일반도로","국지도로","소로","6m미만","2026-03-01 11:18:04.886"
"4300","두텁바위로35길","일반도로","국지도로","소로","6m미만","2026-03-01 11:18:04.886"
"4301","두텁바위로37길","일반도로","국지도로","소로","6m미만","2026-03-01 11:18:04.891"
"4302","두텁바위로38가길","일반도로","국지도로","소로","6m미만","2026-03-01 11:18:04.891"
"4303","두텁바위로38길","일반도로","국지도로","소로","6m미만","2026-03-01 11:18:04.891"
"4304","두텁바위로40길","일반도로","국지도로","소로","6m미만","2026-03-01 11:18:04.891"
"4305","두텁바위로46길","일반도로","국지도로","소로","6m미만","2026-03-01 11:18:04.891"
"4306","두텁바위로47길","일반도로","국지도로","소로","6m미만","2026-03-01 11:18:04.891"
"4307","두텁바위로53길","일반도로","국지도로","소로","6m미만","2026-03-01 11:18:04.891"
"4308","두텁바위로57길","일반도로","국지도로","소로","6m미만","2026-03-01 11:18:04.891"
"4309","두텁바위로58길","일반도로","국지도로","소로","6m미만","2026-03-01 11:18:04.891"
"4310","두텁바위로5길","일반도로","국지도로","소로","6m미만","2026-03-01 11:18:04.891"
"4311","두텁바위로60길","일반도로","국지도로","소로","6m미만","2026-03-01 11:18:04.896"
"4312","두텁바위로61길","일반도로","국지도로","소로","6m미만","2026-03-01 11:18:04.896"
"4313","두텁바위로69길","일반도로","국지도로","소로","6m미만","2026-03-01 11:18:04.896"
"4314","두텁바위로75길","일반도로","국지도로","소로","6m미만","2026-03-01 11:18:04.896"
"4315","둘레11가길","일반도로","국지도로","소로","6m미만","2026-03-01 11:18:04.896"
"4316","둘레11길","일반도로","국지도로","소로","6m미만","2026-03-01 11:18:04.896"
"4317","둘레13길","일반도로","국지도로","소로","6m미만","2026-03-01 11:18:04.896"
"4318","둘레15가길","일반도로","국지도로","소로","6m미만","2026-03-01 11:18:04.896"
"4319","둘레15길","일반도로","국지도로","소로3류","폭6-8m","2026-03-01 11:18:04.896"
"4320","둘레17길","일반도로","국지도로","소로","6m미만","2026-03-01 11:18:04.896"
"4321","둘레19길","일반도로","국지도로","소로3류","폭6-8m","2026-03-01 11:18:04.901"
"4322","둘레1길","일반도로","국지도로","소로","6m미만","2026-03-01 11:18:04.901"
"4323","둘레21가길","일반도로","국지도로","소로","6m미만","2026-03-01 11:18:04.901"
"4324","둘레21길","일반도로","국지도로","소로","6m미만","2026-03-01 11:18:04.901"
"4325","둘레23길","일반도로","국지도로","소로","6m미만","2026-03-01 11:18:04.901"
"4326","둘레3가길","일반도로","국지도로","소로","6m미만","2026-03-01 11:18:04.901"
"4327","둘레3길","일반도로","국지도로","소로","6m미만","2026-03-01 11:18:04.901"
"4328","둘레3나길","일반도로","국지도로","소로","6m미만","2026-03-01 11:18:04.901"
"4329","둘레5길","일반도로","국지도로","소로","6m미만","2026-03-01 11:18:04.901"
"4330","둘레7가길","일반도로","국지도로","소로","6m미만","2026-03-01 11:18:04.901"
"4331","둘레7길","일반도로","국지도로","소로","6m미만","2026-03-01 11:18:04.905"
"4332","둘레9가길","일반도로","국지도로","소로","6m미만","2026-03-01 11:18:04.906"
"4333","둘레9길","일반도로","국지도로","소로","6m미만","2026-03-01 11:18:04.906"
"4334","둘레9나길","일반도로","국지도로","소로","6m미만","2026-03-01 11:18:04.906"
"4335","둘레길","일반도로","국지도로","소로","6m미만","2026-03-01 11:18:04.906"
"4336","등용로","일반도로","국지도로","소로","6m미만","2026-03-01 11:18:04.906"
"4337","등용로10가길","일반도로","국지도로","소로","6m미만","2026-03-01 11:18:04.906"
"4338","등용로10길","일반도로","국지도로","소로","6m미만","2026-03-01 11:18:04.906"
"4339","등용로10나길","일반도로","국지도로","소로","6m미만","2026-03-01 11:18:04.906"
"4340","등용로10다길","일반도로","국지도로","소로","6m미만","2026-03-01 11:18:04.906"
"4341","등용로12가길","일반도로","국지도로","소로","6m미만","2026-03-01 11:18:04.91"
"4342","등용로12길","일반도로","국지도로","소로","6m미만","2026-03-01 11:18:04.91"
"4343","등용로12나길","일반도로","국지도로","소로","6m미만","2026-03-01 11:18:04.91"
"4344","등용로12다길","일반도로","국지도로","소로","6m미만","2026-03-01 11:18:04.91"
"4345","등용로14길","일반도로","국지도로","소로","6m미만","2026-03-01 11:18:04.91"
"4346","등용로2길","일반도로","국지도로","소로","6m미만","2026-03-01 11:18:04.91"
"4347","등용로4길","일반도로","국지도로","소로","6m미만","2026-03-01 11:18:04.91"
"4348","등용로6길","일반도로","국지도로","소로","6m미만","2026-03-01 11:18:04.91"
"4349","등용로8가길","일반도로","국지도로","소로","6m미만","2026-03-01 11:18:04.91"
"4350","등용로8길","일반도로","국지도로","소로","6m미만","2026-03-01 11:18:04.91"
"4351","등용로9길","일반도로","국지도로","소로","6m미만","2026-03-01 11:18:04.915"
"4352","등촌로","일반도로","국지도로","소로3류","폭6-8m","2026-03-01 11:18:04.915"
"4353","등촌로13가길","일반도로","국지도로","소로","6m미만","2026-03-01 11:18:04.915"
"4354","등촌로13길","일반도로","국지도로","소로","6m미만","2026-03-01 11:18:04.915"
"4355","등촌로13나길","일반도로","국지도로","소로","6m미만","2026-03-01 11:18:04.915"
"4356","등촌로13다길","일반도로","국지도로","소로","6m미만","2026-03-01 11:18:04.915"
"4357","등촌로13라길","일반도로","국지도로","소로","6m미만","2026-03-01 11:18:04.915"
"4358","등촌로13마길","일반도로","국지도로","소로","6m미만","2026-03-01 11:18:04.915"
"4359","등촌로13바길","일반도로","국지도로","소로3류","폭6-8m","2026-03-01 11:18:04.915"
"4360","등촌로13아길","일반도로","국지도로","소로","6m미만","2026-03-01 11:18:04.915"
"4361","등촌로13자길","일반도로","국지도로","소로","6m미만","2026-03-01 11:18:04.92"
"4362","등촌로35가길","일반도로","국지도로","소로","6m미만","2026-03-01 11:18:04.92"
"4363","등촌로35길","일반도로","국지도로","소로2류","폭8-10m","2026-03-01 11:18:04.92"
"4364","등촌로39가길","일반도로","국지도로","소로","6m미만","2026-03-01 11:18:04.92"
"4365","등촌로39길","일반도로","국지도로","소로","6m미만","2026-03-01 11:18:04.92"
"4366","등촌로39나길","일반도로","국지도로","소로","6m미만","2026-03-01 11:18:04.92"
"4367","등촌로39다길","일반도로","국지도로","소로","6m미만","2026-03-01 11:18:04.92"
"4368","등촌로39라길","일반도로","국지도로","소로","6m미만","2026-03-01 11:18:04.92"
"4369","등촌로39마길","일반도로","국지도로","소로","6m미만","2026-03-01 11:18:04.92"
"4370","등촌로39바길","일반도로","국지도로","소로","6m미만","2026-03-01 11:18:04.92"
"4371","등촌로3가길","일반도로","국지도로","소로","6m미만","2026-03-01 11:18:04.925"
"4372","등촌로3길","일반도로","국지도로","소로","6m미만","2026-03-01 11:18:04.925"
"4373","등촌로3나길","일반도로","국지도로","소로","6m미만","2026-03-01 11:18:04.925"
"4374","등촌로47길","일반도로","국지도로","소로3류","폭6-8m","2026-03-01 11:18:04.925"
"4375","등촌로51가길","일반도로","국지도로","소로","6m미만","2026-03-01 11:18:04.925"
"4376","등촌로51길","일반도로","국지도로","소로3류","폭6-8m","2026-03-01 11:18:04.925"
"4377","등촌로51나길","일반도로","국지도로","소로","6m미만","2026-03-01 11:18:04.925"
"4378","등촌로51라길","일반도로","국지도로","소로","6m미만","2026-03-01 11:18:04.925"
"4379","등촌로53길","일반도로","국지도로","소로","6m미만","2026-03-01 11:18:04.925"
"4380","등촌로55길","일반도로","국지도로","소로","6m미만","2026-03-01 11:18:04.925"
"4381","등촌로57길","일반도로","국지도로","소로","6m미만","2026-03-01 11:18:04.93"
"4382","등촌로5가길","일반도로","국지도로","소로","6m미만","2026-03-01 11:18:04.93"
"4383","등촌로5길","일반도로","국지도로","소로","6m미만","2026-03-01 11:18:04.93"
"4384","디지털로","일반도로","국지도로","소로","6m미만","2026-03-01 11:18:04.93"
"4385","디지털로10길","일반도로","국지도로","중로1류","폭20-25m","2026-03-01 11:18:04.93"
"4386","디지털로11길","일반도로","국지도로","중로2류","폭15-20m","2026-03-01 11:18:04.93"
"4387","디지털로12길","일반도로","국지도로","소로3류","폭6-8m","2026-03-01 11:18:04.93"
"4388","디지털로19길","일반도로","국지도로","소로","6m미만","2026-03-01 11:18:04.93"
"4389","디지털로20길","일반도로","국지도로","소로","6m미만","2026-03-01 11:18:04.93"
"4390","디지털로21길","일반도로","국지도로","소로","6m미만","2026-03-01 11:18:04.93"
"4391","디지털로23길","일반도로","국지도로","소로","6m미만","2026-03-01 11:18:04.935"
"4392","디지털로24가길","일반도로","국지도로","소로","6m미만","2026-03-01 11:18:04.935"
"4393","디지털로24길","일반도로","국지도로","소로","6m미만","2026-03-01 11:18:04.935"
"4394","디지털로26길","일반도로","국지도로","중로2류","폭15-20m","2026-03-01 11:18:04.935"
"4395","디지털로27가길","일반도로","국지도로","소로2류","폭8-10m","2026-03-01 11:18:04.935"
"4396","디지털로27길","일반도로","국지도로","소로","6m미만","2026-03-01 11:18:04.935"
"4397","디지털로27나길","일반도로","국지도로","소로","6m미만","2026-03-01 11:18:04.935"
"4398","디지털로27다길","일반도로","국지도로","소로","6m미만","2026-03-01 11:18:04.935"
"4399","디지털로27라길","일반도로","국지도로","소로","6m미만","2026-03-01 11:18:04.935"
"4400","디지털로29길","일반도로","국지도로","중로2류","폭15-20m","2026-03-01 11:18:04.935"
"4401","디지털로30길","일반도로","국지도로","중로1류","폭20-25m","2026-03-01 11:18:04.94"
"4402","디지털로31길","일반도로","국지도로","소로1류","폭10-12m","2026-03-01 11:18:04.94"
"4403","디지털로32가길","일반도로","국지도로","소로","6m미만","2026-03-01 11:18:04.94"
"4404","디지털로32길","일반도로","국지도로","중로1류","폭20-25m","2026-03-01 11:18:04.94"
"4405","디지털로32나길","일반도로","국지도로","소로","6m미만","2026-03-01 11:18:04.94"
"4406","디지털로32다길","일반도로","국지도로","소로","6m미만","2026-03-01 11:18:04.94"
"4407","디지털로33길","일반도로","국지도로","소로1류","폭10-12m","2026-03-01 11:18:04.94"
"4408","디지털로34길","일반도로","국지도로","중로1류","폭20-25m","2026-03-01 11:18:04.94"
"4409","디지털로35길","일반도로","국지도로","소로3류","폭6-8m","2026-03-01 11:18:04.94"
"4410","디지털로37가길","일반도로","국지도로","소로","6m미만","2026-03-01 11:18:04.94"
"4411","디지털로37길","일반도로","국지도로","소로","6m미만","2026-03-01 11:18:04.945"
"4412","디지털로37나길","일반도로","국지도로","소로","6m미만","2026-03-01 11:18:04.945"
"4413","디지털로37다길","일반도로","국지도로","소로","6m미만","2026-03-01 11:18:04.945"
"4414","디지털로37라길","일반도로","국지도로","소로","6m미만","2026-03-01 11:18:04.945"
"4415","디지털로38길","일반도로","국지도로","소로","6m미만","2026-03-01 11:18:04.945"
"4416","디지털로40길","일반도로","국지도로","소로","6m미만","2026-03-01 11:18:04.945"
"4417","디지털로41길","일반도로","국지도로","소로","6m미만","2026-03-01 11:18:04.945"
"4418","디지털로43길","일반도로","국지도로","소로","6m미만","2026-03-01 11:18:04.945"
"4419","디지털로45길","일반도로","국지도로","소로","6m미만","2026-03-01 11:18:04.945"
"4420","디지털로47길","일반도로","국지도로","소로","6m미만","2026-03-01 11:18:04.945"
"4421","디지털로48가길","일반도로","국지도로","소로","6m미만","2026-03-01 11:18:04.95"
"4422","디지털로48길","일반도로","국지도로","소로","6m미만","2026-03-01 11:18:04.95"
"4423","디지털로48나길","일반도로","국지도로","소로","6m미만","2026-03-01 11:18:04.95"
"4424","디지털로49길","일반도로","국지도로","소로","6m미만","2026-03-01 11:18:04.95"
"4425","디지털로51길","일반도로","국지도로","소로","6m미만","2026-03-01 11:18:04.95"
"4426","디지털로52길","일반도로","국지도로","소로","6m미만","2026-03-01 11:18:04.95"
"4427","디지털로53가길","일반도로","국지도로","소로","6m미만","2026-03-01 11:18:04.95"
"4428","디지털로53길","일반도로","국지도로","소로","6m미만","2026-03-01 11:18:04.95"
"4429","디지털로54가길","일반도로","국지도로","소로","6m미만","2026-03-01 11:18:04.95"
"4430","디지털로54길","일반도로","국지도로","소로","6m미만","2026-03-01 11:18:04.95"
"4431","디지털로56길","일반도로","국지도로","소로","6m미만","2026-03-01 11:18:04.955"
"4432","디지털로57길","일반도로","국지도로","소로","6m미만","2026-03-01 11:18:04.955"
"4433","디지털로61길","일반도로","국지도로","소로","6m미만","2026-03-01 11:18:04.955"
"4434","디지털로64가길","일반도로","국지도로","소로","6m미만","2026-03-01 11:18:04.955"
"4435","디지털로64길","일반도로","국지도로","소로","6m미만","2026-03-01 11:18:04.955"
"4436","디지털로66길","일반도로","국지도로","소로","6m미만","2026-03-01 11:18:04.955"
"4437","디지털로67길","일반도로","국지도로","소로","6m미만","2026-03-01 11:18:04.955"
"4438","디지털로69가길","일반도로","국지도로","소로","6m미만","2026-03-01 11:18:04.955"
"4439","디지털로69길","일반도로","국지도로","소로1류","폭10-12m","2026-03-01 11:18:04.955"
"4440","디지털로69나길","일반도로","국지도로","소로","6m미만","2026-03-01 11:18:04.955"
"4441","디지털로70길","일반도로","국지도로","소로3류","폭6-8m","2026-03-01 11:18:04.96"
"4442","디지털로71길","일반도로","국지도로","소로","6m미만","2026-03-01 11:18:04.96"
"4443","디지털로73길","일반도로","국지도로","소로","6m미만","2026-03-01 11:18:04.96"
"4444","디지털로75길","일반도로","국지도로","소로","6m미만","2026-03-01 11:18:04.96"
"4445","디지털로77길","일반도로","국지도로","소로","6m미만","2026-03-01 11:18:04.96"
"4446","디지털로79길","일반도로","국지도로","소로","6m미만","2026-03-01 11:18:04.96"
"4447","디지털로81길","일반도로","국지도로","소로","6m미만","2026-03-01 11:18:04.96"
"4448","디지털로9길","일반도로","국지도로","중로1류","폭20-25m","2026-03-01 11:18:04.96"
"4449","뚝방길","일반도로","국지도로","소로","6m미만","2026-03-01 11:18:04.96"
"4450","뚝섬로","일반도로","국지도로","소로","6m미만","2026-03-01 11:18:04.96"
"4451","뚝섬로11길","일반도로","국지도로","소로","6m미만","2026-03-01 11:18:04.965"
"4452","뚝섬로13길","일반도로","국지도로","소로3류","폭6-8m","2026-03-01 11:18:04.965"
"4453","뚝섬로15길","일반도로","국지도로","소로","6m미만","2026-03-01 11:18:04.965"
"4454","뚝섬로17가길","일반도로","국지도로","소로2류","폭8-10m","2026-03-01 11:18:04.965"
"4455","뚝섬로17길","일반도로","국지도로","소로3류","폭6-8m","2026-03-01 11:18:04.965"
"4456","뚝섬로1가길","일반도로","국지도로","소로","6m미만","2026-03-01 11:18:04.965"
"4457","뚝섬로1길","일반도로","국지도로","소로1류","폭10-12m","2026-03-01 11:18:04.965"
"4458","뚝섬로1나길","일반도로","국지도로","소로2류","폭8-10m","2026-03-01 11:18:04.965"
"4459","뚝섬로22가길","일반도로","국지도로","소로","6m미만","2026-03-01 11:18:04.965"
"4460","뚝섬로22길","일반도로","국지도로","소로","6m미만","2026-03-01 11:18:04.965"
"4461","뚝섬로23가길","일반도로","국지도로","소로","6m미만","2026-03-01 11:18:04.97"
"4462","뚝섬로23길","일반도로","국지도로","소로","6m미만","2026-03-01 11:18:04.97"
"4463","뚝섬로24길","일반도로","국지도로","소로","6m미만","2026-03-01 11:18:04.97"
"4464","뚝섬로25가길","일반도로","국지도로","소로","6m미만","2026-03-01 11:18:04.97"
"4465","뚝섬로25길","일반도로","국지도로","소로","6m미만","2026-03-01 11:18:04.97"
"4466","뚝섬로26길","일반도로","국지도로","소로","6m미만","2026-03-01 11:18:04.97"
"4467","뚝섬로27길","일반도로","국지도로","소로","6m미만","2026-03-01 11:18:04.97"
"4468","뚝섬로28길","일반도로","국지도로","소로","6m미만","2026-03-01 11:18:04.97"
"4469","뚝섬로29길","일반도로","국지도로","소로","6m미만","2026-03-01 11:18:04.97"
"4470","뚝섬로30가길","일반도로","국지도로","소로","6m미만","2026-03-01 11:18:04.97"
"4471","뚝섬로30길","일반도로","국지도로","소로","6m미만","2026-03-01 11:18:04.975"
"4472","뚝섬로31가길","일반도로","국지도로","소로","6m미만","2026-03-01 11:18:04.975"
"4473","뚝섬로31길","일반도로","국지도로","소로3류","폭6-8m","2026-03-01 11:18:04.975"
"4474","뚝섬로32가길","일반도로","국지도로","소로","6m미만","2026-03-01 11:18:04.975"
"4475","뚝섬로32길","일반도로","국지도로","소로3류","폭6-8m","2026-03-01 11:18:04.975"
"4476","뚝섬로33길","일반도로","국지도로","소로3류","폭6-8m","2026-03-01 11:18:04.975"
"4477","뚝섬로34길","일반도로","국지도로","소로1류","폭10-12m","2026-03-01 11:18:04.975"
"4478","뚝섬로35길","일반도로","국지도로","소로3류","폭6-8m","2026-03-01 11:18:04.975"
"4479","뚝섬로36가길","일반도로","국지도로","소로3류","폭6-8m","2026-03-01 11:18:04.975"
"4480","뚝섬로36길","일반도로","국지도로","소로2류","폭8-10m","2026-03-01 11:18:04.975"
"4481","뚝섬로37길","일반도로","국지도로","소로2류","폭8-10m","2026-03-01 11:18:04.979"
"4482","뚝섬로38길","일반도로","국지도로","소로","6m미만","2026-03-01 11:18:04.979"
"4483","뚝섬로3가길","일반도로","국지도로","소로","6m미만","2026-03-01 11:18:04.979"
"4484","뚝섬로3길","일반도로","국지도로","소로3류","폭6-8m","2026-03-01 11:18:04.979"
"4485","뚝섬로3나길","일반도로","국지도로","소로","6m미만","2026-03-01 11:18:04.979"
"4486","뚝섬로40길","일반도로","국지도로","소로","6m미만","2026-03-01 11:18:04.979"
"4487","뚝섬로41길","일반도로","국지도로","소로3류","폭6-8m","2026-03-01 11:18:04.979"
"4488","뚝섬로43길","일반도로","국지도로","소로","6m미만","2026-03-01 11:18:04.98"
"4489","뚝섬로44길","일반도로","국지도로","소로","6m미만","2026-03-01 11:18:04.98"
"4490","뚝섬로45길","일반도로","국지도로","소로","6m미만","2026-03-01 11:18:04.98"
"4491","뚝섬로46길","일반도로","국지도로","소로","6m미만","2026-03-01 11:18:04.984"
"4492","뚝섬로47길","일반도로","국지도로","소로","6m미만","2026-03-01 11:18:04.984"
"4493","뚝섬로48길","일반도로","국지도로","소로","6m미만","2026-03-01 11:18:04.984"
"4494","뚝섬로49길","일반도로","국지도로","소로","6m미만","2026-03-01 11:18:04.984"
"4495","뚝섬로4길","일반도로","국지도로","소로3류","폭6-8m","2026-03-01 11:18:04.984"
"4496","뚝섬로50길","일반도로","국지도로","소로","6m미만","2026-03-01 11:18:04.984"
"4497","뚝섬로51길","일반도로","국지도로","소로","6m미만","2026-03-01 11:18:04.984"
"4498","뚝섬로52가길","일반도로","국지도로","소로","6m미만","2026-03-01 11:18:04.984"
"4499","뚝섬로52길","일반도로","국지도로","소로3류","폭6-8m","2026-03-01 11:18:04.984"
"4500","뚝섬로52나길","일반도로","국지도로","소로","6m미만","2026-03-01 11:18:04.984"
"4501","뚝섬로52다길","일반도로","국지도로","소로","6m미만","2026-03-01 11:18:04.989"
"4502","뚝섬로52라길","일반도로","국지도로","소로","6m미만","2026-03-01 11:18:04.989"
"4503","뚝섬로52마길","일반도로","국지도로","소로3류","폭6-8m","2026-03-01 11:18:04.989"
"4504","뚝섬로54길","일반도로","국지도로","소로","6m미만","2026-03-01 11:18:04.989"
"4505","뚝섬로55길","일반도로","국지도로","소로3류","폭6-8m","2026-03-01 11:18:04.989"
"4506","뚝섬로56가길","일반도로","국지도로","소로","6m미만","2026-03-01 11:18:04.989"
"4507","뚝섬로56길","일반도로","국지도로","소로","6m미만","2026-03-01 11:18:04.989"
"4508","뚝섬로57가길","일반도로","국지도로","소로","6m미만","2026-03-01 11:18:04.989"
"4509","뚝섬로57길","일반도로","국지도로","소로","6m미만","2026-03-01 11:18:04.989"
"4510","뚝섬로58가길","일반도로","국지도로","소로","6m미만","2026-03-01 11:18:04.989"
"4511","뚝섬로58길","일반도로","국지도로","소로","6m미만","2026-03-01 11:18:04.993"
"4512","뚝섬로59길","일반도로","국지도로","소로","6m미만","2026-03-01 11:18:04.993"
"4513","뚝섬로5길","일반도로","국지도로","중로2류","폭15-20m","2026-03-01 11:18:04.993"
"4514","뚝섬로60길","일반도로","국지도로","소로","6m미만","2026-03-01 11:18:04.993"
"4515","뚝섬로62길","일반도로","국지도로","소로","6m미만","2026-03-01 11:18:04.993"
"4516","뚝섬로64길","일반도로","국지도로","소로","6m미만","2026-03-01 11:18:04.993"
"4517","뚝섬로66길","일반도로","국지도로","소로2류","폭8-10m","2026-03-01 11:18:04.993"
"4518","뚝섬로67길","일반도로","국지도로","소로","6m미만","2026-03-01 11:18:04.993"
"4519","뚝섬로7길","일반도로","국지도로","소로","6m미만","2026-03-01 11:18:04.993"
"4520","뚝섬로9길","일반도로","국지도로","소로","6m미만","2026-03-01 11:18:04.993"
"4521","마곡동로","일반도로","국지도로","대로3류","폭25-30m","2026-03-01 11:18:04.998"
"4522","마곡동로10길","일반도로","국지도로","중로2류","폭15-20m","2026-03-01 11:18:04.998"
"4523","마곡동로1길","일반도로","국지도로","소로1류","폭10-12m","2026-03-01 11:18:04.998"
"4524","마곡동로2길","일반도로","국지도로","중로2류","폭15-20m","2026-03-01 11:18:04.998"
"4525","마곡동로3길","일반도로","국지도로","중로2류","폭15-20m","2026-03-01 11:18:04.998"
"4526","마곡동로4길","일반도로","국지도로","중로2류","폭15-20m","2026-03-01 11:18:04.998"
"4527","마곡동로6길","일반도로","국지도로","중로2류","폭15-20m","2026-03-01 11:18:04.998"
"4528","마곡동로8길","일반도로","국지도로","소로1류","폭10-12m","2026-03-01 11:18:04.998"
"4529","마곡서1로","일반도로","국지도로","중로1류","폭20-25m","2026-03-01 11:18:04.998"
"4530","마곡서로","일반도로","국지도로","중로1류","폭20-25m","2026-03-01 11:18:04.998"
"4531","마곡중앙10로","일반도로","국지도로","중로1류","폭20-25m","2026-03-01 11:18:05.004"
"4532","마곡중앙12로","일반도로","국지도로","소로1류","폭10-12m","2026-03-01 11:18:05.004"
"4533","마곡중앙14로","일반도로","국지도로","중로2류","폭15-20m","2026-03-01 11:18:05.004"
"4534","마곡중앙1로","일반도로","국지도로","중로1류","폭20-25m","2026-03-01 11:18:05.004"
"4535","마곡중앙2로","일반도로","국지도로","중로1류","폭20-25m","2026-03-01 11:18:05.004"
"4536","마곡중앙3로","일반도로","국지도로","중로1류","폭20-25m","2026-03-01 11:18:05.004"
"4537","마곡중앙4로","일반도로","국지도로","중로2류","폭15-20m","2026-03-01 11:18:05.004"
"4538","마곡중앙5로","일반도로","국지도로","대로3류","폭25-30m","2026-03-01 11:18:05.004"
"4539","마곡중앙5로1길","일반도로","국지도로","중로1류","폭20-25m","2026-03-01 11:18:05.004"
"4540","마곡중앙6로","일반도로","국지도로","중로1류","폭20-25m","2026-03-01 11:18:05.004"
"4541","마곡중앙8로","일반도로","국지도로","중로1류","폭20-25m","2026-03-01 11:18:05.009"
"4542","마곡중앙8로1길","일반도로","국지도로","중로1류","폭20-25m","2026-03-01 11:18:05.009"
"4543","마곡중앙8로3길","일반도로","국지도로","중로2류","폭15-20m","2026-03-01 11:18:05.009"
"4544","마곡중앙8로5길","일반도로","국지도로","중로2류","폭15-20m","2026-03-01 11:18:05.009"
"4545","마곡중앙8로7길","일반도로","국지도로","중로2류","폭15-20m","2026-03-01 11:18:05.009"
"4546","마곡중앙로","일반도로","국지도로","중로2류","폭15-20m","2026-03-01 11:18:05.009"
"4547","마들로","일반도로","국지도로","소로2류","폭8-10m","2026-03-01 11:18:05.009"
"4548","마들로11가길","일반도로","국지도로","소로3류","폭6-8m","2026-03-01 11:18:05.009"
"4549","마들로11길","일반도로","국지도로","중로1류","폭20-25m","2026-03-01 11:18:05.009"
"4550","마들로13길","일반도로","국지도로","중로2류","폭15-20m","2026-03-01 11:18:05.009"
"4551","마들로14길","일반도로","국지도로","소로1류","폭10-12m","2026-03-01 11:18:05.014"
"4552","마들로16길","일반도로","국지도로","소로","6m미만","2026-03-01 11:18:05.014"
"4553","마들로18길","일반도로","국지도로","소로","6m미만","2026-03-01 11:18:05.014"
"4554","마들로1가길","일반도로","국지도로","소로3류","폭6-8m","2026-03-01 11:18:05.014"
"4555","마들로1길","일반도로","국지도로","중로1류","폭20-25m","2026-03-01 11:18:05.014"
"4556","마들로20길","일반도로","국지도로","중로1류","폭20-25m","2026-03-01 11:18:05.014"
"4557","마들로24길","일반도로","국지도로","중로1류","폭20-25m","2026-03-01 11:18:05.014"
"4558","마들로28길","일반도로","국지도로","소로","6m미만","2026-03-01 11:18:05.014"
"4559","마들로28나길","일반도로","국지도로","소로","6m미만","2026-03-01 11:18:05.014"
"4560","마들로3길","일반도로","국지도로","대로3류","폭25-30m","2026-03-01 11:18:05.014"
"4561","마들로5가길","일반도로","국지도로","소로3류","폭6-8m","2026-03-01 11:18:05.019"
"4562","마들로5길","일반도로","국지도로","소로3류","폭6-8m","2026-03-01 11:18:05.019"
"4563","마른내로","일반도로","국지도로","소로","6m미만","2026-03-01 11:18:05.019"
"4564","마른내로10길","일반도로","국지도로","소로","6m미만","2026-03-01 11:18:05.019"
"4565","마른내로12길","일반도로","국지도로","소로","6m미만","2026-03-01 11:18:05.019"
"4566","마른내로2길","일반도로","국지도로","소로","6m미만","2026-03-01 11:18:05.019"
"4567","마른내로4가길","일반도로","국지도로","소로","6m미만","2026-03-01 11:18:05.019"
"4568","마른내로4길","일반도로","국지도로","소로","6m미만","2026-03-01 11:18:05.019"
"4569","마른내로6길","일반도로","국지도로","소로","6m미만","2026-03-01 11:18:05.019"
"4570","마른내로8길","일반도로","국지도로","소로","6m미만","2026-03-01 11:18:05.019"
"4571","마방로","일반도로","국지도로","중로2류","폭15-20m","2026-03-01 11:18:05.023"
"4572","마방로10길","일반도로","국지도로","소로2류","폭8-10m","2026-03-01 11:18:05.023"
"4573","마방로2길","일반도로","국지도로","소로","6m미만","2026-03-01 11:18:05.023"
"4574","마방로4길","일반도로","국지도로","소로3류","폭6-8m","2026-03-01 11:18:05.023"
"4575","마방로6길","일반도로","국지도로","소로3류","폭6-8m","2026-03-01 11:18:05.023"
"4576","마장~사근선","일반도로","보조간선도로","중로2류","폭15-20m","2026-03-01 11:18:05.023"
"4577","마장로","일반도로","국지도로","소로","6m미만","2026-03-01 11:18:05.023"
"4578","마장로13길","일반도로","국지도로","소로","6m미만","2026-03-01 11:18:05.023"
"4579","마장로14가길","일반도로","국지도로","소로","6m미만","2026-03-01 11:18:05.023"
"4580","마장로14길","일반도로","국지도로","소로","6m미만","2026-03-01 11:18:05.023"
"4581","마장로15길","일반도로","국지도로","소로","6m미만","2026-03-01 11:18:05.028"
"4582","마장로16길","일반도로","국지도로","소로","6m미만","2026-03-01 11:18:05.028"
"4583","마장로18길","일반도로","국지도로","소로","6m미만","2026-03-01 11:18:05.028"
"4584","마장로19길","일반도로","국지도로","중로1류","폭20-25m","2026-03-01 11:18:05.028"
"4585","마장로1가길","일반도로","국지도로","소로3류","폭6-8m","2026-03-01 11:18:05.028"
"4586","마장로1길","일반도로","국지도로","소로1류","폭10-12m","2026-03-01 11:18:05.028"
"4587","마장로21길","일반도로","국지도로","소로3류","폭6-8m","2026-03-01 11:18:05.028"
"4588","마장로23길","일반도로","국지도로","소로","6m미만","2026-03-01 11:18:05.028"
"4589","마장로25길","일반도로","국지도로","소로","6m미만","2026-03-01 11:18:05.028"
"4590","마장로26길","일반도로","국지도로","소로1류","폭10-12m","2026-03-01 11:18:05.028"
"4591","마장로27가길","일반도로","국지도로","소로","6m미만","2026-03-01 11:18:05.033"
"4592","마장로27길","일반도로","국지도로","소로","6m미만","2026-03-01 11:18:05.033"
"4593","마장로29길","일반도로","국지도로","소로","6m미만","2026-03-01 11:18:05.033"
"4594","마장로31가길","일반도로","국지도로","소로","6m미만","2026-03-01 11:18:05.033"
"4595","마장로31길","일반도로","국지도로","소로","6m미만","2026-03-01 11:18:05.033"
"4596","마장로31나길","일반도로","국지도로","소로","6m미만","2026-03-01 11:18:05.033"
"4597","마장로31다길","일반도로","국지도로","소로","6m미만","2026-03-01 11:18:05.033"
"4598","마장로33길","일반도로","국지도로","소로","6m미만","2026-03-01 11:18:05.033"
"4599","마장로35가길","일반도로","국지도로","소로3류","폭6-8m","2026-03-01 11:18:05.033"
"4600","마장로35길","일반도로","국지도로","소로","6m미만","2026-03-01 11:18:05.033"
"4601","마장로35나길","일반도로","국지도로","소로3류","폭6-8m","2026-03-01 11:18:05.038"
"4602","마장로35다길","일반도로","국지도로","소로","6m미만","2026-03-01 11:18:05.038"
"4603","마장로35라길","일반도로","국지도로","소로","6m미만","2026-03-01 11:18:05.038"
"4604","마장로37길","일반도로","국지도로","소로","6m미만","2026-03-01 11:18:05.038"
"4605","마장로39가길","일반도로","국지도로","소로3류","폭6-8m","2026-03-01 11:18:05.038"
"4606","마장로39길","일반도로","국지도로","소로3류","폭6-8m","2026-03-01 11:18:05.038"
"4607","마장로39나길","일반도로","국지도로","소로3류","폭6-8m","2026-03-01 11:18:05.038"
"4608","마장로3길","일반도로","국지도로","소로","6m미만","2026-03-01 11:18:05.038"
"4609","마장로40길","일반도로","국지도로","소로","6m미만","2026-03-01 11:18:05.038"
"4610","마장로42길","일반도로","국지도로","중로1류","폭20-25m","2026-03-01 11:18:05.038"
"4611","마장로44길","일반도로","국지도로","소로3류","폭6-8m","2026-03-01 11:18:05.043"
"4612","마장로46길","일반도로","국지도로","소로3류","폭6-8m","2026-03-01 11:18:05.043"
"4613","마장로5길","일반도로","국지도로","소로","6m미만","2026-03-01 11:18:05.043"
"4614","마장로7길","일반도로","국지도로","소로","6m미만","2026-03-01 11:18:05.043"
"4615","마장로9길","일반도로","국지도로","소로1류","폭10-12m","2026-03-01 11:18:05.043"
"4616","마조로","일반도로","국지도로","소로","6m미만","2026-03-01 11:18:05.043"
"4617","마조로11길","일반도로","국지도로","소로3류","폭6-8m","2026-03-01 11:18:05.043"
"4618","마조로12길","일반도로","국지도로","소로","6m미만","2026-03-01 11:18:05.043"
"4619","마조로14가길","일반도로","국지도로","소로","6m미만","2026-03-01 11:18:05.043"
"4620","마조로14길","일반도로","국지도로","소로","6m미만","2026-03-01 11:18:05.043"
"4621","마조로15가길","일반도로","국지도로","소로3류","폭6-8m","2026-03-01 11:18:05.048"
"4622","마조로15길","일반도로","국지도로","소로","6m미만","2026-03-01 11:18:05.048"
"4623","마조로15나길","일반도로","국지도로","소로","6m미만","2026-03-01 11:18:05.048"
"4624","마조로16길","일반도로","국지도로","소로","6m미만","2026-03-01 11:18:05.048"
"4625","마조로18길","일반도로","국지도로","소로","6m미만","2026-03-01 11:18:05.048"
"4626","마조로19길","일반도로","국지도로","소로3류","폭6-8m","2026-03-01 11:18:05.048"
"4627","마조로1가길","일반도로","국지도로","소로3류","폭6-8m","2026-03-01 11:18:05.048"
"4628","마조로1길","일반도로","국지도로","소로","6m미만","2026-03-01 11:18:05.048"
"4629","마조로3가길","일반도로","국지도로","소로","6m미만","2026-03-01 11:18:05.048"
"4630","마조로3길","일반도로","국지도로","소로","6m미만","2026-03-01 11:18:05.048"
"4631","마조로3나길","일반도로","국지도로","소로","6m미만","2026-03-01 11:18:05.053"
"4632","마조로5길","일반도로","국지도로","소로","6m미만","2026-03-01 11:18:05.053"
"4633","마조로7길","일반도로","국지도로","소로","6m미만","2026-03-01 11:18:05.053"
"4634","마조로9길","일반도로","국지도로","소로","6m미만","2026-03-01 11:18:05.053"
"4635","마천로","일반도로","국지도로","소로1류","폭10-12m","2026-03-01 11:18:05.053"
"4636","마천로10길","일반도로","국지도로","소로","6m미만","2026-03-01 11:18:05.053"
"4637","마천로11길","일반도로","국지도로","소로3류","폭6-8m","2026-03-01 11:18:05.053"
"4638","마천로13길","일반도로","국지도로","소로2류","폭8-10m","2026-03-01 11:18:05.053"
"4639","마천로15길","일반도로","국지도로","소로2류","폭8-10m","2026-03-01 11:18:05.053"
"4640","마천로17길","일반도로","국지도로","소로3류","폭6-8m","2026-03-01 11:18:05.053"
"4641","마천로1길","일반도로","국지도로","소로3류","폭6-8m","2026-03-01 11:18:05.058"
"4642","마천로21길","일반도로","국지도로","소로3류","폭6-8m","2026-03-01 11:18:05.058"
"4643","마천로23길","일반도로","국지도로","소로3류","폭6-8m","2026-03-01 11:18:05.058"
"4644","마천로25길","일반도로","국지도로","소로3류","폭6-8m","2026-03-01 11:18:05.058"
"4645","마천로26길","일반도로","국지도로","소로2류","폭8-10m","2026-03-01 11:18:05.058"
"4646","마천로27길","일반도로","국지도로","소로3류","폭6-8m","2026-03-01 11:18:05.058"
"4647","마천로28길","일반도로","국지도로","소로3류","폭6-8m","2026-03-01 11:18:05.058"
"4648","마천로30길","일반도로","국지도로","소로2류","폭8-10m","2026-03-01 11:18:05.058"
"4649","마천로31길","일반도로","국지도로","소로1류","폭10-12m","2026-03-01 11:18:05.058"
"4650","마천로33길","일반도로","국지도로","소로","6m미만","2026-03-01 11:18:05.058"
"4651","마천로35길","일반도로","국지도로","소로3류","폭6-8m","2026-03-01 11:18:05.063"
"4652","마천로37길","일반도로","국지도로","소로2류","폭8-10m","2026-03-01 11:18:05.063"
"4653","마천로39길","일반도로","국지도로","소로","6m미만","2026-03-01 11:18:05.063"
"4654","마천로41길","일반도로","국지도로","소로3류","폭6-8m","2026-03-01 11:18:05.063"
"4655","마천로43길","일반도로","국지도로","소로","6m미만","2026-03-01 11:18:05.063"
"4656","마천로45길","일반도로","국지도로","소로","6m미만","2026-03-01 11:18:05.063"
"4657","마천로51가길","일반도로","국지도로","소로","6m미만","2026-03-01 11:18:05.063"
"4658","마천로51길","일반도로","국지도로","소로","6m미만","2026-03-01 11:18:05.063"
"4659","마천로52길","일반도로","국지도로","소로","6m미만","2026-03-01 11:18:05.063"
"4660","마천로57길","일반도로","국지도로","소로3류","폭6-8m","2026-03-01 11:18:05.063"
"4661","마천로59길","일반도로","국지도로","소로","6m미만","2026-03-01 11:18:05.067"
"4662","마천로5길","일반도로","국지도로","소로3류","폭6-8m","2026-03-01 11:18:05.068"
"4663","마천로61가길","일반도로","국지도로","소로","6m미만","2026-03-01 11:18:05.068"
"4664","마천로61길","일반도로","국지도로","소로","6m미만","2026-03-01 11:18:05.068"
"4665","마천로61나길","일반도로","국지도로","소로","6m미만","2026-03-01 11:18:05.068"
"4666","마천로61다길","일반도로","국지도로","소로","6m미만","2026-03-01 11:18:05.068"
"4667","마천로61라길","일반도로","국지도로","소로","6m미만","2026-03-01 11:18:05.068"
"4668","마천로61마길","일반도로","국지도로","소로","6m미만","2026-03-01 11:18:05.068"
"4669","마천로61바길","일반도로","국지도로","소로","6m미만","2026-03-01 11:18:05.068"
"4670","마천로63길","일반도로","국지도로","소로","6m미만","2026-03-01 11:18:05.068"
"4671","마천로65길","일반도로","국지도로","소로","6m미만","2026-03-01 11:18:05.073"
"4672","마천로7가길","일반도로","국지도로","소로","6m미만","2026-03-01 11:18:05.073"
"4673","마천로7길","일반도로","국지도로","소로3류","폭6-8m","2026-03-01 11:18:05.073"
"4674","마천로8길","일반도로","국지도로","소로3류","폭6-8m","2026-03-01 11:18:05.073"
"4675","마포대로","일반도로","국지도로","소로2류","폭8-10m","2026-03-01 11:18:05.073"
"4676","마포대로10길","일반도로","국지도로","소로2류","폭8-10m","2026-03-01 11:18:05.073"
"4677","마포대로11가길","일반도로","국지도로","소로","6m미만","2026-03-01 11:18:05.073"
"4678","마포대로11길","일반도로","국지도로","소로1류","폭10-12m","2026-03-01 11:18:05.073"
"4679","마포대로11나길","일반도로","국지도로","소로","6m미만","2026-03-01 11:18:05.073"
"4680","마포대로11다길","일반도로","국지도로","소로3류","폭6-8m","2026-03-01 11:18:05.073"
"4681","마포대로12길","일반도로","국지도로","소로","6m미만","2026-03-01 11:18:05.077"
"4682","마포대로14가길","일반도로","국지도로","소로","6m미만","2026-03-01 11:18:05.077"
"4683","마포대로14길","일반도로","국지도로","소로","6m미만","2026-03-01 11:18:05.077"
"4684","마포대로14나길","일반도로","국지도로","소로","6m미만","2026-03-01 11:18:05.077"
"4685","마포대로14다길","일반도로","국지도로","소로","6m미만","2026-03-01 11:18:05.077"
"4686","마포대로14라길","일반도로","국지도로","소로","6m미만","2026-03-01 11:18:05.077"
"4687","마포대로16가길","일반도로","국지도로","소로","6m미만","2026-03-01 11:18:05.077"
"4688","마포대로16길","일반도로","국지도로","소로3류","폭6-8m","2026-03-01 11:18:05.077"
"4689","마포대로18길","일반도로","국지도로","소로","6m미만","2026-03-01 11:18:05.077"
"4690","마포대로19길","일반도로","국지도로","소로2류","폭8-10m","2026-03-01 11:18:05.077"
"4691","마포대로1길","일반도로","국지도로","소로2류","폭8-10m","2026-03-01 11:18:05.082"
"4692","마포대로20길","일반도로","국지도로","소로3류","폭6-8m","2026-03-01 11:18:05.082"
"4693","마포대로21길","일반도로","국지도로","소로2류","폭8-10m","2026-03-01 11:18:05.082"
"4694","마포대로24길","일반도로","국지도로","소로3류","폭6-8m","2026-03-01 11:18:05.082"
"4695","마포대로24안길","일반도로","국지도로","소로","6m미만","2026-03-01 11:18:05.082"
"4696","마포대로26길","일반도로","국지도로","소로","6m미만","2026-03-01 11:18:05.082"
"4697","마포대로28가길","일반도로","국지도로","소로","6m미만","2026-03-01 11:18:05.082"
"4698","마포대로28길","일반도로","국지도로","소로2류","폭8-10m","2026-03-01 11:18:05.082"
"4699","마포대로28라길","일반도로","국지도로","소로","6m미만","2026-03-01 11:18:05.082"
"4700","마포대로4가길","일반도로","국지도로","소로","6m미만","2026-03-01 11:18:05.082"
"4701","마포대로4길","일반도로","국지도로","소로","6m미만","2026-03-01 11:18:05.087"
"4702","마포대로4나길","일반도로","국지도로","소로","6m미만","2026-03-01 11:18:05.087"
"4703","마포대로4다길","일반도로","국지도로","소로","6m미만","2026-03-01 11:18:05.087"
"4704","마포대로4라길","일반도로","국지도로","소로","6m미만","2026-03-01 11:18:05.087"
"4705","마포대로6길","일반도로","국지도로","소로3류","폭6-8m","2026-03-01 11:18:05.087"
"4706","마포대로7길","일반도로","국지도로","소로1류","폭10-12m","2026-03-01 11:18:05.088"
"4707","마포대로8길","일반도로","국지도로","소로2류","폭8-10m","2026-03-01 11:18:05.088"
"4708","마포대로8안길","일반도로","국지도로","소로","6m미만","2026-03-01 11:18:05.088"
"4709","만리재로","일반도로","국지도로","소로","6m미만","2026-03-01 11:18:05.088"
"4710","만리재로10길","일반도로","국지도로","소로","6m미만","2026-03-01 11:18:05.088"
"4711","만리재로10안길","일반도로","국지도로","소로","6m미만","2026-03-01 11:18:05.092"
"4712","만리재로12가길","일반도로","국지도로","소로","6m미만","2026-03-01 11:18:05.092"
"4713","만리재로12길","일반도로","국지도로","소로","6m미만","2026-03-01 11:18:05.092"
"4714","만리재로12나길","일반도로","국지도로","소로","6m미만","2026-03-01 11:18:05.092"
"4715","만리재로14길","일반도로","국지도로","소로","6m미만","2026-03-01 11:18:05.092"
"4716","만리재로16길","일반도로","국지도로","소로","6m미만","2026-03-01 11:18:05.092"
"4717","만리재로16안길","일반도로","국지도로","소로","6m미만","2026-03-01 11:18:05.092"
"4718","만리재로18길","일반도로","국지도로","소로","6m미만","2026-03-01 11:18:05.092"
"4719","만리재로1길","일반도로","국지도로","소로2류","폭8-10m","2026-03-01 11:18:05.092"
"4720","만리재로20길","일반도로","국지도로","소로","6m미만","2026-03-01 11:18:05.092"
"4721","만리재로24가길","일반도로","국지도로","소로","6m미만","2026-03-01 11:18:05.097"
"4722","만리재로24길","일반도로","국지도로","소로","6m미만","2026-03-01 11:18:05.097"
"4723","만리재로26가길","일반도로","국지도로","소로","6m미만","2026-03-01 11:18:05.097"
"4724","만리재로26길","일반도로","국지도로","소로","6m미만","2026-03-01 11:18:05.097"
"4725","만리재로28길","일반도로","국지도로","소로","6m미만","2026-03-01 11:18:05.097"
"4726","만리재로33길","일반도로","국지도로","소로3류","폭6-8m","2026-03-01 11:18:05.097"
"4727","만리재로35길","일반도로","국지도로","소로","6m미만","2026-03-01 11:18:05.097"
"4728","만리재로36길","일반도로","국지도로","소로","6m미만","2026-03-01 11:18:05.097"
"4729","만리재로37길","일반도로","국지도로","소로","6m미만","2026-03-01 11:18:05.097"
"4730","만리재로40길","일반도로","국지도로","소로","6m미만","2026-03-01 11:18:05.097"
"4731","만리재로6길","일반도로","국지도로","소로","6m미만","2026-03-01 11:18:05.102"
"4732","만리재로7길","일반도로","국지도로","소로","6m미만","2026-03-01 11:18:05.102"
"4733","만리재로8길","일반도로","국지도로","소로","6m미만","2026-03-01 11:18:05.102"
"4734","만리재옛10길","일반도로","국지도로","소로","6m미만","2026-03-01 11:18:05.102"
"4735","만리재옛11길","일반도로","국지도로","소로2류","폭8-10m","2026-03-01 11:18:05.102"
"4736","만리재옛12길","일반도로","국지도로","소로","6m미만","2026-03-01 11:18:05.102"
"4737","만리재옛12안길","일반도로","국지도로","소로","6m미만","2026-03-01 11:18:05.102"
"4738","만리재옛2길","일반도로","국지도로","소로","6m미만","2026-03-01 11:18:05.102"
"4739","만리재옛4길","일반도로","국지도로","소로","6m미만","2026-03-01 11:18:05.102"
"4740","만리재옛6길","일반도로","국지도로","소로","6m미만","2026-03-01 11:18:05.102"
"4741","만리재옛8길","일반도로","국지도로","소로","6m미만","2026-03-01 11:18:05.107"
"4742","만리재옛길","일반도로","국지도로","소로","6m미만","2026-03-01 11:18:05.107"
"4743","만양로","일반도로","국지도로","소로","6m미만","2026-03-01 11:18:05.107"
"4744","만양로10길","일반도로","국지도로","소로","6m미만","2026-03-01 11:18:05.107"
"4745","만양로11길","일반도로","국지도로","소로","6m미만","2026-03-01 11:18:05.107"
"4746","만양로12가길","일반도로","국지도로","소로","6m미만","2026-03-01 11:18:05.107"
"4747","만양로12길","일반도로","국지도로","소로","6m미만","2026-03-01 11:18:05.107"
"4748","만양로13가길","일반도로","국지도로","소로3류","폭6-8m","2026-03-01 11:18:05.108"
"4749","만양로13길","일반도로","국지도로","소로","6m미만","2026-03-01 11:18:05.108"
"4750","만양로14가길","일반도로","국지도로","소로","6m미만","2026-03-01 11:18:05.108"
"4751","만양로14길","일반도로","국지도로","소로","6m미만","2026-03-01 11:18:05.112"
"4752","만양로14나길","일반도로","국지도로","소로","6m미만","2026-03-01 11:18:05.112"
"4753","만양로14다길","일반도로","국지도로","소로","6m미만","2026-03-01 11:18:05.112"
"4754","만양로14라길","일반도로","국지도로","소로","6m미만","2026-03-01 11:18:05.112"
"4755","만양로14마길","일반도로","국지도로","소로","6m미만","2026-03-01 11:18:05.112"
"4756","만양로14바길","일반도로","국지도로","소로3류","폭6-8m","2026-03-01 11:18:05.112"
"4757","만양로14사길","일반도로","국지도로","소로","6m미만","2026-03-01 11:18:05.112"
"4758","만양로14아길","일반도로","국지도로","소로3류","폭6-8m","2026-03-01 11:18:05.112"
"4759","만양로15길","일반도로","국지도로","소로","6m미만","2026-03-01 11:18:05.112"
"4760","만양로16길","일반도로","국지도로","소로","6m미만","2026-03-01 11:18:05.112"
"4761","만양로18길","일반도로","국지도로","소로","6m미만","2026-03-01 11:18:05.117"
"4762","만양로1길","일반도로","국지도로","소로","6m미만","2026-03-01 11:18:05.117"
"4763","만양로2길","일반도로","국지도로","소로","6m미만","2026-03-01 11:18:05.117"
"4764","만양로3길","일반도로","국지도로","중로1류","폭20-25m","2026-03-01 11:18:05.117"
"4765","만양로4길","일반도로","국지도로","중로2류","폭15-20m","2026-03-01 11:18:05.117"
"4766","만양로6길","일반도로","국지도로","소로3류","폭6-8m","2026-03-01 11:18:05.117"
"4767","만양로8길","일반도로","국지도로","소로","6m미만","2026-03-01 11:18:05.117"
"4768","망우~공릉선","일반도로","보조간선도로","대로2류","폭30-35m","2026-03-01 11:18:05.117"
"4769","망우로","일반도로","국지도로","소로","6m미만","2026-03-01 11:18:05.117"
"4770","망우로10가길","일반도로","국지도로","소로","6m미만","2026-03-01 11:18:05.117"
"4771","망우로10길","일반도로","국지도로","소로","6m미만","2026-03-01 11:18:05.122"
"4772","망우로12가길","일반도로","국지도로","소로","6m미만","2026-03-01 11:18:05.122"
"4773","망우로12길","일반도로","국지도로","소로","6m미만","2026-03-01 11:18:05.122"
"4774","망우로12나길","일반도로","국지도로","소로","6m미만","2026-03-01 11:18:05.122"
"4775","망우로12다길","일반도로","국지도로","소로","6m미만","2026-03-01 11:18:05.122"
"4776","망우로12라길","일반도로","국지도로","소로","6m미만","2026-03-01 11:18:05.122"
"4777","망우로14가길","일반도로","국지도로","소로","6m미만","2026-03-01 11:18:05.122"
"4778","망우로14길","일반도로","국지도로","소로","6m미만","2026-03-01 11:18:05.122"
"4779","망우로16길","일반도로","국지도로","소로","6m미만","2026-03-01 11:18:05.122"
"4780","망우로18가길","일반도로","국지도로","소로","6m미만","2026-03-01 11:18:05.122"
"4781","망우로18길","일반도로","국지도로","소로","6m미만","2026-03-01 11:18:05.127"
"4782","망우로18나길","일반도로","국지도로","소로","6m미만","2026-03-01 11:18:05.127"
"4783","망우로18다길","일반도로","국지도로","소로","6m미만","2026-03-01 11:18:05.127"
"4784","망우로18라길","일반도로","국지도로","소로","6m미만","2026-03-01 11:18:05.127"
"4785","망우로18마길","일반도로","국지도로","소로","6m미만","2026-03-01 11:18:05.127"
"4786","망우로18바길","일반도로","국지도로","소로","6m미만","2026-03-01 11:18:05.127"
"4787","망우로1길","일반도로","국지도로","소로","6m미만","2026-03-01 11:18:05.127"
"4788","망우로20가길","일반도로","국지도로","소로","6m미만","2026-03-01 11:18:05.127"
"4789","망우로20길","일반도로","국지도로","중로2류","폭15-20m","2026-03-01 11:18:05.127"
"4790","망우로21가길","일반도로","국지도로","소로","6m미만","2026-03-01 11:18:05.127"
"4791","망우로21길","일반도로","국지도로","소로","6m미만","2026-03-01 11:18:05.131"
"4792","망우로21나길","일반도로","국지도로","소로","6m미만","2026-03-01 11:18:05.131"
"4793","망우로23길","일반도로","국지도로","소로3류","폭6-8m","2026-03-01 11:18:05.131"
"4794","망우로25길","일반도로","국지도로","소로","6m미만","2026-03-01 11:18:05.131"
"4795","망우로26길","일반도로","국지도로","소로","6m미만","2026-03-01 11:18:05.132"
"4796","망우로30길","일반도로","국지도로","소로3류","폭6-8m","2026-03-01 11:18:05.132"
"4797","망우로32길","일반도로","국지도로","소로2류","폭8-10m","2026-03-01 11:18:05.132"
"4798","망우로36길","일반도로","국지도로","소로2류","폭8-10m","2026-03-01 11:18:05.132"
"4799","망우로38길","일반도로","국지도로","소로","6m미만","2026-03-01 11:18:05.132"
"4800","망우로42길","일반도로","국지도로","소로","6m미만","2026-03-01 11:18:05.132"
"4801","망우로43길","일반도로","국지도로","소로","6m미만","2026-03-01 11:18:05.137"
"4802","망우로48길","일반도로","국지도로","소로","6m미만","2026-03-01 11:18:05.138"
"4803","망우로4길","일반도로","국지도로","소로","6m미만","2026-03-01 11:18:05.138"
"4804","망우로50길","일반도로","국지도로","소로2류","폭8-10m","2026-03-01 11:18:05.138"
"4805","망우로52길","일반도로","국지도로","소로1류","폭10-12m","2026-03-01 11:18:05.138"
"4806","망우로55길","일반도로","국지도로","소로3류","폭6-8m","2026-03-01 11:18:05.138"
"4807","망우로58길","일반도로","국지도로","소로3류","폭6-8m","2026-03-01 11:18:05.138"
"4808","망우로60길","일반도로","국지도로","중로1류","폭20-25m","2026-03-01 11:18:05.138"
"4809","망우로62길","일반도로","국지도로","소로3류","폭6-8m","2026-03-01 11:18:05.138"
"4810","망우로63길","일반도로","국지도로","소로","6m미만","2026-03-01 11:18:05.138"
"4811","망우로65가길","일반도로","국지도로","소로","6m미만","2026-03-01 11:18:05.143"
"4812","망우로65길","일반도로","국지도로","소로","6m미만","2026-03-01 11:18:05.143"
"4813","망우로65나길","일반도로","국지도로","소로","6m미만","2026-03-01 11:18:05.143"
"4814","망우로66길","일반도로","국지도로","소로","6m미만","2026-03-01 11:18:05.143"
"4815","망우로67가길","일반도로","국지도로","소로","6m미만","2026-03-01 11:18:05.143"
"4816","망우로67길","일반도로","국지도로","소로","6m미만","2026-03-01 11:18:05.143"
"4817","망우로68길","일반도로","국지도로","소로","6m미만","2026-03-01 11:18:05.143"
"4818","망우로6길","일반도로","국지도로","소로","6m미만","2026-03-01 11:18:05.143"
"4819","망우로70길","일반도로","국지도로","소로3류","폭6-8m","2026-03-01 11:18:05.143"
"4820","망우로71가길","일반도로","국지도로","소로","6m미만","2026-03-01 11:18:05.143"
"4821","망우로71길","일반도로","국지도로","소로3류","폭6-8m","2026-03-01 11:18:05.147"
"4822","망우로72가길","일반도로","국지도로","소로","6m미만","2026-03-01 11:18:05.147"
"4823","망우로72길","일반도로","국지도로","소로","6m미만","2026-03-01 11:18:05.147"
"4824","망우로73길","일반도로","국지도로","소로","6m미만","2026-03-01 11:18:05.147"
"4825","망우로74가길","일반도로","국지도로","소로","6m미만","2026-03-01 11:18:05.147"
"4826","망우로74길","일반도로","국지도로","소로","6m미만","2026-03-01 11:18:05.148"
"4827","망우로75길","일반도로","국지도로","소로2류","폭8-10m","2026-03-01 11:18:05.148"
"4828","망우로76길","일반도로","국지도로","소로","6m미만","2026-03-01 11:18:05.148"
"4829","망우로77길","일반도로","국지도로","소로","6m미만","2026-03-01 11:18:05.148"
"4830","망우로78길","일반도로","국지도로","소로","6m미만","2026-03-01 11:18:05.148"
"4831","망우로80길","일반도로","국지도로","소로","6m미만","2026-03-01 11:18:05.152"
"4832","망우로81길","일반도로","국지도로","소로","6m미만","2026-03-01 11:18:05.152"
"4833","망우로87길","일반도로","국지도로","소로3류","폭6-8m","2026-03-01 11:18:05.152"
"4834","망우로8길","일반도로","국지도로","소로3류","폭6-8m","2026-03-01 11:18:05.152"
"4835","망우로91길","일반도로","국지도로","소로","6m미만","2026-03-01 11:18:05.152"
"4836","망원로","일반도로","국지도로","소로","6m미만","2026-03-01 11:18:05.152"
"4837","망원로10길","일반도로","국지도로","소로","6m미만","2026-03-01 11:18:05.152"
"4838","망원로11길","일반도로","국지도로","소로","6m미만","2026-03-01 11:18:05.152"
"4839","망원로1길","일반도로","국지도로","소로","6m미만","2026-03-01 11:18:05.152"
"4840","망원로2길","일반도로","국지도로","소로","6m미만","2026-03-01 11:18:05.152"
"4841","망원로3길","일반도로","국지도로","소로3류","폭6-8m","2026-03-01 11:18:05.157"
"4842","망원로4길","일반도로","국지도로","소로","6m미만","2026-03-01 11:18:05.157"
"4843","망원로6길","일반도로","국지도로","소로","6m미만","2026-03-01 11:18:05.157"
"4844","망원로7길","일반도로","국지도로","소로","6m미만","2026-03-01 11:18:05.157"
"4845","망원로8길","일반도로","국지도로","소로","6m미만","2026-03-01 11:18:05.157"
"4846","매봉18길","일반도로","국지도로","소로","6m미만","2026-03-01 11:18:05.157"
"4847","매봉길","일반도로","국지도로","중로2류","폭15-20m","2026-03-01 11:18:05.157"
"4848","매봉로","일반도로","국지도로","소로2류","폭8-10m","2026-03-01 11:18:05.157"
"4849","매봉로2가길","일반도로","국지도로","소로","6m미만","2026-03-01 11:18:05.157"
"4850","매봉로2길","일반도로","국지도로","소로","6m미만","2026-03-01 11:18:05.157"
"4851","매봉로4가길","일반도로","국지도로","소로","6m미만","2026-03-01 11:18:05.162"
"4852","매봉로4길","일반도로","국지도로","소로","6m미만","2026-03-01 11:18:05.162"
"4853","매봉로6길","일반도로","국지도로","중로2류","폭15-20m","2026-03-01 11:18:05.162"
"4854","매봉산로","일반도로","국지도로","중로2류","폭15-20m","2026-03-01 11:18:05.162"
"4855","매봉산로2길","일반도로","국지도로","소로","6m미만","2026-03-01 11:18:05.162"
"4856","매봉산로2안길","일반도로","국지도로","소로","6m미만","2026-03-01 11:18:05.162"
"4857","매헌로","일반도로","국지도로","중로1류","폭20-25m","2026-03-01 11:18:05.162"
"4858","매헌로10길","일반도로","국지도로","소로","6m미만","2026-03-01 11:18:05.162"
"4859","매헌로12길","일반도로","국지도로","소로3류","폭6-8m","2026-03-01 11:18:05.162"
"4860","매헌로14길","일반도로","국지도로","소로3류","폭6-8m","2026-03-01 11:18:05.162"
"4861","매헌로16길","일반도로","국지도로","중로2류","폭15-20m","2026-03-01 11:18:05.167"
"4862","매헌로1길","일반도로","국지도로","중로1류","폭20-25m","2026-03-01 11:18:05.167"
"4863","매헌로3길","일반도로","국지도로","소로3류","폭6-8m","2026-03-01 11:18:05.167"
"4864","매헌로6길","일반도로","국지도로","소로3류","폭6-8m","2026-03-01 11:18:05.167"
"4865","매헌로8길","일반도로","국지도로","소로","6m미만","2026-03-01 11:18:05.167"
"4866","면목~상봉선","일반도로","보조간선도로","중로1류","폭20-25m","2026-03-01 11:18:05.167"
"4867","면목~상봉선","일반도로","보조간선도로","중로1류","폭20-25m","2026-03-01 11:18:05.167"
"4868","면목로","일반도로","국지도로","소로","6m미만","2026-03-01 11:18:05.167"
"4869","면목로11길","일반도로","국지도로","소로","6m미만","2026-03-01 11:18:05.167"
"4870","면목로12길","일반도로","국지도로","소로","6m미만","2026-03-01 11:18:05.167"
"4871","면목로13길","일반도로","국지도로","소로","6m미만","2026-03-01 11:18:05.172"
"4872","면목로15길","일반도로","국지도로","소로","6m미만","2026-03-01 11:18:05.172"
"4873","면목로16길","일반도로","국지도로","소로","6m미만","2026-03-01 11:18:05.172"
"4874","면목로17길","일반도로","국지도로","소로","6m미만","2026-03-01 11:18:05.172"
"4875","면목로1길","일반도로","국지도로","소로","6m미만","2026-03-01 11:18:05.172"
"4876","면목로21길","일반도로","국지도로","소로","6m미만","2026-03-01 11:18:05.172"
"4877","면목로22길","일반도로","국지도로","소로3류","폭6-8m","2026-03-01 11:18:05.172"
"4878","면목로23길","일반도로","국지도로","소로","6m미만","2026-03-01 11:18:05.172"
"4879","면목로24길","일반도로","국지도로","소로","6m미만","2026-03-01 11:18:05.172"
"4880","면목로27가길","일반도로","국지도로","소로","6m미만","2026-03-01 11:18:05.172"
"4881","면목로27길","일반도로","국지도로","소로3류","폭6-8m","2026-03-01 11:18:05.176"
"4882","면목로27나길","일반도로","국지도로","소로3류","폭6-8m","2026-03-01 11:18:05.176"
"4883","면목로27다길","일반도로","국지도로","소로","6m미만","2026-03-01 11:18:05.176"
"4884","면목로28길","일반도로","국지도로","소로","6m미만","2026-03-01 11:18:05.176"
"4885","면목로29길","일반도로","국지도로","소로","6m미만","2026-03-01 11:18:05.176"
"4886","면목로30가길","일반도로","국지도로","소로","6m미만","2026-03-01 11:18:05.176"
"4887","면목로30길","일반도로","국지도로","소로","6m미만","2026-03-01 11:18:05.176"
"4888","면목로30나길","일반도로","국지도로","소로","6m미만","2026-03-01 11:18:05.176"
"4889","면목로31길","일반도로","국지도로","소로","6m미만","2026-03-01 11:18:05.176"
"4890","면목로33길","일반도로","국지도로","소로","6m미만","2026-03-01 11:18:05.176"
"4891","면목로34길","일반도로","국지도로","소로","6m미만","2026-03-01 11:18:05.181"
"4892","면목로35길","일반도로","국지도로","소로","6m미만","2026-03-01 11:18:05.182"
"4893","면목로36길","일반도로","국지도로","소로","6m미만","2026-03-01 11:18:05.182"
"4894","면목로37길","일반도로","국지도로","소로","6m미만","2026-03-01 11:18:05.182"
"4895","면목로38가길","일반도로","국지도로","소로","6m미만","2026-03-01 11:18:05.182"
"4896","면목로38길","일반도로","국지도로","소로","6m미만","2026-03-01 11:18:05.182"
"4897","면목로38나길","일반도로","국지도로","소로","6m미만","2026-03-01 11:18:05.182"
"4898","면목로39길","일반도로","국지도로","소로","6m미만","2026-03-01 11:18:05.182"
"4899","면목로3길","일반도로","국지도로","소로","6m미만","2026-03-01 11:18:05.182"
"4900","면목로40길","일반도로","국지도로","소로","6m미만","2026-03-01 11:18:05.182"
"4901","면목로42길","일반도로","국지도로","소로","6m미만","2026-03-01 11:18:05.186"
"4902","면목로43길","일반도로","국지도로","소로","6m미만","2026-03-01 11:18:05.187"
"4903","면목로44가길","일반도로","국지도로","소로","6m미만","2026-03-01 11:18:05.187"
"4904","면목로44길","일반도로","국지도로","소로","6m미만","2026-03-01 11:18:05.187"
"4905","면목로44나길","일반도로","국지도로","소로","6m미만","2026-03-01 11:18:05.187"
"4906","면목로44다길","일반도로","국지도로","소로","6m미만","2026-03-01 11:18:05.187"
"4907","면목로44라길","일반도로","국지도로","소로","6m미만","2026-03-01 11:18:05.187"
"4908","면목로44마길","일반도로","국지도로","소로","6m미만","2026-03-01 11:18:05.187"
"4909","면목로44바길","일반도로","국지도로","소로","6m미만","2026-03-01 11:18:05.187"
"4910","면목로45길","일반도로","국지도로","소로","6m미만","2026-03-01 11:18:05.187"
"4911","면목로47길","일반도로","국지도로","소로","6m미만","2026-03-01 11:18:05.192"
"4912","면목로48길","일반도로","국지도로","소로","6m미만","2026-03-01 11:18:05.192"
"4913","면목로49길","일반도로","국지도로","소로","6m미만","2026-03-01 11:18:05.192"
"4914","면목로4길","일반도로","국지도로","소로","6m미만","2026-03-01 11:18:05.192"
"4915","면목로51길","일반도로","국지도로","소로","6m미만","2026-03-01 11:18:05.192"
"4916","면목로52길","일반도로","국지도로","소로","6m미만","2026-03-01 11:18:05.192"
"4917","면목로53길","일반도로","국지도로","소로","6m미만","2026-03-01 11:18:05.192"
"4918","면목로54길","일반도로","국지도로","소로","6m미만","2026-03-01 11:18:05.192"
"4919","면목로55가길","일반도로","국지도로","소로","6m미만","2026-03-01 11:18:05.192"
"4920","면목로55길","일반도로","국지도로","소로","6m미만","2026-03-01 11:18:05.192"
"4921","면목로56가길","일반도로","국지도로","소로","6m미만","2026-03-01 11:18:05.197"
"4922","면목로56길","일반도로","국지도로","소로","6m미만","2026-03-01 11:18:05.197"
"4923","면목로56나길","일반도로","국지도로","소로","6m미만","2026-03-01 11:18:05.197"
"4924","면목로57길","일반도로","국지도로","소로","6m미만","2026-03-01 11:18:05.197"
"4925","면목로58길","일반도로","국지도로","소로","6m미만","2026-03-01 11:18:05.197"
"4926","면목로5길","일반도로","국지도로","소로","6m미만","2026-03-01 11:18:05.197"
"4927","면목로60길","일반도로","국지도로","소로","6m미만","2026-03-01 11:18:05.197"
"4928","면목로61길","일반도로","국지도로","소로","6m미만","2026-03-01 11:18:05.197"
"4929","면목로63길","일반도로","국지도로","소로","6m미만","2026-03-01 11:18:05.197"
"4930","면목로64길","일반도로","국지도로","소로","6m미만","2026-03-01 11:18:05.197"
"4931","면목로65길","일반도로","국지도로","소로","6m미만","2026-03-01 11:18:05.202"
"4932","면목로66길","일반도로","국지도로","소로","6m미만","2026-03-01 11:18:05.202"
"4933","면목로68길","일반도로","국지도로","소로","6m미만","2026-03-01 11:18:05.202"
"4934","면목로69길","일반도로","국지도로","소로","6m미만","2026-03-01 11:18:05.202"
"4935","면목로6길","일반도로","국지도로","소로","6m미만","2026-03-01 11:18:05.202"
"4936","면목로72가길","일반도로","국지도로","소로","6m미만","2026-03-01 11:18:05.202"
"4937","면목로72길","일반도로","국지도로","소로","6m미만","2026-03-01 11:18:05.202"
"4938","면목로73가길","일반도로","국지도로","소로","6m미만","2026-03-01 11:18:05.202"
"4939","면목로73길","일반도로","국지도로","소로","6m미만","2026-03-01 11:18:05.202"
"4940","면목로74길","일반도로","국지도로","소로","6m미만","2026-03-01 11:18:05.202"
"4941","면목로76길","일반도로","국지도로","소로","6m미만","2026-03-01 11:18:05.207"
"4942","면목로78길","일반도로","국지도로","소로","6m미만","2026-03-01 11:18:05.207"
"4943","면목로79길","일반도로","국지도로","소로","6m미만","2026-03-01 11:18:05.207"
"4944","면목로7길","일반도로","국지도로","소로","6m미만","2026-03-01 11:18:05.207"
"4945","면목로80길","일반도로","국지도로","소로","6m미만","2026-03-01 11:18:05.207"
"4946","면목로84가길","일반도로","국지도로","소로","6m미만","2026-03-01 11:18:05.207"
"4947","면목로84길","일반도로","국지도로","소로","6m미만","2026-03-01 11:18:05.207"
"4948","면목로84나길","일반도로","국지도로","소로","6m미만","2026-03-01 11:18:05.207"
"4949","면목로85길","일반도로","국지도로","소로","6m미만","2026-03-01 11:18:05.207"
"4950","면목로88길","일반도로","국지도로","소로","6m미만","2026-03-01 11:18:05.207"
"4951","면목로90길","일반도로","국지도로","소로","6m미만","2026-03-01 11:18:05.212"
"4952","면목로91길","일반도로","국지도로","소로","6m미만","2026-03-01 11:18:05.212"
"4953","면목로92가길","일반도로","국지도로","소로","6m미만","2026-03-01 11:18:05.212"
"4954","면목로92길","일반도로","국지도로","소로","6m미만","2026-03-01 11:18:05.212"
"4955","면목로92나길","일반도로","국지도로","소로","6m미만","2026-03-01 11:18:05.212"
"4956","면목로92다길","일반도로","국지도로","소로","6m미만","2026-03-01 11:18:05.212"
"4957","면목로92라길","일반도로","국지도로","소로","6m미만","2026-03-01 11:18:05.212"
"4958","면목로94길","일반도로","국지도로","소로","6m미만","2026-03-01 11:18:05.212"
"4959","면목로95길","일반도로","국지도로","소로","6m미만","2026-03-01 11:18:05.212"
"4960","면목로96길","일반도로","국지도로","소로","6m미만","2026-03-01 11:18:05.212"
"4961","면목로9길","일반도로","국지도로","소로","6m미만","2026-03-01 11:18:05.217"
"4962","면목천로","일반도로","국지도로","중로2류","폭15-20m","2026-03-01 11:18:05.217"
"4963","면목천로19길","일반도로","국지도로","소로","6m미만","2026-03-01 11:18:05.217"
"4964","면목천로23길","일반도로","국지도로","소로","6m미만","2026-03-01 11:18:05.217"
"4965","면목천로6길","일반도로","국지도로","소로","6m미만","2026-03-01 11:18:05.217"
"4966","명달로","일반도로","국지도로","소로1류","폭10-12m","2026-03-01 11:18:05.217"
"4967","명달로11길","일반도로","국지도로","소로","6m미만","2026-03-01 11:18:05.217"
"4968","명달로13길","일반도로","국지도로","소로3류","폭6-8m","2026-03-01 11:18:05.217"
"4969","명달로15길","일반도로","국지도로","소로3류","폭6-8m","2026-03-01 11:18:05.217"
"4970","명달로16길","일반도로","국지도로","소로3류","폭6-8m","2026-03-01 11:18:05.217"
"4971","명달로17길","일반도로","국지도로","소로","6m미만","2026-03-01 11:18:05.222"
"4972","명달로1길","일반도로","국지도로","소로3류","폭6-8m","2026-03-01 11:18:05.222"
"4973","명달로20길","일반도로","국지도로","소로3류","폭6-8m","2026-03-01 11:18:05.222"
"4974","명달로22길","일반도로","국지도로","소로3류","폭6-8m","2026-03-01 11:18:05.222"
"4975","명달로24길","일반도로","국지도로","소로","6m미만","2026-03-01 11:18:05.222"
"4976","명달로26길","일반도로","국지도로","소로","6m미만","2026-03-01 11:18:05.222"
"4977","명달로28길","일반도로","국지도로","소로3류","폭6-8m","2026-03-01 11:18:05.222"
"4978","명달로4길","일반도로","국지도로","소로","6m미만","2026-03-01 11:18:05.222"
"4979","명달로6길","일반도로","국지도로","소로2류","폭8-10m","2026-03-01 11:18:05.222"
"4980","명달로8길","일반도로","국지도로","소로","6m미만","2026-03-01 11:18:05.222"
"4981","명달로9길","일반도로","국지도로","소로3류","폭6-8m","2026-03-01 11:18:05.226"
"4982","명동10길","일반도로","국지도로","소로","6m미만","2026-03-01 11:18:05.226"
"4983","명동11길","일반도로","국지도로","소로3류","폭6-8m","2026-03-01 11:18:05.226"
"4984","명동13길","일반도로","국지도로","소로3류","폭6-8m","2026-03-01 11:18:05.226"
"4985","명동2길","일반도로","국지도로","소로3류","폭6-8m","2026-03-01 11:18:05.226"
"4986","명동3길","일반도로","국지도로","소로3류","폭6-8m","2026-03-01 11:18:05.226"
"4987","명동4길","일반도로","국지도로","소로","6m미만","2026-03-01 11:18:05.226"
"4988","명동6길","일반도로","국지도로","소로","6m미만","2026-03-01 11:18:05.226"
"4989","명동7가길","일반도로","국지도로","소로","6m미만","2026-03-01 11:18:05.226"
"4990","명동7길","일반도로","국지도로","소로","6m미만","2026-03-01 11:18:05.226"
"4991","명동8가길","일반도로","국지도로","소로1류","폭10-12m","2026-03-01 11:18:05.231"
"4992","명동8길","일반도로","국지도로","소로","6m미만","2026-03-01 11:18:05.231"
"4993","명동8나길","일반도로","국지도로","소로2류","폭8-10m","2026-03-01 11:18:05.231"
"4994","명동9가길","일반도로","국지도로","소로","6m미만","2026-03-01 11:18:05.231"
"4995","명동9길","일반도로","국지도로","소로","6m미만","2026-03-01 11:18:05.231"
"4996","명동길","일반도로","국지도로","소로2류","폭8-10m","2026-03-01 11:18:05.231"
"4997","명륜10길","일반도로","국지도로","소로","6m미만","2026-03-01 11:18:05.231"
"4998","명륜1길","일반도로","국지도로","소로","6m미만","2026-03-01 11:18:05.231"
"4999","명륜2길","일반도로","국지도로","소로","6m미만","2026-03-01 11:18:05.231"
"5000","명륜3길","일반도로","국지도로","소로","6m미만","2026-03-01 11:18:05.231"
"5001","명륜4가길","일반도로","국지도로","소로","6m미만","2026-03-01 11:18:05.236"
"5002","명륜4길","일반도로","국지도로","소로","6m미만","2026-03-01 11:18:05.236"
"5003","명륜4나길","일반도로","국지도로","소로","6m미만","2026-03-01 11:18:05.236"
"5004","명륜5길","일반도로","국지도로","소로","6m미만","2026-03-01 11:18:05.236"
"5005","명륜6길","일반도로","국지도로","소로","6m미만","2026-03-01 11:18:05.236"
"5006","명륜7길","일반도로","국지도로","소로","6m미만","2026-03-01 11:18:05.236"
"5007","명륜8길","일반도로","국지도로","소로","6m미만","2026-03-01 11:18:05.236"
"5008","명륜9길","일반도로","국지도로","소로","6m미만","2026-03-01 11:18:05.236"
"5009","명륜길","일반도로","국지도로","소로","6m미만","2026-03-01 11:18:05.236"
"5010","명물1길","일반도로","국지도로","소로3류","폭6-8m","2026-03-01 11:18:05.236"
"5011","명물길","일반도로","국지도로","소로","6m미만","2026-03-01 11:18:05.241"
"5012","명일로","일반도로","국지도로","소로2류","폭8-10m","2026-03-01 11:18:05.241"
"5013","명일로10가길","일반도로","국지도로","소로","6m미만","2026-03-01 11:18:05.241"
"5014","명일로10길","일반도로","국지도로","소로","6m미만","2026-03-01 11:18:05.241"
"5015","명일로10나길","일반도로","국지도로","소로","6m미만","2026-03-01 11:18:05.241"
"5016","명일로12길","일반도로","국지도로","소로3류","폭6-8m","2026-03-01 11:18:05.241"
"5017","명일로13길","일반도로","국지도로","소로3류","폭6-8m","2026-03-01 11:18:05.241"
"5018","명일로16길","일반도로","국지도로","소로3류","폭6-8m","2026-03-01 11:18:05.241"
"5019","명일로17길","일반도로","국지도로","소로3류","폭6-8m","2026-03-01 11:18:05.241"
"5020","명일로18길","일반도로","국지도로","소로","6m미만","2026-03-01 11:18:05.241"
"5021","명일로19길","일반도로","국지도로","소로2류","폭8-10m","2026-03-01 11:18:05.246"
"5022","명일로24길","일반도로","국지도로","소로1류","폭10-12m","2026-03-01 11:18:05.246"
"5023","명일로26길","일반도로","국지도로","소로2류","폭8-10m","2026-03-01 11:18:05.246"
"5024","명일로27길","일반도로","국지도로","소로","6m미만","2026-03-01 11:18:05.246"
"5025","명지2길","일반도로","국지도로","소로","6m미만","2026-03-01 11:18:05.246"
"5026","명지길","일반도로","국지도로","소로","6m미만","2026-03-01 11:18:05.246"
"5027","명지대1가길","일반도로","국지도로","소로","6m미만","2026-03-01 11:18:05.246"
"5028","명지대1길","일반도로","국지도로","소로3류","폭6-8m","2026-03-01 11:18:05.246"
"5029","명지대1나길","일반도로","국지도로","소로","6m미만","2026-03-01 11:18:05.246"
"5030","명지대1다길","일반도로","국지도로","소로","6m미만","2026-03-01 11:18:05.246"
"5031","명지대1라길","일반도로","국지도로","소로","6m미만","2026-03-01 11:18:05.251"
"5032","명지대2길","일반도로","국지도로","소로3류","폭6-8m","2026-03-01 11:18:05.251"
"5033","명지대2안길","일반도로","국지도로","소로","6m미만","2026-03-01 11:18:05.251"
"5034","명지대3길","일반도로","국지도로","소로","6m미만","2026-03-01 11:18:05.251"
"5035","명지대5길","일반도로","국지도로","소로","6m미만","2026-03-01 11:18:05.251"
"5036","명지대7길","일반도로","국지도로","소로","6m미만","2026-03-01 11:18:05.251"
"5037","명지대길","일반도로","국지도로","소로","6m미만","2026-03-01 11:18:05.251"
"5038","모래내고가도로","일반도로","국지도로","확인","불가","2026-03-01 11:18:05.251"
"5039","모래내로","일반도로","국지도로","소로","6m미만","2026-03-01 11:18:05.251"
"5040","모래내로13길","일반도로","국지도로","소로3류","폭6-8m","2026-03-01 11:18:05.251"
"5041","모래내로15길","일반도로","국지도로","중로2류","폭15-20m","2026-03-01 11:18:05.256"
"5042","모래내로17길","일반도로","국지도로","소로","6m미만","2026-03-01 11:18:05.256"
"5043","모래내로17안길","일반도로","국지도로","소로","6m미만","2026-03-01 11:18:05.256"
"5044","모래내로1길","일반도로","국지도로","소로1류","폭10-12m","2026-03-01 11:18:05.256"
"5045","모래내로20길","일반도로","국지도로","소로","6m미만","2026-03-01 11:18:05.256"
"5046","모래내로21길","일반도로","국지도로","소로","6m미만","2026-03-01 11:18:05.256"
"5047","모래내로24가길","일반도로","국지도로","소로","6m미만","2026-03-01 11:18:05.256"
"5048","모래내로24길","일반도로","국지도로","소로","6m미만","2026-03-01 11:18:05.256"
"5049","모래내로24나길","일반도로","국지도로","소로","6m미만","2026-03-01 11:18:05.256"
"5050","모래내로24다길","일반도로","국지도로","소로","6m미만","2026-03-01 11:18:05.256"
"5051","모래내로28길","일반도로","국지도로","중로2류","폭15-20m","2026-03-01 11:18:05.261"
"5052","모래내로28안길","일반도로","국지도로","소로3류","폭6-8m","2026-03-01 11:18:05.261"
"5053","모래내로3길","일반도로","국지도로","소로2류","폭8-10m","2026-03-01 11:18:05.261"
"5054","모래내로5길","일반도로","국지도로","소로","6m미만","2026-03-01 11:18:05.261"
"5055","모래내로7길","일반도로","국지도로","소로","6m미만","2026-03-01 11:18:05.261"
"5056","모래내로7안길","일반도로","국지도로","소로","6m미만","2026-03-01 11:18:05.261"
"5057","모래내로9길","일반도로","국지도로","소로","6m미만","2026-03-01 11:18:05.261"
"5058","목동~안양천선","일반도로","보조간선도로","중로1류","폭20-25m","2026-03-01 11:18:05.261"
"5059","목동남로","일반도로","국지도로","소로2류","폭8-10m","2026-03-01 11:18:05.261"
"5060","목동남로2길","일반도로","국지도로","소로2류","폭8-10m","2026-03-01 11:18:05.261"
"5061","목동남로4길","일반도로","국지도로","소로2류","폭8-10m","2026-03-01 11:18:05.266"
"5062","목동동로","일반도로","국지도로","소로1류","폭10-12m","2026-03-01 11:18:05.266"
"5063","목동동로10길","일반도로","국지도로","중로2류","폭15-20m","2026-03-01 11:18:05.266"
"5064","목동동로12길","일반도로","국지도로","소로3류","폭6-8m","2026-03-01 11:18:05.266"
"5065","목동동로14길","일반도로","국지도로","소로3류","폭6-8m","2026-03-01 11:18:05.266"
"5066","목동동로16길","일반도로","국지도로","중로1류","폭20-25m","2026-03-01 11:18:05.266"
"5067","목동동로18길","일반도로","국지도로","중로2류","폭15-20m","2026-03-01 11:18:05.266"
"5068","목동동로1길","일반도로","국지도로","중로1류","폭20-25m","2026-03-01 11:18:05.266"
"5069","목동동로2길","일반도로","국지도로","중로1류","폭20-25m","2026-03-01 11:18:05.266"
"5070","목동동로4길","일반도로","국지도로","중로1류","폭20-25m","2026-03-01 11:18:05.266"
"5071","목동동로6길","일반도로","국지도로","중로1류","폭20-25m","2026-03-01 11:18:05.271"
"5072","목동동로8길","일반도로","국지도로","소로2류","폭8-10m","2026-03-01 11:18:05.271"
"5073","목동로","일반도로","국지도로","소로2류","폭8-10m","2026-03-01 11:18:05.271"
"5074","목동로11길","일반도로","국지도로","소로3류","폭6-8m","2026-03-01 11:18:05.271"
"5075","목동로13길","일반도로","국지도로","소로","6m미만","2026-03-01 11:18:05.271"
"5076","목동로15길","일반도로","국지도로","소로","6m미만","2026-03-01 11:18:05.271"
"5077","목동로17길","일반도로","국지도로","소로","6m미만","2026-03-01 11:18:05.271"
"5078","목동로19길","일반도로","국지도로","소로3류","폭6-8m","2026-03-01 11:18:05.271"
"5079","목동로1길","일반도로","국지도로","소로","6m미만","2026-03-01 11:18:05.271"
"5080","목동로21길","일반도로","국지도로","소로","6m미만","2026-03-01 11:18:05.271"
"5081","목동로23길","일반도로","국지도로","소로","6m미만","2026-03-01 11:18:05.276"
"5082","목동로25길","일반도로","국지도로","소로1류","폭10-12m","2026-03-01 11:18:05.276"
"5083","목동로27길","일반도로","국지도로","소로","6m미만","2026-03-01 11:18:05.276"
"5084","목동로29길","일반도로","국지도로","소로3류","폭6-8m","2026-03-01 11:18:05.276"
"5085","목동로3길","일반도로","국지도로","중로1류","폭20-25m","2026-03-01 11:18:05.276"
"5086","목동로8길","일반도로","국지도로","중로1류","폭20-25m","2026-03-01 11:18:05.276"
"5087","목동로9길","일반도로","국지도로","소로","6m미만","2026-03-01 11:18:05.276"
"5088","목동서로","일반도로","국지도로","중로2류","폭15-20m","2026-03-01 11:18:05.276"
"5089","목동서로10길","일반도로","국지도로","중로1류","폭20-25m","2026-03-01 11:18:05.276"
"5090","목동서로12길","일반도로","국지도로","중로1류","폭20-25m","2026-03-01 11:18:05.276"
"5091","목동서로2길","일반도로","국지도로","중로2류","폭15-20m","2026-03-01 11:18:05.281"
"5092","목동서로4길","일반도로","국지도로","중로1류","폭20-25m","2026-03-01 11:18:05.281"
"5093","목동서로6길","일반도로","국지도로","중로1류","폭20-25m","2026-03-01 11:18:05.281"
"5094","목동서로8길","일반도로","국지도로","중로1류","폭20-25m","2026-03-01 11:18:05.281"
"5095","목동선","일반도로","보조간선도로","대로3류","폭25-30m","2026-03-01 11:18:05.281"
"5096","목동중앙남로","일반도로","국지도로","소로3류","폭6-8m","2026-03-01 11:18:05.281"
"5097","목동중앙남로10길","일반도로","국지도로","소로","6m미만","2026-03-01 11:18:05.281"
"5098","목동중앙남로11길","일반도로","국지도로","소로","6m미만","2026-03-01 11:18:05.281"
"5099","목동중앙남로13길","일반도로","국지도로","소로","6m미만","2026-03-01 11:18:05.281"
"5100","목동중앙남로14가길","일반도로","국지도로","소로","6m미만","2026-03-01 11:18:05.281"
"5101","목동중앙남로14길","일반도로","국지도로","소로","6m미만","2026-03-01 11:18:05.286"
"5102","목동중앙남로16가길","일반도로","국지도로","소로","6m미만","2026-03-01 11:18:05.286"
"5103","목동중앙남로16길","일반도로","국지도로","소로3류","폭6-8m","2026-03-01 11:18:05.286"
"5104","목동중앙남로16나길","일반도로","국지도로","소로","6m미만","2026-03-01 11:18:05.286"
"5105","목동중앙남로16다길","일반도로","국지도로","소로","6m미만","2026-03-01 11:18:05.286"
"5106","목동중앙남로16라길","일반도로","국지도로","소로","6m미만","2026-03-01 11:18:05.286"
"5107","목동중앙남로16마길","일반도로","국지도로","소로","6m미만","2026-03-01 11:18:05.286"
"5108","목동중앙남로1길","일반도로","국지도로","소로","6m미만","2026-03-01 11:18:05.286"
"5109","목동중앙남로2길","일반도로","국지도로","소로","6m미만","2026-03-01 11:18:05.286"
"5110","목동중앙남로3가길","일반도로","국지도로","소로3류","폭6-8m","2026-03-01 11:18:05.286"
"5111","목동중앙남로3길","일반도로","국지도로","소로3류","폭6-8m","2026-03-01 11:18:05.291"
"5112","목동중앙남로4길","일반도로","국지도로","소로3류","폭6-8m","2026-03-01 11:18:05.292"
"5113","목동중앙남로5길","일반도로","국지도로","소로","6m미만","2026-03-01 11:18:05.292"
"5114","목동중앙남로7길","일반도로","국지도로","소로","6m미만","2026-03-01 11:18:05.292"
"5115","목동중앙남로9가길","일반도로","국지도로","소로","6m미만","2026-03-01 11:18:05.292"
"5116","목동중앙남로9길","일반도로","국지도로","소로","6m미만","2026-03-01 11:18:05.292"
"5117","목동중앙로","일반도로","국지도로","중로2류","폭15-20m","2026-03-01 11:18:05.292"
"5118","목동중앙로13가길","일반도로","국지도로","소로","6m미만","2026-03-01 11:18:05.292"
"5119","목동중앙로13길","일반도로","국지도로","소로","6m미만","2026-03-01 11:18:05.292"
"5120","목동중앙로13나길","일반도로","국지도로","소로","6m미만","2026-03-01 11:18:05.292"
"5121","목동중앙로13다길","일반도로","국지도로","소로","6m미만","2026-03-01 11:18:05.297"
"5122","목동중앙로1길","일반도로","국지도로","소로3류","폭6-8m","2026-03-01 11:18:05.297"
"5123","목동중앙로3길","일반도로","국지도로","소로","6m미만","2026-03-01 11:18:05.297"
"5124","목동중앙로5가길","일반도로","국지도로","소로3류","폭6-8m","2026-03-01 11:18:05.297"
"5125","목동중앙로5길","일반도로","국지도로","소로","6m미만","2026-03-01 11:18:05.297"
"5126","목동중앙로7길","일반도로","국지도로","소로3류","폭6-8m","2026-03-01 11:18:05.297"
"5127","목동중앙로9길","일반도로","국지도로","소로2류","폭8-10m","2026-03-01 11:18:05.297"
"5128","목동중앙본로","일반도로","국지도로","소로","6m미만","2026-03-01 11:18:05.297"
"5129","목동중앙본로11길","일반도로","국지도로","소로","6m미만","2026-03-01 11:18:05.297"
"5130","목동중앙본로13길","일반도로","국지도로","소로","6m미만","2026-03-01 11:18:05.297"
"5131","목동중앙본로15길","일반도로","국지도로","소로","6m미만","2026-03-01 11:18:05.302"
"5132","목동중앙본로17길","일반도로","국지도로","소로","6m미만","2026-03-01 11:18:05.302"
"5133","목동중앙본로18가길","일반도로","국지도로","소로","6m미만","2026-03-01 11:18:05.302"
"5134","목동중앙본로18길","일반도로","국지도로","소로3류","폭6-8m","2026-03-01 11:18:05.302"
"5135","목동중앙본로19길","일반도로","국지도로","소로","6m미만","2026-03-01 11:18:05.302"
"5136","목동중앙본로1길","일반도로","국지도로","소로","6m미만","2026-03-01 11:18:05.302"
"5137","목동중앙본로20길","일반도로","국지도로","소로","6m미만","2026-03-01 11:18:05.302"
"5138","목동중앙본로22길","일반도로","국지도로","소로","6m미만","2026-03-01 11:18:05.302"
"5139","목동중앙본로24길","일반도로","국지도로","소로","6m미만","2026-03-01 11:18:05.302"
"5140","목동중앙본로26길","일반도로","국지도로","소로","6m미만","2026-03-01 11:18:05.302"
"5141","목동중앙본로27길","일반도로","국지도로","소로","6m미만","2026-03-01 11:18:05.307"
"5142","목동중앙본로28길","일반도로","국지도로","소로","6m미만","2026-03-01 11:18:05.307"
"5143","목동중앙본로29길","일반도로","국지도로","소로","6m미만","2026-03-01 11:18:05.307"
"5144","목동중앙본로2길","일반도로","국지도로","소로","6m미만","2026-03-01 11:18:05.307"
"5145","목동중앙본로30가길","일반도로","국지도로","소로","6m미만","2026-03-01 11:18:05.307"
"5146","목동중앙본로30길","일반도로","국지도로","소로","6m미만","2026-03-01 11:18:05.307"
"5147","목동중앙본로31길","일반도로","국지도로","소로","6m미만","2026-03-01 11:18:05.307"
"5148","목동중앙본로32길","일반도로","국지도로","소로","6m미만","2026-03-01 11:18:05.307"
"5149","목동중앙본로3길","일반도로","국지도로","소로","6m미만","2026-03-01 11:18:05.307"
"5150","목동중앙본로5길","일반도로","국지도로","소로","6m미만","2026-03-01 11:18:05.307"
"5151","목동중앙본로7가길","일반도로","국지도로","소로","6m미만","2026-03-01 11:18:05.312"
"5152","목동중앙본로7길","일반도로","국지도로","소로","6m미만","2026-03-01 11:18:05.312"
"5153","목동중앙본로9길","일반도로","국지도로","소로","6m미만","2026-03-01 11:18:05.312"
"5154","목동중앙북로","일반도로","국지도로","소로3류","폭6-8m","2026-03-01 11:18:05.312"
"5155","목동중앙북로10길","일반도로","국지도로","소로","6m미만","2026-03-01 11:18:05.312"
"5156","목동중앙북로12길","일반도로","국지도로","소로","6m미만","2026-03-01 11:18:05.312"
"5157","목동중앙북로14길","일반도로","국지도로","소로","6m미만","2026-03-01 11:18:05.312"
"5158","목동중앙북로16가길","일반도로","국지도로","소로","6m미만","2026-03-01 11:18:05.312"
"5159","목동중앙북로16길","일반도로","국지도로","소로","6m미만","2026-03-01 11:18:05.312"
"5160","목동중앙북로18길","일반도로","국지도로","소로","6m미만","2026-03-01 11:18:05.312"
"5161","목동중앙북로1길","일반도로","국지도로","소로3류","폭6-8m","2026-03-01 11:18:05.316"
"5162","목동중앙북로20길","일반도로","국지도로","소로","6m미만","2026-03-01 11:18:05.316"
"5163","목동중앙북로22길","일반도로","국지도로","소로","6m미만","2026-03-01 11:18:05.316"
"5164","목동중앙북로24길","일반도로","국지도로","소로3류","폭6-8m","2026-03-01 11:18:05.316"
"5165","목동중앙북로2길","일반도로","국지도로","소로","6m미만","2026-03-01 11:18:05.316"
"5166","목동중앙북로4길","일반도로","국지도로","소로3류","폭6-8m","2026-03-01 11:18:05.316"
"5167","목동중앙북로5길","일반도로","국지도로","소로","6m미만","2026-03-01 11:18:05.316"
"5168","목동중앙북로6길","일반도로","국지도로","소로","6m미만","2026-03-01 11:18:05.316"
"5169","목동중앙북로7가길","일반도로","국지도로","소로","6m미만","2026-03-01 11:18:05.316"
"5170","목동중앙북로7길","일반도로","국지도로","소로","6m미만","2026-03-01 11:18:05.316"
"5171","목동중앙북로7나길","일반도로","국지도로","소로","6m미만","2026-03-01 11:18:05.321"
"5172","목동중앙북로8가길","일반도로","국지도로","소로","6m미만","2026-03-01 11:18:05.321"
"5173","목동중앙북로8길","일반도로","국지도로","소로","6m미만","2026-03-01 11:18:05.321"
"5174","목동중앙북로8나길","일반도로","국지도로","소로","6m미만","2026-03-01 11:18:05.321"
"5175","목동중앙북로8다길","일반도로","국지도로","소로1류","폭10-12m","2026-03-01 11:18:05.321"
"5176","목동중앙북로8라길","일반도로","국지도로","소로2류","폭8-10m","2026-03-01 11:18:05.321"
"5177","목동중앙서로","일반도로","국지도로","소로","6m미만","2026-03-01 11:18:05.321"
"5178","목동중앙서로10길","일반도로","국지도로","소로3류","폭6-8m","2026-03-01 11:18:05.321"
"5179","목동중앙서로11길","일반도로","국지도로","소로","6m미만","2026-03-01 11:18:05.321"
"5180","목동중앙서로1길","일반도로","국지도로","소로","6m미만","2026-03-01 11:18:05.321"
"5181","목동중앙서로2길","일반도로","국지도로","소로","6m미만","2026-03-01 11:18:05.326"
"5182","목동중앙서로3길","일반도로","국지도로","소로","6m미만","2026-03-01 11:18:05.326"
"5183","목동중앙서로4길","일반도로","국지도로","소로","6m미만","2026-03-01 11:18:05.326"
"5184","목동중앙서로6길","일반도로","국지도로","소로","6m미만","2026-03-01 11:18:05.326"
"5185","목동중앙서로7가길","일반도로","국지도로","소로","6m미만","2026-03-01 11:18:05.326"
"5186","목동중앙서로7길","일반도로","국지도로","소로","6m미만","2026-03-01 11:18:05.326"
"5187","목동중앙서로7나길","일반도로","국지도로","소로","6m미만","2026-03-01 11:18:05.326"
"5188","목동중앙서로7다길","일반도로","국지도로","소로","6m미만","2026-03-01 11:18:05.326"
"5189","목동중앙서로8가길","일반도로","국지도로","소로","6m미만","2026-03-01 11:18:05.326"
"5190","목동중앙서로8길","일반도로","국지도로","소로","6m미만","2026-03-01 11:18:05.326"
"5191","목동중앙서로9길","일반도로","국지도로","소로","6m미만","2026-03-01 11:18:05.331"
"5192","무교로","일반도로","국지도로","소로3류","폭6-8m","2026-03-01 11:18:05.331"
"5193","무수막10길","일반도로","국지도로","소로","6m미만","2026-03-01 11:18:05.331"
"5194","무수막12길","일반도로","국지도로","소로","6m미만","2026-03-01 11:18:05.331"
"5195","무수막14길","일반도로","국지도로","소로","6m미만","2026-03-01 11:18:05.331"
"5196","무수막16길","일반도로","국지도로","소로","6m미만","2026-03-01 11:18:05.331"
"5197","무수막18길","일반도로","국지도로","소로","6m미만","2026-03-01 11:18:05.331"
"5198","무수막1길","일반도로","국지도로","소로","6m미만","2026-03-01 11:18:05.331"
"5199","무수막3길","일반도로","국지도로","소로","6m미만","2026-03-01 11:18:05.331"
"5200","무수막5가길","일반도로","국지도로","소로","6m미만","2026-03-01 11:18:05.331"
"5201","무수막5길","일반도로","국지도로","소로","6m미만","2026-03-01 11:18:05.336"
"5202","무수막7가길","일반도로","국지도로","소로","6m미만","2026-03-01 11:18:05.336"
"5203","무수막7길","일반도로","국지도로","소로","6m미만","2026-03-01 11:18:05.336"
"5204","무수막길","일반도로","국지도로","소로","6m미만","2026-03-01 11:18:05.336"
"5205","무학로","일반도로","국지도로","소로","6m미만","2026-03-01 11:18:05.336"
"5206","무학로10길","일반도로","국지도로","소로","6m미만","2026-03-01 11:18:05.336"
"5207","무학로12길","일반도로","국지도로","소로","6m미만","2026-03-01 11:18:05.336"
"5208","무학로14가길","일반도로","국지도로","소로","6m미만","2026-03-01 11:18:05.336"
"5209","무학로14길","일반도로","국지도로","소로","6m미만","2026-03-01 11:18:05.336"
"5210","무학로15길","일반도로","국지도로","중로2류","폭15-20m","2026-03-01 11:18:05.336"
"5211","무학로16길","일반도로","국지도로","소로3류","폭6-8m","2026-03-01 11:18:05.341"
"5212","무학로18길","일반도로","국지도로","소로","6m미만","2026-03-01 11:18:05.341"
"5213","무학로20가길","일반도로","국지도로","소로","6m미만","2026-03-01 11:18:05.341"
"5214","무학로20길","일반도로","국지도로","소로","6m미만","2026-03-01 11:18:05.341"
"5215","무학로20나길","일반도로","국지도로","소로","6m미만","2026-03-01 11:18:05.341"
"5216","무학로20다길","일반도로","국지도로","소로","6m미만","2026-03-01 11:18:05.341"
"5217","무학로23길","일반도로","국지도로","중로2류","폭15-20m","2026-03-01 11:18:05.341"
"5218","무학로25길","일반도로","국지도로","소로3류","폭6-8m","2026-03-01 11:18:05.341"
"5219","무학로26길","일반도로","국지도로","소로3류","폭6-8m","2026-03-01 11:18:05.341"
"5220","무학로27길","일반도로","국지도로","소로","6m미만","2026-03-01 11:18:05.341"
"5221","무학로28길","일반도로","국지도로","소로","6m미만","2026-03-01 11:18:05.346"
"5222","무학로2가길","일반도로","국지도로","소로","6m미만","2026-03-01 11:18:05.346"
"5223","무학로2길","일반도로","국지도로","소로3류","폭6-8m","2026-03-01 11:18:05.346"
"5224","무학로2나길","일반도로","국지도로","소로","6m미만","2026-03-01 11:18:05.346"
"5225","무학로2다길","일반도로","국지도로","소로","6m미만","2026-03-01 11:18:05.346"
"5226","무학로30길","일반도로","국지도로","소로","6m미만","2026-03-01 11:18:05.346"
"5227","무학로32길","일반도로","국지도로","소로","6m미만","2026-03-01 11:18:05.346"
"5228","무학로33길","일반도로","국지도로","소로","6m미만","2026-03-01 11:18:05.346"
"5229","무학로34가길","일반도로","국지도로","소로","6m미만","2026-03-01 11:18:05.346"
"5230","무학로34길","일반도로","국지도로","소로","6m미만","2026-03-01 11:18:05.346"
"5231","무학로35길","일반도로","국지도로","소로3류","폭6-8m","2026-03-01 11:18:05.351"
"5232","무학로36길","일반도로","국지도로","소로3류","폭6-8m","2026-03-01 11:18:05.351"
"5233","무학로37길","일반도로","국지도로","소로","6m미만","2026-03-01 11:18:05.351"
"5234","무학로42길","일반도로","국지도로","소로","6m미만","2026-03-01 11:18:05.351"
"5235","무학로43길","일반도로","국지도로","소로2류","폭8-10m","2026-03-01 11:18:05.351"
"5236","무학로44길","일반도로","국지도로","소로","6m미만","2026-03-01 11:18:05.351"
"5237","무학로45길","일반도로","국지도로","소로1류","폭10-12m","2026-03-01 11:18:05.351"
"5238","무학로47길","일반도로","국지도로","소로","6m미만","2026-03-01 11:18:05.351"
"5239","무학로49길","일반도로","국지도로","소로3류","폭6-8m","2026-03-01 11:18:05.351"
"5240","무학로4길","일반도로","국지도로","소로","6m미만","2026-03-01 11:18:05.351"
"5241","무학로51길","일반도로","국지도로","소로","6m미만","2026-03-01 11:18:05.356"
"5242","무학로6길","일반도로","국지도로","소로3류","폭6-8m","2026-03-01 11:18:05.356"
"5243","무학로8길","일반도로","국지도로","소로","6m미만","2026-03-01 11:18:05.356"
"5244","무학봉11가길","일반도로","국지도로","소로","6m미만","2026-03-01 11:18:05.356"
"5245","무학봉11길","일반도로","국지도로","소로","6m미만","2026-03-01 11:18:05.356"
"5246","무학봉12길","일반도로","국지도로","소로","6m미만","2026-03-01 11:18:05.356"
"5247","무학봉13길","일반도로","국지도로","소로","6m미만","2026-03-01 11:18:05.356"
"5248","무학봉15가길","일반도로","국지도로","소로","6m미만","2026-03-01 11:18:05.356"
"5249","무학봉15길","일반도로","국지도로","소로","6m미만","2026-03-01 11:18:05.356"
"5250","무학봉15나길","일반도로","국지도로","소로","6m미만","2026-03-01 11:18:05.356"
"5251","무학봉15다길","일반도로","국지도로","소로","6m미만","2026-03-01 11:18:05.361"
"5252","무학봉15라길","일반도로","국지도로","소로","6m미만","2026-03-01 11:18:05.361"
"5253","무학봉16길","일반도로","국지도로","소로","6m미만","2026-03-01 11:18:05.361"
"5254","무학봉18길","일반도로","국지도로","소로","6m미만","2026-03-01 11:18:05.361"
"5255","무학봉20길","일반도로","국지도로","소로","6m미만","2026-03-01 11:18:05.361"
"5256","무학봉21길","일반도로","국지도로","소로","6m미만","2026-03-01 11:18:05.361"
"5257","무학봉22길","일반도로","국지도로","소로","6m미만","2026-03-01 11:18:05.361"
"5258","무학봉23길","일반도로","국지도로","소로","6m미만","2026-03-01 11:18:05.361"
"5259","무학봉25길","일반도로","국지도로","소로","6m미만","2026-03-01 11:18:05.361"
"5260","무학봉26길","일반도로","국지도로","소로","6m미만","2026-03-01 11:18:05.361"
"5261","무학봉28길","일반도로","국지도로","소로3류","폭6-8m","2026-03-01 11:18:05.366"
"5262","무학봉7길","일반도로","국지도로","소로1류","폭10-12m","2026-03-01 11:18:05.366"
"5263","무학봉길","일반도로","국지도로","소로","6m미만","2026-03-01 11:18:05.366"
"5264","문래~당산선","일반도로","보조간선도로","대로1류","폭35-40m","2026-03-01 11:18:05.366"
"5265","문래~신길선","일반도로","보조간선도로","중로1류","폭20-25m","2026-03-01 11:18:05.366"
"5266","문래로","일반도로","국지도로","중로2류","폭15-20m","2026-03-01 11:18:05.366"
"5267","문래로10길","일반도로","국지도로","소로1류","폭10-12m","2026-03-01 11:18:05.366"
"5268","문래로20길","일반도로","국지도로","소로3류","폭6-8m","2026-03-01 11:18:05.366"
"5269","문래로26길","일반도로","국지도로","중로1류","폭20-25m","2026-03-01 11:18:05.366"
"5270","문래로28길","일반도로","국지도로","대로3류","폭25-30m","2026-03-01 11:18:05.366"
"5271","문래로30길","일반도로","국지도로","중로1류","폭20-25m","2026-03-01 11:18:05.371"
"5272","문래로4길","일반도로","국지도로","소로2류","폭8-10m","2026-03-01 11:18:05.371"
"5273","문래로8길","일반도로","국지도로","소로2류","폭8-10m","2026-03-01 11:18:05.371"
"5274","문래북로","일반도로","국지도로","중로2류","폭15-20m","2026-03-01 11:18:05.371"
"5275","문성로","일반도로","국지도로","소로","6m미만","2026-03-01 11:18:05.371"
"5276","문성로16가길","일반도로","국지도로","소로","6m미만","2026-03-01 11:18:05.371"
"5277","문성로16길","일반도로","국지도로","소로3류","폭6-8m","2026-03-01 11:18:05.371"
"5278","문성로16나길","일반도로","국지도로","소로","6m미만","2026-03-01 11:18:05.371"
"5279","문성로16다길","일반도로","국지도로","소로","6m미만","2026-03-01 11:18:05.371"
"5280","문성로19길","일반도로","국지도로","소로","6m미만","2026-03-01 11:18:05.371"
"5281","문성로1길","일반도로","국지도로","소로3류","폭6-8m","2026-03-01 11:18:05.376"
"5282","문성로25길","일반도로","국지도로","소로","6m미만","2026-03-01 11:18:05.376"
"5283","문성로26길","일반도로","국지도로","소로","6m미만","2026-03-01 11:18:05.376"
"5284","문성로27길","일반도로","국지도로","소로","6m미만","2026-03-01 11:18:05.376"
"5285","문성로28가길","일반도로","국지도로","소로","6m미만","2026-03-01 11:18:05.376"
"5286","문성로28길","일반도로","국지도로","소로","6m미만","2026-03-01 11:18:05.376"
"5287","문성로29길","일반도로","국지도로","소로","6m미만","2026-03-01 11:18:05.376"
"5288","문성로30길","일반도로","국지도로","소로","6m미만","2026-03-01 11:18:05.376"
"5289","문성로31길","일반도로","국지도로","소로","6m미만","2026-03-01 11:18:05.376"
"5290","문성로32가길","일반도로","국지도로","소로","6m미만","2026-03-01 11:18:05.376"
"5291","문성로32길","일반도로","국지도로","소로","6m미만","2026-03-01 11:18:05.381"
"5292","문성로36길","일반도로","국지도로","소로","6m미만","2026-03-01 11:18:05.381"
"5293","문성로38가길","일반도로","국지도로","소로","6m미만","2026-03-01 11:18:05.381"
"5294","문성로38길","일반도로","국지도로","소로","6m미만","2026-03-01 11:18:05.381"
"5295","문성로38나길","일반도로","국지도로","소로","6m미만","2026-03-01 11:18:05.381"
"5296","문성로38다길","일반도로","국지도로","소로","6m미만","2026-03-01 11:18:05.381"
"5297","문성로38라길","일반도로","국지도로","소로","6m미만","2026-03-01 11:18:05.381"
"5298","문성로3가길","일반도로","국지도로","소로","6m미만","2026-03-01 11:18:05.381"
"5299","문성로3길","일반도로","국지도로","소로","6m미만","2026-03-01 11:18:05.381"
"5300","문성로40길","일반도로","국지도로","소로","6m미만","2026-03-01 11:18:05.381"
"5301","문성로5가길","일반도로","국지도로","소로","6m미만","2026-03-01 11:18:05.386"
"5302","문성로5길","일반도로","국지도로","소로","6m미만","2026-03-01 11:18:05.386"
"5303","문성로7가길","일반도로","국지도로","소로","6m미만","2026-03-01 11:18:05.386"
"5304","문성로7길","일반도로","국지도로","소로","6m미만","2026-03-01 11:18:05.386"
"5305","문정~고덕선","일반도로","보조간선도로","대로2류","폭30-35m","2026-03-01 11:18:05.386"
"5306","문정로","일반도로","국지도로","중로2류","폭15-20m","2026-03-01 11:18:05.386"
"5307","문정로11길","일반도로","국지도로","소로2류","폭8-10m","2026-03-01 11:18:05.386"
"5308","문정로13길","일반도로","국지도로","소로3류","폭6-8m","2026-03-01 11:18:05.386"
"5309","문정로17길","일반도로","국지도로","소로3류","폭6-8m","2026-03-01 11:18:05.386"
"5310","문정로19길","일반도로","국지도로","소로3류","폭6-8m","2026-03-01 11:18:05.386"
"5311","문정로1길","일반도로","국지도로","소로3류","폭6-8m","2026-03-01 11:18:05.391"
"5312","문정로23길","일반도로","국지도로","소로3류","폭6-8m","2026-03-01 11:18:05.391"
"5313","문정로25길","일반도로","국지도로","소로3류","폭6-8m","2026-03-01 11:18:05.391"
"5314","문정로4길","일반도로","국지도로","소로3류","폭6-8m","2026-03-01 11:18:05.391"
"5315","문정로5길","일반도로","국지도로","소로3류","폭6-8m","2026-03-01 11:18:05.391"
"5316","문화촌1길","일반도로","국지도로","소로","6m미만","2026-03-01 11:18:05.391"
"5317","문화촌2길","일반도로","국지도로","소로","6m미만","2026-03-01 11:18:05.391"
"5318","문화촌4길","일반도로","국지도로","소로","6m미만","2026-03-01 11:18:05.391"
"5319","문화촌길","일반도로","국지도로","소로","6m미만","2026-03-01 11:18:05.391"
"5320","미성10길","일반도로","국지도로","소로","6m미만","2026-03-01 11:18:05.391"
"5321","미성1길","일반도로","국지도로","소로","6m미만","2026-03-01 11:18:05.396"
"5322","미성3길","일반도로","국지도로","소로","6m미만","2026-03-01 11:18:05.396"
"5323","미성5길","일반도로","국지도로","소로","6m미만","2026-03-01 11:18:05.396"
"5324","미성7길","일반도로","국지도로","소로","6m미만","2026-03-01 11:18:05.396"
"5325","미성8길","일반도로","국지도로","소로","6m미만","2026-03-01 11:18:05.396"
"5326","미성길","일반도로","국지도로","소로","6m미만","2026-03-01 11:18:05.396"
"5327","미아~상계선","일반도로","보조간선도로","대로2류","폭30-35m","2026-03-01 11:18:05.396"
"5328","미아~수유선","일반도로","보조간선도로","중로2류","폭15-20m","2026-03-01 11:18:05.396"
"5329","바람드리10길","일반도로","국지도로","소로","6m미만","2026-03-01 11:18:05.396"
"5330","바람드리12길","일반도로","국지도로","소로","6m미만","2026-03-01 11:18:05.396"
"5331","바람드리13길","일반도로","국지도로","소로","6m미만","2026-03-01 11:18:05.401"
"5332","바람드리14길","일반도로","국지도로","소로","6m미만","2026-03-01 11:18:05.401"
"5333","바람드리15길","일반도로","국지도로","소로","6m미만","2026-03-01 11:18:05.401"
"5334","바람드리16길","일반도로","국지도로","소로","6m미만","2026-03-01 11:18:05.401"
"5335","바람드리17길","일반도로","국지도로","소로","6m미만","2026-03-01 11:18:05.401"
"5336","바람드리18길","일반도로","국지도로","소로","6m미만","2026-03-01 11:18:05.401"
"5337","바람드리1길","일반도로","국지도로","소로","6m미만","2026-03-01 11:18:05.401"
"5338","바람드리20길","일반도로","국지도로","소로","6m미만","2026-03-01 11:18:05.401"
"5339","바람드리22길","일반도로","국지도로","소로","6m미만","2026-03-01 11:18:05.401"
"5340","바람드리23길","일반도로","국지도로","소로","6m미만","2026-03-01 11:18:05.401"
"5341","바람드리24길","일반도로","국지도로","소로","6m미만","2026-03-01 11:18:05.406"
"5342","바람드리25길","일반도로","국지도로","소로","6m미만","2026-03-01 11:18:05.406"
"5343","바람드리26길","일반도로","국지도로","소로","6m미만","2026-03-01 11:18:05.406"
"5344","바람드리28길","일반도로","국지도로","소로","6m미만","2026-03-01 11:18:05.406"
"5345","바람드리2길","일반도로","국지도로","소로","6m미만","2026-03-01 11:18:05.406"
"5346","바람드리4길","일반도로","국지도로","소로","6m미만","2026-03-01 11:18:05.406"
"5347","바람드리5길","일반도로","국지도로","소로","6m미만","2026-03-01 11:18:05.406"
"5348","바람드리6길","일반도로","국지도로","소로","6m미만","2026-03-01 11:18:05.406"
"5349","바람드리8길","일반도로","국지도로","소로","6m미만","2026-03-01 11:18:05.406"
"5350","바람드리9길","일반도로","국지도로","소로","6m미만","2026-03-01 11:18:05.406"
"5351","바람드리길","일반도로","국지도로","소로3류","폭6-8m","2026-03-01 11:18:05.411"
"5352","바우뫼로","일반도로","국지도로","중로1류","폭20-25m","2026-03-01 11:18:05.411"
"5353","바우뫼로11길","일반도로","국지도로","소로3류","폭6-8m","2026-03-01 11:18:05.411"
"5354","바우뫼로11안길","일반도로","국지도로","소로","6m미만","2026-03-01 11:18:05.411"
"5355","바우뫼로12길","일반도로","국지도로","중로1류","폭20-25m","2026-03-01 11:18:05.411"
"5356","바우뫼로15길","일반도로","국지도로","소로2류","폭8-10m","2026-03-01 11:18:05.411"
"5357","바우뫼로18길","일반도로","국지도로","소로2류","폭8-10m","2026-03-01 11:18:05.411"
"5358","바우뫼로1길","일반도로","국지도로","중로2류","폭15-20m","2026-03-01 11:18:05.411"
"5359","바우뫼로20길","일반도로","국지도로","소로3류","폭6-8m","2026-03-01 11:18:05.411"
"5360","바우뫼로21길","일반도로","국지도로","소로3류","폭6-8m","2026-03-01 11:18:05.411"
"5361","바우뫼로23길","일반도로","국지도로","소로3류","폭6-8m","2026-03-01 11:18:05.416"
"5362","바우뫼로25길","일반도로","국지도로","소로3류","폭6-8m","2026-03-01 11:18:05.416"
"5363","바우뫼로27길","일반도로","국지도로","소로2류","폭8-10m","2026-03-01 11:18:05.416"
"5364","바우뫼로29길","일반도로","국지도로","소로3류","폭6-8m","2026-03-01 11:18:05.416"
"5365","바우뫼로2길","일반도로","국지도로","소로","6m미만","2026-03-01 11:18:05.416"
"5366","바우뫼로31길","일반도로","국지도로","소로3류","폭6-8m","2026-03-01 11:18:05.416"
"5367","바우뫼로33길","일반도로","국지도로","소로3류","폭6-8m","2026-03-01 11:18:05.416"
"5368","바우뫼로35길","일반도로","국지도로","소로3류","폭6-8m","2026-03-01 11:18:05.416"
"5369","바우뫼로37길","일반도로","국지도로","소로3류","폭6-8m","2026-03-01 11:18:05.416"
"5370","바우뫼로39길","일반도로","국지도로","소로","6m미만","2026-03-01 11:18:05.416"
"5371","바우뫼로41길","일반도로","국지도로","소로3류","폭6-8m","2026-03-01 11:18:05.421"
"5372","바우뫼로43길","일반도로","국지도로","소로","6m미만","2026-03-01 11:18:05.421"
"5373","바우뫼로4길","일반도로","국지도로","소로","6m미만","2026-03-01 11:18:05.421"
"5374","바우뫼로6길","일반도로","국지도로","소로3류","폭6-8m","2026-03-01 11:18:05.421"
"5375","바우뫼로7길","일반도로","국지도로","소로1류","폭10-12m","2026-03-01 11:18:05.421"
"5376","바우뫼로9길","일반도로","국지도로","소로3류","폭6-8m","2026-03-01 11:18:05.421"
"5377","반포대로","일반도로","국지도로","소로2류","폭8-10m","2026-03-01 11:18:05.421"
"5378","반포대로10길","일반도로","국지도로","소로3류","폭6-8m","2026-03-01 11:18:05.421"
"5379","반포대로12길","일반도로","국지도로","소로","6m미만","2026-03-01 11:18:05.421"
"5380","반포대로13길","일반도로","국지도로","소로3류","폭6-8m","2026-03-01 11:18:05.421"
"5381","반포대로14길","일반도로","국지도로","소로2류","폭8-10m","2026-03-01 11:18:05.426"
"5382","반포대로15길","일반도로","국지도로","소로3류","폭6-8m","2026-03-01 11:18:05.426"
"5383","반포대로16길","일반도로","국지도로","소로2류","폭8-10m","2026-03-01 11:18:05.426"
"5384","반포대로18길","일반도로","국지도로","소로3류","폭6-8m","2026-03-01 11:18:05.426"
"5385","반포대로19길","일반도로","국지도로","소로","6m미만","2026-03-01 11:18:05.426"
"5386","반포대로1길","일반도로","국지도로","소로","6m미만","2026-03-01 11:18:05.426"
"5387","반포대로20길","일반도로","국지도로","소로","6m미만","2026-03-01 11:18:05.426"
"5388","반포대로21길","일반도로","국지도로","소로3류","폭6-8m","2026-03-01 11:18:05.426"
"5389","반포대로22길","일반도로","국지도로","소로","6m미만","2026-03-01 11:18:05.426"
"5390","반포대로23길","일반도로","국지도로","소로","6m미만","2026-03-01 11:18:05.426"
"5391","반포대로24길","일반도로","국지도로","소로","6m미만","2026-03-01 11:18:05.431"
"5392","반포대로26길","일반도로","국지도로","소로3류","폭6-8m","2026-03-01 11:18:05.431"
"5393","반포대로27길","일반도로","국지도로","중로1류","폭20-25m","2026-03-01 11:18:05.431"
"5394","반포대로28길","일반도로","국지도로","소로3류","폭6-8m","2026-03-01 11:18:05.431"
"5395","반포대로30길","일반도로","국지도로","소로","6m미만","2026-03-01 11:18:05.431"
"5396","반포대로34길","일반도로","국지도로","소로","6m미만","2026-03-01 11:18:05.431"
"5397","반포대로39길","일반도로","국지도로","소로3류","폭6-8m","2026-03-01 11:18:05.431"
"5398","반포대로3길","일반도로","국지도로","소로","6m미만","2026-03-01 11:18:05.431"
"5399","반포대로4길","일반도로","국지도로","소로2류","폭8-10m","2026-03-01 11:18:05.431"
"5400","반포대로5길","일반도로","국지도로","소로3류","폭6-8m","2026-03-01 11:18:05.431"
"5401","반포대로7길","일반도로","국지도로","소로3류","폭6-8m","2026-03-01 11:18:05.436"
"5402","반포대로8길","일반도로","국지도로","소로","6m미만","2026-03-01 11:18:05.436"
"5403","반포대로9길","일반도로","국지도로","소로","6m미만","2026-03-01 11:18:05.436"
"5404","발산로","일반도로","국지도로","중로1류","폭20-25m","2026-03-01 11:18:05.436"
"5405","밤고개로","일반도로","국지도로","중로2류","폭15-20m","2026-03-01 11:18:05.436"
"5406","밤고개로12길","일반도로","국지도로","소로3류","폭6-8m","2026-03-01 11:18:05.436"
"5407","밤고개로14길","일반도로","국지도로","소로","6m미만","2026-03-01 11:18:05.436"
"5408","밤고개로15길","일반도로","국지도로","중로2류","폭15-20m","2026-03-01 11:18:05.436"
"5409","밤고개로1길","일반도로","국지도로","중로2류","폭15-20m","2026-03-01 11:18:05.436"
"5410","밤고개로21길","일반도로","국지도로","중로1류","폭20-25m","2026-03-01 11:18:05.436"
"5411","밤고개로23길","일반도로","국지도로","소로3류","폭6-8m","2026-03-01 11:18:05.441"
"5412","밤고개로24길","일반도로","국지도로","소로3류","폭6-8m","2026-03-01 11:18:05.441"
"5413","밤고개로26길","일반도로","국지도로","중로2류","폭15-20m","2026-03-01 11:18:05.441"
"5414","밤고개로27길","일반도로","국지도로","소로1류","폭10-12m","2026-03-01 11:18:05.441"
"5415","밤고개로28길","일반도로","국지도로","소로","6m미만","2026-03-01 11:18:05.441"
"5416","밤고개로29길","일반도로","국지도로","소로3류","폭6-8m","2026-03-01 11:18:05.441"
"5417","밤고개로31길","일반도로","국지도로","소로3류","폭6-8m","2026-03-01 11:18:05.441"
"5418","밤고개로34길","일반도로","국지도로","소로3류","폭6-8m","2026-03-01 11:18:05.441"
"5419","밤고개로36길","일반도로","국지도로","소로","6m미만","2026-03-01 11:18:05.441"
"5420","밤고개로5길","일반도로","국지도로","중로2류","폭15-20m","2026-03-01 11:18:05.441"
"5421","방배~잠실선","일반도로","보조간선도로","대로1류","폭35-40m","2026-03-01 11:18:05.446"
"5422","방배로","일반도로","국지도로","소로3류","폭6-8m","2026-03-01 11:18:05.446"
"5423","방배로10길","일반도로","국지도로","소로","6m미만","2026-03-01 11:18:05.446"
"5424","방배로11길","일반도로","국지도로","소로","6m미만","2026-03-01 11:18:05.446"
"5425","방배로13길","일반도로","국지도로","소로3류","폭6-8m","2026-03-01 11:18:05.446"
"5426","방배로15길","일반도로","국지도로","소로","6m미만","2026-03-01 11:18:05.446"
"5427","방배로16길","일반도로","국지도로","소로","6m미만","2026-03-01 11:18:05.446"
"5428","방배로18길","일반도로","국지도로","소로","6m미만","2026-03-01 11:18:05.446"
"5429","방배로19길","일반도로","국지도로","소로3류","폭6-8m","2026-03-01 11:18:05.446"
"5430","방배로1길","일반도로","국지도로","소로1류","폭10-12m","2026-03-01 11:18:05.446"
"5431","방배로20길","일반도로","국지도로","소로","6m미만","2026-03-01 11:18:05.451"
"5432","방배로22길","일반도로","국지도로","소로3류","폭6-8m","2026-03-01 11:18:05.451"
"5433","방배로23길","일반도로","국지도로","소로","6m미만","2026-03-01 11:18:05.451"
"5434","방배로25길","일반도로","국지도로","소로","6m미만","2026-03-01 11:18:05.451"
"5435","방배로26길","일반도로","국지도로","소로3류","폭6-8m","2026-03-01 11:18:05.451"
"5436","방배로27길","일반도로","국지도로","소로3류","폭6-8m","2026-03-01 11:18:05.451"
"5437","방배로28길","일반도로","국지도로","소로","6m미만","2026-03-01 11:18:05.451"
"5438","방배로2길","일반도로","국지도로","소로2류","폭8-10m","2026-03-01 11:18:05.451"
"5439","방배로30길","일반도로","국지도로","소로3류","폭6-8m","2026-03-01 11:18:05.451"
"5440","방배로31길","일반도로","국지도로","소로3류","폭6-8m","2026-03-01 11:18:05.451"
"5441","방배로32길","일반도로","국지도로","소로3류","폭6-8m","2026-03-01 11:18:05.456"
"5442","방배로33길","일반도로","국지도로","소로","6m미만","2026-03-01 11:18:05.456"
"5443","방배로34길","일반도로","국지도로","소로","6m미만","2026-03-01 11:18:05.456"
"5444","방배로35길","일반도로","국지도로","소로","6m미만","2026-03-01 11:18:05.456"
"5445","방배로36길","일반도로","국지도로","소로","6m미만","2026-03-01 11:18:05.456"
"5446","방배로37길","일반도로","국지도로","소로","6m미만","2026-03-01 11:18:05.456"
"5447","방배로39길","일반도로","국지도로","소로","6m미만","2026-03-01 11:18:05.456"
"5448","방배로3길","일반도로","국지도로","소로3류","폭6-8m","2026-03-01 11:18:05.456"
"5449","방배로40길","일반도로","국지도로","소로","6m미만","2026-03-01 11:18:05.456"
"5450","방배로42길","일반도로","국지도로","소로","6m미만","2026-03-01 11:18:05.456"
"5451","방배로43길","일반도로","국지도로","소로2류","폭8-10m","2026-03-01 11:18:05.461"
"5452","방배로45길","일반도로","국지도로","소로3류","폭6-8m","2026-03-01 11:18:05.461"
"5453","방배로4길","일반도로","국지도로","소로1류","폭10-12m","2026-03-01 11:18:05.461"
"5454","방배로5길","일반도로","국지도로","소로3류","폭6-8m","2026-03-01 11:18:05.461"
"5455","방배로6길","일반도로","국지도로","소로3류","폭6-8m","2026-03-01 11:18:05.461"
"5456","방배로8길","일반도로","국지도로","소로","6m미만","2026-03-01 11:18:05.461"
"5457","방배로9길","일반도로","국지도로","소로3류","폭6-8m","2026-03-01 11:18:05.461"
"5458","방배선","일반도로","보조간선도로","대로3류","폭25-30m","2026-03-01 11:18:05.461"
"5459","방배선행길","일반도로","국지도로","소로","6m미만","2026-03-01 11:18:05.461"
"5460","방배중앙로","일반도로","국지도로","소로2류","폭8-10m","2026-03-01 11:18:05.461"
"5461","방배중앙로13길","일반도로","국지도로","소로","6m미만","2026-03-01 11:18:05.466"
"5462","방배중앙로15길","일반도로","국지도로","소로","6m미만","2026-03-01 11:18:05.466"
"5463","방배중앙로19길","일반도로","국지도로","소로","6m미만","2026-03-01 11:18:05.466"
"5464","방배중앙로21길","일반도로","국지도로","소로","6m미만","2026-03-01 11:18:05.466"
"5465","방배중앙로23길","일반도로","국지도로","소로","6m미만","2026-03-01 11:18:05.466"
"5466","방배중앙로25길","일반도로","국지도로","소로","6m미만","2026-03-01 11:18:05.466"
"5467","방배중앙로27길","일반도로","국지도로","소로2류","폭8-10m","2026-03-01 11:18:05.467"
"5468","방배중앙로29길","일반도로","국지도로","소로3류","폭6-8m","2026-03-01 11:18:05.467"
"5469","방배중앙로3길","일반도로","국지도로","소로","6m미만","2026-03-01 11:18:05.467"
"5470","방배중앙로5길","일반도로","국지도로","소로","6m미만","2026-03-01 11:18:05.467"
"5471","방배천로","일반도로","국지도로","소로2류","폭8-10m","2026-03-01 11:18:05.472"
"5472","방배천로14길","일반도로","국지도로","소로","6m미만","2026-03-01 11:18:05.472"
"5473","방배천로16길","일반도로","국지도로","소로","6m미만","2026-03-01 11:18:05.472"
"5474","방배천로18길","일반도로","국지도로","소로3류","폭6-8m","2026-03-01 11:18:05.472"
"5475","방배천로20길","일반도로","국지도로","소로1류","폭10-12m","2026-03-01 11:18:05.472"
"5476","방배천로22길","일반도로","국지도로","소로","6m미만","2026-03-01 11:18:05.472"
"5477","방배천로24길","일반도로","국지도로","소로3류","폭6-8m","2026-03-01 11:18:05.472"
"5478","방배천로26길","일반도로","국지도로","소로","6m미만","2026-03-01 11:18:05.472"
"5479","방배천로2길","일반도로","국지도로","소로3류","폭6-8m","2026-03-01 11:18:05.472"
"5480","방배천로2안길","일반도로","국지도로","소로","6m미만","2026-03-01 11:18:05.472"
"5481","방배천로30길","일반도로","국지도로","소로","6m미만","2026-03-01 11:18:05.477"
"5482","방배천로32길","일반도로","국지도로","소로","6m미만","2026-03-01 11:18:05.477"
"5483","방배천로34길","일반도로","국지도로","소로","6m미만","2026-03-01 11:18:05.477"
"5484","방배천로4길","일반도로","국지도로","소로3류","폭6-8m","2026-03-01 11:18:05.477"
"5485","방배천로4안길","일반도로","국지도로","소로","6m미만","2026-03-01 11:18:05.477"
"5486","방배천로6길","일반도로","국지도로","소로","6m미만","2026-03-01 11:18:05.477"
"5487","방배천로8길","일반도로","국지도로","소로","6m미만","2026-03-01 11:18:05.477"
"5488","방울내로","일반도로","국지도로","소로3류","폭6-8m","2026-03-01 11:18:05.477"
"5489","방울내로11길","일반도로","국지도로","소로3류","폭6-8m","2026-03-01 11:18:05.477"
"5490","방울내로1길","일반도로","국지도로","소로3류","폭6-8m","2026-03-01 11:18:05.477"
"5491","방울내로3길","일반도로","국지도로","소로3류","폭6-8m","2026-03-01 11:18:05.482"
"5492","방울내로5길","일반도로","국지도로","소로2류","폭8-10m","2026-03-01 11:18:05.482"
"5493","방울내로6길","일반도로","국지도로","소로","6m미만","2026-03-01 11:18:05.482"
"5494","방울내로7길","일반도로","국지도로","소로3류","폭6-8m","2026-03-01 11:18:05.482"
"5495","방울내로9길","일반도로","국지도로","소로","6m미만","2026-03-01 11:18:05.482"
"5496","방울내로9안길","일반도로","국지도로","소로","6m미만","2026-03-01 11:18:05.482"
"5497","방이~마천선","일반도로","보조간선도로","광로2류","폭50-70m","2026-03-01 11:18:05.482"
"5498","방천길","일반도로","국지도로","소로","6m미만","2026-03-01 11:18:05.482"
"5499","방학로","일반도로","국지도로","소로3류","폭6-8m","2026-03-01 11:18:05.482"
"5500","방학로10길","일반도로","국지도로","소로3류","폭6-8m","2026-03-01 11:18:05.482"
"5501","방학로11길","일반도로","국지도로","소로2류","폭8-10m","2026-03-01 11:18:05.487"
"5502","방학로12가길","일반도로","국지도로","소로3류","폭6-8m","2026-03-01 11:18:05.487"
"5503","방학로12길","일반도로","국지도로","소로1류","폭10-12m","2026-03-01 11:18:05.487"
"5504","방학로15길","일반도로","국지도로","소로2류","폭8-10m","2026-03-01 11:18:05.487"
"5505","방학로17길","일반도로","국지도로","소로","6m미만","2026-03-01 11:18:05.487"
"5506","방학로2가길","일반도로","국지도로","소로","6m미만","2026-03-01 11:18:05.487"
"5507","방학로2길","일반도로","국지도로","소로3류","폭6-8m","2026-03-01 11:18:05.487"
"5508","방학로3가길","일반도로","국지도로","소로","6m미만","2026-03-01 11:18:05.487"
"5509","방학로3길","일반도로","국지도로","소로3류","폭6-8m","2026-03-01 11:18:05.487"
"5510","방학로4길","일반도로","국지도로","소로","6m미만","2026-03-01 11:18:05.487"
"5511","방학로5길","일반도로","국지도로","소로3류","폭6-8m","2026-03-01 11:18:05.492"
"5512","방학로6가길","일반도로","국지도로","소로","6m미만","2026-03-01 11:18:05.492"
"5513","방학로6길","일반도로","국지도로","소로2류","폭8-10m","2026-03-01 11:18:05.492"
"5514","방학로7길","일반도로","국지도로","소로3류","폭6-8m","2026-03-01 11:18:05.492"
"5515","방학로8길","일반도로","국지도로","소로","6m미만","2026-03-01 11:18:05.492"
"5516","방화~사가정선","일반도로","주간선도로","광로3류","폭40-50m","2026-03-01 11:18:05.492"
"5517","방화~염창선","일반도로","보조간선도로","대로1류","폭35-40m","2026-03-01 11:18:05.492"
"5518","방화대로","일반도로","국지도로","소로","6m미만","2026-03-01 11:18:05.492"
"5519","방화대로19길","일반도로","국지도로","소로","6m미만","2026-03-01 11:18:05.492"
"5520","방화대로21가길","일반도로","국지도로","소로","6m미만","2026-03-01 11:18:05.492"
"5521","방화대로21길","일반도로","국지도로","소로","6m미만","2026-03-01 11:18:05.497"
"5522","방화대로21나길","일반도로","국지도로","소로","6m미만","2026-03-01 11:18:05.497"
"5523","방화대로21다길","일반도로","국지도로","소로","6m미만","2026-03-01 11:18:05.497"
"5524","방화대로23길","일반도로","국지도로","소로","6m미만","2026-03-01 11:18:05.497"
"5525","방화대로29길","일반도로","국지도로","소로","6m미만","2026-03-01 11:18:05.497"
"5526","방화대로31길","일반도로","국지도로","소로","6m미만","2026-03-01 11:18:05.497"
"5527","방화대로33길","일반도로","국지도로","소로","6m미만","2026-03-01 11:18:05.497"
"5528","방화대로34길","일반도로","국지도로","소로2류","폭8-10m","2026-03-01 11:18:05.497"
"5529","방화대로35길","일반도로","국지도로","소로","6m미만","2026-03-01 11:18:05.497"
"5530","방화대로37길","일반도로","국지도로","소로3류","폭6-8m","2026-03-01 11:18:05.497"
"5531","방화대로40길","일반도로","국지도로","중로2류","폭15-20m","2026-03-01 11:18:05.502"
"5532","방화대로41길","일반도로","국지도로","소로3류","폭6-8m","2026-03-01 11:18:05.502"
"5533","방화대로42길","일반도로","국지도로","소로","6m미만","2026-03-01 11:18:05.502"
"5534","방화대로44길","일반도로","국지도로","소로","6m미만","2026-03-01 11:18:05.502"
"5535","방화대로45길","일반도로","국지도로","소로2류","폭8-10m","2026-03-01 11:18:05.502"
"5536","방화대로47가길","일반도로","국지도로","소로2류","폭8-10m","2026-03-01 11:18:05.502"
"5537","방화대로47길","일반도로","국지도로","중로1류","폭20-25m","2026-03-01 11:18:05.502"
"5538","방화대로48길","일반도로","국지도로","중로1류","폭20-25m","2026-03-01 11:18:05.502"
"5539","방화대로49길","일반도로","국지도로","소로","6m미만","2026-03-01 11:18:05.502"
"5540","방화대로50길","일반도로","국지도로","소로3류","폭6-8m","2026-03-01 11:18:05.502"
"5541","방화대로52가길","일반도로","국지도로","소로3류","폭6-8m","2026-03-01 11:18:05.507"
"5542","방화대로52길","일반도로","국지도로","소로","6m미만","2026-03-01 11:18:05.507"
"5543","방화대로5가길","일반도로","국지도로","소로2류","폭8-10m","2026-03-01 11:18:05.507"
"5544","방화대로5길","일반도로","국지도로","소로1류","폭10-12m","2026-03-01 11:18:05.507"
"5545","방화대로5나길","일반도로","국지도로","소로","6m미만","2026-03-01 11:18:05.507"
"5546","방화대로5다길","일반도로","국지도로","소로","6m미만","2026-03-01 11:18:05.507"
"5547","방화대로5라길","일반도로","국지도로","소로3류","폭6-8m","2026-03-01 11:18:05.507"
"5548","방화대로6가길","일반도로","국지도로","소로3류","폭6-8m","2026-03-01 11:18:05.507"
"5549","방화대로6길","일반도로","국지도로","소로2류","폭8-10m","2026-03-01 11:18:05.507"
"5550","방화대로6나길","일반도로","국지도로","소로2류","폭8-10m","2026-03-01 11:18:05.507"
"5551","방화대로6다길","일반도로","국지도로","소로2류","폭8-10m","2026-03-01 11:18:05.512"
"5552","방화대로6라길","일반도로","국지도로","소로1류","폭10-12m","2026-03-01 11:18:05.512"
"5553","방화대로6마길","일반도로","국지도로","소로3류","폭6-8m","2026-03-01 11:18:05.512"
"5554","방화대로6바길","일반도로","국지도로","소로2류","폭8-10m","2026-03-01 11:18:05.512"
"5555","방화대로7가길","일반도로","국지도로","소로3류","폭6-8m","2026-03-01 11:18:05.512"
"5556","방화대로7길","일반도로","국지도로","소로3류","폭6-8m","2026-03-01 11:18:05.512"
"5557","방화대로7나길","일반도로","국지도로","소로3류","폭6-8m","2026-03-01 11:18:05.512"
"5558","방화대로7다길","일반도로","국지도로","소로3류","폭6-8m","2026-03-01 11:18:05.512"
"5559","방화대로8길","일반도로","국지도로","중로1류","폭20-25m","2026-03-01 11:18:05.512"
"5560","방화동로","일반도로","국지도로","소로","6m미만","2026-03-01 11:18:05.512"
"5561","방화동로10길","일반도로","국지도로","소로","6m미만","2026-03-01 11:18:05.518"
"5562","방화동로12가길","일반도로","국지도로","소로","6m미만","2026-03-01 11:18:05.518"
"5563","방화동로12길","일반도로","국지도로","소로","6m미만","2026-03-01 11:18:05.518"
"5564","방화동로12나길","일반도로","국지도로","소로","6m미만","2026-03-01 11:18:05.518"
"5565","방화동로14길","일반도로","국지도로","소로","6m미만","2026-03-01 11:18:05.518"
"5566","방화동로16길","일반도로","국지도로","소로","6m미만","2026-03-01 11:18:05.518"
"5567","방화동로18길","일반도로","국지도로","소로3류","폭6-8m","2026-03-01 11:18:05.518"
"5568","방화동로1길","일반도로","국지도로","소로","6m미만","2026-03-01 11:18:05.518"
"5569","방화동로3가길","일반도로","국지도로","소로","6m미만","2026-03-01 11:18:05.518"
"5570","방화동로3길","일반도로","국지도로","소로","6m미만","2026-03-01 11:18:05.518"
"5571","방화동로5가길","일반도로","국지도로","소로","6m미만","2026-03-01 11:18:05.523"
"5572","방화동로5길","일반도로","국지도로","소로","6m미만","2026-03-01 11:18:05.523"
"5573","방화동로7길","일반도로","국지도로","소로","6m미만","2026-03-01 11:18:05.523"
"5574","백련사길","일반도로","국지도로","소로","6m미만","2026-03-01 11:18:05.523"
"5575","백련산로","일반도로","국지도로","소로3류","폭6-8m","2026-03-01 11:18:05.523"
"5576","백련산로14길","일반도로","국지도로","소로","6m미만","2026-03-01 11:18:05.523"
"5577","백련산로2길","일반도로","국지도로","중로1류","폭20-25m","2026-03-01 11:18:05.523"
"5578","백련산로4길","일반도로","국지도로","소로","6m미만","2026-03-01 11:18:05.523"
"5579","백범로","일반도로","국지도로","소로","6m미만","2026-03-01 11:18:05.523"
"5580","백범로10길","일반도로","국지도로","중로1류","폭20-25m","2026-03-01 11:18:05.523"
"5581","백범로15길","일반도로","국지도로","소로","6m미만","2026-03-01 11:18:05.528"
"5582","백범로16길","일반도로","국지도로","소로","6m미만","2026-03-01 11:18:05.528"
"5583","백범로16안길","일반도로","국지도로","소로","6m미만","2026-03-01 11:18:05.528"
"5584","백범로17길","일반도로","국지도로","소로","6m미만","2026-03-01 11:18:05.528"
"5585","백범로17안길","일반도로","국지도로","소로","6m미만","2026-03-01 11:18:05.528"
"5586","백범로18길","일반도로","국지도로","소로","6m미만","2026-03-01 11:18:05.528"
"5587","백범로1길","일반도로","국지도로","소로","6m미만","2026-03-01 11:18:05.528"
"5588","백범로20길","일반도로","국지도로","소로","6m미만","2026-03-01 11:18:05.528"
"5589","백범로21길","일반도로","국지도로","소로","6m미만","2026-03-01 11:18:05.528"
"5590","백범로21안길","일반도로","국지도로","소로","6m미만","2026-03-01 11:18:05.528"
"5591","백범로24길","일반도로","국지도로","소로","6m미만","2026-03-01 11:18:05.533"
"5592","백범로25길","일반도로","국지도로","소로","6m미만","2026-03-01 11:18:05.533"
"5593","백범로26길","일반도로","국지도로","소로1류","폭10-12m","2026-03-01 11:18:05.533"
"5594","백범로28길","일반도로","국지도로","소로3류","폭6-8m","2026-03-01 11:18:05.533"
"5595","백범로2길","일반도로","국지도로","소로","6m미만","2026-03-01 11:18:05.533"
"5596","백범로31길","일반도로","국지도로","중로1류","폭20-25m","2026-03-01 11:18:05.533"
"5597","백범로32길","일반도로","국지도로","중로2류","폭15-20m","2026-03-01 11:18:05.533"
"5598","백범로36가길","일반도로","국지도로","소로1류","폭10-12m","2026-03-01 11:18:05.533"
"5599","백범로36길","일반도로","국지도로","중로1류","폭20-25m","2026-03-01 11:18:05.533"
"5600","백범로37길","일반도로","국지도로","중로1류","폭20-25m","2026-03-01 11:18:05.533"
"5601","백범로39길","일반도로","국지도로","소로3류","폭6-8m","2026-03-01 11:18:05.538"
"5602","백범로43길","일반도로","국지도로","소로3류","폭6-8m","2026-03-01 11:18:05.538"
"5603","백범로45길","일반도로","국지도로","소로","6m미만","2026-03-01 11:18:05.538"
"5604","백범로47가길","일반도로","국지도로","소로","6m미만","2026-03-01 11:18:05.538"
"5605","백범로47길","일반도로","국지도로","소로","6m미만","2026-03-01 11:18:05.538"
"5606","백범로47나길","일반도로","국지도로","소로","6m미만","2026-03-01 11:18:05.538"
"5607","백범로4길","일반도로","국지도로","소로","6m미만","2026-03-01 11:18:05.538"
"5608","백범로51길","일반도로","국지도로","소로","6m미만","2026-03-01 11:18:05.538"
"5609","백범로5길","일반도로","국지도로","소로","6m미만","2026-03-01 11:18:05.538"
"5610","백범로74길","일반도로","국지도로","소로","6m미만","2026-03-01 11:18:05.538"
"5611","백범로77길","일반도로","국지도로","소로","6m미만","2026-03-01 11:18:05.543"
"5612","백범로79길","일반도로","국지도로","소로","6m미만","2026-03-01 11:18:05.543"
"5613","백범로79나길","일반도로","국지도로","소로","6m미만","2026-03-01 11:18:05.543"
"5614","백범로79다길","일반도로","국지도로","소로","6m미만","2026-03-01 11:18:05.543"
"5615","백범로81길","일반도로","국지도로","소로","6m미만","2026-03-01 11:18:05.543"
"5616","백범로87길","일반도로","국지도로","소로","6m미만","2026-03-01 11:18:05.543"
"5617","백범로90가길","일반도로","국지도로","중로2류","폭15-20m","2026-03-01 11:18:05.543"
"5618","백범로90길","일반도로","국지도로","소로2류","폭8-10m","2026-03-01 11:18:05.543"
"5619","백범로90다길","일반도로","국지도로","소로3류","폭6-8m","2026-03-01 11:18:05.543"
"5620","백범로90라길","일반도로","국지도로","소로2류","폭8-10m","2026-03-01 11:18:05.543"
"5621","백범로99가길","일반도로","국지도로","소로","6m미만","2026-03-01 11:18:05.548"
"5622","백범로99길","일반도로","국지도로","소로","6m미만","2026-03-01 11:18:05.548"
"5623","백석동1가길","일반도로","국지도로","소로","6m미만","2026-03-01 11:18:05.548"
"5624","백석동1길","일반도로","국지도로","소로","6m미만","2026-03-01 11:18:05.548"
"5625","백석동2길","일반도로","국지도로","소로","6m미만","2026-03-01 11:18:05.548"
"5626","백석동3길","일반도로","국지도로","소로","6m미만","2026-03-01 11:18:05.548"
"5627","백석동길","일반도로","국지도로","소로","6m미만","2026-03-01 11:18:05.548"
"5628","백운길","일반도로","국지도로","소로2류","폭8-10m","2026-03-01 11:18:05.548"
"5629","백제고분로","일반도로","국지도로","소로3류","폭6-8m","2026-03-01 11:18:05.548"
"5630","백제고분로11길","일반도로","국지도로","소로","6m미만","2026-03-01 11:18:05.548"
"5631","백제고분로12길","일반도로","국지도로","소로","6m미만","2026-03-01 11:18:05.553"
"5632","백제고분로13길","일반도로","국지도로","소로3류","폭6-8m","2026-03-01 11:18:05.553"
"5633","백제고분로14길","일반도로","국지도로","소로","6m미만","2026-03-01 11:18:05.553"
"5634","백제고분로15길","일반도로","국지도로","소로","6m미만","2026-03-01 11:18:05.553"
"5635","백제고분로17길","일반도로","국지도로","소로","6m미만","2026-03-01 11:18:05.553"
"5636","백제고분로18길","일반도로","국지도로","소로","6m미만","2026-03-01 11:18:05.553"
"5637","백제고분로19길","일반도로","국지도로","소로","6m미만","2026-03-01 11:18:05.553"
"5638","백제고분로20길","일반도로","국지도로","소로3류","폭6-8m","2026-03-01 11:18:05.553"
"5639","백제고분로21길","일반도로","국지도로","소로","6m미만","2026-03-01 11:18:05.553"
"5640","백제고분로22길","일반도로","국지도로","소로","6m미만","2026-03-01 11:18:05.553"
"5641","백제고분로23길","일반도로","국지도로","소로","6m미만","2026-03-01 11:18:05.557"
"5642","백제고분로24길","일반도로","국지도로","소로","6m미만","2026-03-01 11:18:05.557"
"5643","백제고분로25길","일반도로","국지도로","소로","6m미만","2026-03-01 11:18:05.558"
"5644","백제고분로27길","일반도로","국지도로","소로","6m미만","2026-03-01 11:18:05.558"
"5645","백제고분로28길","일반도로","국지도로","소로","6m미만","2026-03-01 11:18:05.558"
"5646","백제고분로29길","일반도로","국지도로","소로","6m미만","2026-03-01 11:18:05.558"
"5647","백제고분로31길","일반도로","국지도로","소로3류","폭6-8m","2026-03-01 11:18:05.558"
"5648","백제고분로32길","일반도로","국지도로","소로","6m미만","2026-03-01 11:18:05.558"
"5649","백제고분로33길","일반도로","국지도로","소로3류","폭6-8m","2026-03-01 11:18:05.558"
"5650","백제고분로34길","일반도로","국지도로","소로","6m미만","2026-03-01 11:18:05.558"
"5651","백제고분로36가길","일반도로","국지도로","소로","6m미만","2026-03-01 11:18:05.562"
"5652","백제고분로36길","일반도로","국지도로","확인","불가","2026-03-01 11:18:05.562"
"5653","백제고분로36나길","일반도로","국지도로","소로","6m미만","2026-03-01 11:18:05.562"
"5654","백제고분로37가길","일반도로","국지도로","소로","6m미만","2026-03-01 11:18:05.562"
"5655","백제고분로37길","일반도로","국지도로","확인","불가","2026-03-01 11:18:05.562"
"5656","백제고분로37나길","일반도로","국지도로","소로3류","폭6-8m","2026-03-01 11:18:05.562"
"5657","백제고분로39길","일반도로","국지도로","소로","6m미만","2026-03-01 11:18:05.562"
"5658","백제고분로40길","일반도로","국지도로","소로3류","폭6-8m","2026-03-01 11:18:05.562"
"5659","백제고분로41길","일반도로","국지도로","소로","6m미만","2026-03-01 11:18:05.562"
"5660","백제고분로42길","일반도로","국지도로","소로3류","폭6-8m","2026-03-01 11:18:05.562"
"5661","백제고분로43길","일반도로","국지도로","소로","6m미만","2026-03-01 11:18:05.567"
"5662","백제고분로44길","일반도로","국지도로","소로","6m미만","2026-03-01 11:18:05.567"
"5663","백제고분로45길","일반도로","국지도로","소로","6m미만","2026-03-01 11:18:05.567"
"5664","백제고분로46길","일반도로","국지도로","소로3류","폭6-8m","2026-03-01 11:18:05.567"
"5665","백제고분로48가길","일반도로","국지도로","소로","6m미만","2026-03-01 11:18:05.567"
"5666","백제고분로48길","일반도로","국지도로","소로2류","폭8-10m","2026-03-01 11:18:05.567"
"5667","백제고분로48나길","일반도로","국지도로","소로","6m미만","2026-03-01 11:18:05.567"
"5668","백제고분로50길","일반도로","국지도로","소로3류","폭6-8m","2026-03-01 11:18:05.567"
"5669","백제고분로51길","일반도로","국지도로","소로","6m미만","2026-03-01 11:18:05.567"
"5670","백제고분로7길","일반도로","국지도로","소로3류","폭6-8m","2026-03-01 11:18:05.567"
"5671","백제고분로9길","일반도로","국지도로","소로3류","폭6-8m","2026-03-01 11:18:05.572"
"5672","버드나루로","일반도로","국지도로","소로2류","폭8-10m","2026-03-01 11:18:05.572"
"5673","버드나루로10길","일반도로","국지도로","소로3류","폭6-8m","2026-03-01 11:18:05.572"
"5674","버드나루로11길","일반도로","국지도로","소로2류","폭8-10m","2026-03-01 11:18:05.572"
"5675","버드나루로12가길","일반도로","국지도로","소로3류","폭6-8m","2026-03-01 11:18:05.572"
"5676","버드나루로12길","일반도로","국지도로","소로","6m미만","2026-03-01 11:18:05.572"
"5677","버드나루로12나길","일반도로","국지도로","소로","6m미만","2026-03-01 11:18:05.572"
"5678","버드나루로14가길","일반도로","국지도로","소로","6m미만","2026-03-01 11:18:05.572"
"5679","버드나루로14길","일반도로","국지도로","소로","6m미만","2026-03-01 11:18:05.572"
"5680","버드나루로15길","일반도로","국지도로","소로3류","폭6-8m","2026-03-01 11:18:05.572"
"5681","버드나루로16길","일반도로","국지도로","소로","6m미만","2026-03-01 11:18:05.577"
"5682","버드나루로17길","일반도로","국지도로","소로3류","폭6-8m","2026-03-01 11:18:05.577"
"5683","버드나루로18길","일반도로","국지도로","소로3류","폭6-8m","2026-03-01 11:18:05.577"
"5684","버드나루로19길","일반도로","국지도로","소로3류","폭6-8m","2026-03-01 11:18:05.577"
"5685","버드나루로20길","일반도로","국지도로","소로3류","폭6-8m","2026-03-01 11:18:05.577"
"5686","버드나루로22길","일반도로","국지도로","소로2류","폭8-10m","2026-03-01 11:18:05.577"
"5687","버드나루로23길","일반도로","국지도로","소로3류","폭6-8m","2026-03-01 11:18:05.578"
"5688","버드나루로2길","일반도로","국지도로","소로3류","폭6-8m","2026-03-01 11:18:05.578"
"5689","버드나루로3길","일반도로","국지도로","소로2류","폭8-10m","2026-03-01 11:18:05.578"
"5690","버드나루로4길","일반도로","국지도로","소로3류","폭6-8m","2026-03-01 11:18:05.578"
"5691","버드나루로5길","일반도로","국지도로","소로3류","폭6-8m","2026-03-01 11:18:05.583"
"5692","버드나루로6길","일반도로","국지도로","소로3류","폭6-8m","2026-03-01 11:18:05.583"
"5693","버드나루로7길","일반도로","국지도로","소로3류","폭6-8m","2026-03-01 11:18:05.583"
"5694","버드나루로8길","일반도로","국지도로","소로3류","폭6-8m","2026-03-01 11:18:05.583"
"5695","버드나루로9길","일반도로","국지도로","소로","6m미만","2026-03-01 11:18:05.583"
"5696","벌말로","일반도로","국지도로","중로1류","폭20-25m","2026-03-01 11:18:05.583"
"5697","범안로","일반도로","국지도로","소로2류","폭8-10m","2026-03-01 11:18:05.583"
"5698","범안로11길","일반도로","국지도로","소로2류","폭8-10m","2026-03-01 11:18:05.583"
"5699","범안로12가길","일반도로","국지도로","소로","6m미만","2026-03-01 11:18:05.583"
"5700","범안로12길","일반도로","국지도로","소로3류","폭6-8m","2026-03-01 11:18:05.583"
"5701","범안로13길","일반도로","국지도로","소로","6m미만","2026-03-01 11:18:05.588"
"5702","범안로14길","일반도로","국지도로","소로","6m미만","2026-03-01 11:18:05.588"
"5703","범안로15길","일반도로","국지도로","소로3류","폭6-8m","2026-03-01 11:18:05.588"
"5704","범안로16길","일반도로","국지도로","소로","6m미만","2026-03-01 11:18:05.588"
"5705","범안로17길","일반도로","국지도로","소로3류","폭6-8m","2026-03-01 11:18:05.588"
"5706","범안로18길","일반도로","국지도로","중로2류","폭15-20m","2026-03-01 11:18:05.588"
"5707","범안로19길","일반도로","국지도로","소로3류","폭6-8m","2026-03-01 11:18:05.588"
"5708","범안로20길","일반도로","국지도로","소로1류","폭10-12m","2026-03-01 11:18:05.588"
"5709","범안로21길","일반도로","국지도로","소로3류","폭6-8m","2026-03-01 11:18:05.588"
"5710","범안로9길","일반도로","국지도로","소로3류","폭6-8m","2026-03-01 11:18:05.588"
"5711","법원단지10길","일반도로","국지도로","소로","6m미만","2026-03-01 11:18:05.594"
"5712","법원단지12길","일반도로","국지도로","소로","6m미만","2026-03-01 11:18:05.594"
"5713","법원단지13길","일반도로","국지도로","소로","6m미만","2026-03-01 11:18:05.594"
"5714","법원단지14길","일반도로","국지도로","소로","6m미만","2026-03-01 11:18:05.594"
"5715","법원단지16길","일반도로","국지도로","소로","6m미만","2026-03-01 11:18:05.594"
"5716","법원단지17길","일반도로","국지도로","소로3류","폭6-8m","2026-03-01 11:18:05.594"
"5717","법원단지18길","일반도로","국지도로","소로","6m미만","2026-03-01 11:18:05.594"
"5718","법원단지20길","일반도로","국지도로","소로","6m미만","2026-03-01 11:18:05.594"
"5719","법원단지21길","일반도로","국지도로","소로","6m미만","2026-03-01 11:18:05.594"
"5720","법원단지22길","일반도로","국지도로","소로","6m미만","2026-03-01 11:18:05.594"
"5721","법원단지24길","일반도로","국지도로","소로","6m미만","2026-03-01 11:18:05.599"
"5722","법원단지25길","일반도로","국지도로","소로","6m미만","2026-03-01 11:18:05.599"
"5723","법원단지26길","일반도로","국지도로","소로","6m미만","2026-03-01 11:18:05.599"
"5724","법원단지28길","일반도로","국지도로","소로","6m미만","2026-03-01 11:18:05.599"
"5725","법원단지29길","일반도로","국지도로","소로","6m미만","2026-03-01 11:18:05.599"
"5726","법원단지2길","일반도로","국지도로","소로","6m미만","2026-03-01 11:18:05.599"
"5727","법원단지30길","일반도로","국지도로","소로","6m미만","2026-03-01 11:18:05.599"
"5728","법원단지32길","일반도로","국지도로","소로","6m미만","2026-03-01 11:18:05.599"
"5729","법원단지34길","일반도로","국지도로","소로","6m미만","2026-03-01 11:18:05.599"
"5730","법원단지36길","일반도로","국지도로","소로3류","폭6-8m","2026-03-01 11:18:05.599"
"5731","법원단지3길","일반도로","국지도로","소로","6m미만","2026-03-01 11:18:05.604"
"5732","법원단지5가길","일반도로","국지도로","소로","6m미만","2026-03-01 11:18:05.604"
"5733","법원단지5길","일반도로","국지도로","소로","6m미만","2026-03-01 11:18:05.604"
"5734","법원단지5나길","일반도로","국지도로","소로","6m미만","2026-03-01 11:18:05.604"
"5735","법원단지5다길","일반도로","국지도로","소로","6m미만","2026-03-01 11:18:05.604"
"5736","법원단지5라길","일반도로","국지도로","소로","6m미만","2026-03-01 11:18:05.604"
"5737","법원단지7길","일반도로","국지도로","소로","6m미만","2026-03-01 11:18:05.604"
"5738","법원단지9길","일반도로","국지도로","소로","6m미만","2026-03-01 11:18:05.604"
"5739","법원단지길","일반도로","국지도로","소로3류","폭6-8m","2026-03-01 11:18:05.604"
"5740","법원로","일반도로","국지도로","중로2류","폭15-20m","2026-03-01 11:18:05.604"
"5741","법원로","일반도로","국지도로","대로2류","폭30-35m","2026-03-01 11:18:05.609"
"5742","법원로11길","일반도로","국지도로","대로3류","폭25-30m","2026-03-01 11:18:05.609"
"5743","법원로12길","일반도로","국지도로","중로1류","폭20-25m","2026-03-01 11:18:05.609"
"5744","법원로1길","일반도로","국지도로","소로2류","폭8-10m","2026-03-01 11:18:05.609"
"5745","법원로2길","일반도로","국지도로","소로2류","폭8-10m","2026-03-01 11:18:05.609"
"5746","법원로3길","일반도로","국지도로","소로3류","폭6-8m","2026-03-01 11:18:05.609"
"5747","법원로4길","일반도로","국지도로","소로3류","폭6-8m","2026-03-01 11:18:05.609"
"5748","법원로4길","일반도로","국지도로","중로2류","폭15-20m","2026-03-01 11:18:05.609"
"5749","법원로5길","일반도로","국지도로","중로1류","폭20-25m","2026-03-01 11:18:05.609"
"5750","법원로6길","일반도로","국지도로","중로1류","폭20-25m","2026-03-01 11:18:05.609"
"5751","법원로8길","일반도로","국지도로","중로2류","폭15-20m","2026-03-01 11:18:05.615"
"5752","법원로9길","일반도로","국지도로","중로2류","폭15-20m","2026-03-01 11:18:05.615"
"5753","벚꽃로","일반도로","국지도로","소로2류","폭8-10m","2026-03-01 11:18:05.615"
"5754","벚꽃로10길","일반도로","국지도로","소로1류","폭10-12m","2026-03-01 11:18:05.615"
"5755","벚꽃로12길","일반도로","국지도로","소로1류","폭10-12m","2026-03-01 11:18:05.615"
"5756","벚꽃로14길","일반도로","국지도로","소로","6m미만","2026-03-01 11:18:05.615"
"5757","벚꽃로18길","일반도로","국지도로","소로1류","폭10-12m","2026-03-01 11:18:05.615"
"5758","벚꽃로20길","일반도로","국지도로","소로2류","폭8-10m","2026-03-01 11:18:05.615"
"5759","벚꽃로24길","일반도로","국지도로","소로1류","폭10-12m","2026-03-01 11:18:05.615"
"5760","벚꽃로26길","일반도로","국지도로","소로","6m미만","2026-03-01 11:18:05.615"
"5761","벚꽃로36길","일반도로","국지도로","대로3류","폭25-30m","2026-03-01 11:18:05.62"
"5762","벚꽃로38길","일반도로","국지도로","소로3류","폭6-8m","2026-03-01 11:18:05.62"
"5763","벚꽃로40길","일반도로","국지도로","소로","6m미만","2026-03-01 11:18:05.62"
"5764","벚꽃로42길","일반도로","국지도로","소로","6m미만","2026-03-01 11:18:05.62"
"5765","벚꽃로44길","일반도로","국지도로","소로","6m미만","2026-03-01 11:18:05.62"
"5766","벚꽃로46가길","일반도로","국지도로","소로","6m미만","2026-03-01 11:18:05.62"
"5767","벚꽃로46길","일반도로","국지도로","소로","6m미만","2026-03-01 11:18:05.62"
"5768","벚꽃로46나길","일반도로","국지도로","소로","6m미만","2026-03-01 11:18:05.62"
"5769","벚꽃로46다길","일반도로","국지도로","소로","6m미만","2026-03-01 11:18:05.62"
"5770","벚꽃로48길","일반도로","국지도로","소로","6m미만","2026-03-01 11:18:05.62"
"5771","벚꽃로50길","일반도로","국지도로","소로","6m미만","2026-03-01 11:18:05.625"
"5772","벚꽃로52길","일반도로","국지도로","소로","6m미만","2026-03-01 11:18:05.625"
"5773","벚꽃로56길","일반도로","국지도로","소로","6m미만","2026-03-01 11:18:05.625"
"5774","벚꽃로68길","일반도로","국지도로","소로","6m미만","2026-03-01 11:18:05.625"
"5775","벚꽃로6길","일반도로","국지도로","대로3류","폭25-30m","2026-03-01 11:18:05.625"
"5776","벚꽃로70길","일반도로","국지도로","소로","6m미만","2026-03-01 11:18:05.625"
"5777","벚꽃로72길","일반도로","국지도로","소로","6m미만","2026-03-01 11:18:05.625"
"5778","벚꽃로74길","일반도로","국지도로","소로","6m미만","2026-03-01 11:18:05.625"
"5779","벚꽃로76길","일반도로","국지도로","소로","6m미만","2026-03-01 11:18:05.625"
"5780","벚꽃로78길","일반도로","국지도로","소로","6m미만","2026-03-01 11:18:05.625"
"5781","보광로","일반도로","국지도로","소로","6m미만","2026-03-01 11:18:05.63"
"5782","보광로12가길","일반도로","국지도로","소로","6m미만","2026-03-01 11:18:05.63"
"5783","보광로12길","일반도로","국지도로","소로","6m미만","2026-03-01 11:18:05.63"
"5784","보광로14길","일반도로","국지도로","소로","6m미만","2026-03-01 11:18:05.63"
"5785","보광로19길","일반도로","국지도로","소로","6m미만","2026-03-01 11:18:05.63"
"5786","보광로21길","일반도로","국지도로","소로","6m미만","2026-03-01 11:18:05.63"
"5787","보광로23길","일반도로","국지도로","소로","6m미만","2026-03-01 11:18:05.63"
"5788","보광로24길","일반도로","국지도로","소로","6m미만","2026-03-01 11:18:05.63"
"5789","보광로25길","일반도로","국지도로","소로","6m미만","2026-03-01 11:18:05.63"
"5790","보광로30가길","일반도로","국지도로","소로","6m미만","2026-03-01 11:18:05.63"
"5791","보광로30길","일반도로","국지도로","소로","6m미만","2026-03-01 11:18:05.635"
"5792","보광로31길","일반도로","국지도로","소로","6m미만","2026-03-01 11:18:05.635"
"5793","보광로32가길","일반도로","국지도로","소로","6m미만","2026-03-01 11:18:05.635"
"5794","보광로32길","일반도로","국지도로","소로","6m미만","2026-03-01 11:18:05.635"
"5795","보광로46길","일반도로","국지도로","소로","6m미만","2026-03-01 11:18:05.635"
"5796","보광로48길","일반도로","국지도로","소로","6m미만","2026-03-01 11:18:05.635"
"5797","보광로50길","일반도로","국지도로","소로","6m미만","2026-03-01 11:18:05.635"
"5798","보광로51길","일반도로","국지도로","소로","6m미만","2026-03-01 11:18:05.635"
"5799","보광로54길","일반도로","국지도로","소로","6m미만","2026-03-01 11:18:05.635"
"5800","보광로55길","일반도로","국지도로","소로","6m미만","2026-03-01 11:18:05.635"
"5801","보광로59길","일반도로","국지도로","소로","6m미만","2026-03-01 11:18:05.64"
"5802","보광로5길","일반도로","국지도로","소로","6m미만","2026-03-01 11:18:05.64"
"5803","보광로60길","일반도로","국지도로","소로","6m미만","2026-03-01 11:18:05.64"
"5804","보광로7길","일반도로","국지도로","소로","6m미만","2026-03-01 11:18:05.64"
"5805","보국문로","일반도로","국지도로","소로","6m미만","2026-03-01 11:18:05.64"
"5806","보국문로10길","일반도로","국지도로","소로","6m미만","2026-03-01 11:18:05.64"
"5807","보국문로11가길","일반도로","국지도로","소로","6m미만","2026-03-01 11:18:05.64"
"5808","보국문로11길","일반도로","국지도로","소로","6m미만","2026-03-01 11:18:05.64"
"5809","보국문로12길","일반도로","국지도로","소로","6m미만","2026-03-01 11:18:05.64"
"5810","보국문로14길","일반도로","국지도로","소로","6m미만","2026-03-01 11:18:05.64"
"5811","보국문로16가길","일반도로","국지도로","소로","6m미만","2026-03-01 11:18:05.645"
"5812","보국문로16길","일반도로","국지도로","소로3류","폭6-8m","2026-03-01 11:18:05.645"
"5813","보국문로16나길","일반도로","국지도로","소로","6m미만","2026-03-01 11:18:05.645"
"5814","보국문로16다길","일반도로","국지도로","소로","6m미만","2026-03-01 11:18:05.645"
"5815","보국문로16라길","일반도로","국지도로","소로","6m미만","2026-03-01 11:18:05.645"
"5816","보국문로17길","일반도로","국지도로","소로","6m미만","2026-03-01 11:18:05.645"
"5817","보국문로18가길","일반도로","국지도로","소로","6m미만","2026-03-01 11:18:05.645"
"5818","보국문로18길","일반도로","국지도로","소로","6m미만","2026-03-01 11:18:05.645"
"5819","보국문로20길","일반도로","국지도로","소로","6m미만","2026-03-01 11:18:05.645"
"5820","보국문로22길","일반도로","국지도로","소로","6m미만","2026-03-01 11:18:05.645"
"5821","보국문로24길","일반도로","국지도로","소로","6m미만","2026-03-01 11:18:05.65"
"5822","보국문로25가길","일반도로","국지도로","소로","6m미만","2026-03-01 11:18:05.65"
"5823","보국문로25길","일반도로","국지도로","소로","6m미만","2026-03-01 11:18:05.65"
"5824","보국문로27길","일반도로","국지도로","소로","6m미만","2026-03-01 11:18:05.65"
"5825","보국문로28길","일반도로","국지도로","소로","6m미만","2026-03-01 11:18:05.65"
"5826","보국문로29가길","일반도로","국지도로","소로","6m미만","2026-03-01 11:18:05.65"
"5827","보국문로29길","일반도로","국지도로","소로","6m미만","2026-03-01 11:18:05.65"
"5828","보국문로29나길","일반도로","국지도로","소로","6m미만","2026-03-01 11:18:05.65"
"5829","보국문로29다길","일반도로","국지도로","소로","6m미만","2026-03-01 11:18:05.65"
"5830","보국문로29라길","일반도로","국지도로","소로","6m미만","2026-03-01 11:18:05.65"
"5831","보국문로29마길","일반도로","국지도로","소로","6m미만","2026-03-01 11:18:05.655"
"5832","보국문로29바길","일반도로","국지도로","소로","6m미만","2026-03-01 11:18:05.655"
"5833","보국문로2길","일반도로","국지도로","소로","6m미만","2026-03-01 11:18:05.655"
"5834","보국문로30가길","일반도로","국지도로","소로","6m미만","2026-03-01 11:18:05.655"
"5835","보국문로30길","일반도로","국지도로","소로3류","폭6-8m","2026-03-01 11:18:05.655"
"5836","보국문로30나길","일반도로","국지도로","소로","6m미만","2026-03-01 11:18:05.655"
"5837","보국문로32가길","일반도로","국지도로","소로","6m미만","2026-03-01 11:18:05.655"
"5838","보국문로32길","일반도로","국지도로","소로","6m미만","2026-03-01 11:18:05.655"
"5839","보국문로32나길","일반도로","국지도로","소로3류","폭6-8m","2026-03-01 11:18:05.655"
"5840","보국문로34길","일반도로","국지도로","소로","6m미만","2026-03-01 11:18:05.655"
"5841","보국문로35가길","일반도로","국지도로","소로","6m미만","2026-03-01 11:18:05.66"
"5842","보국문로35길","일반도로","국지도로","소로","6m미만","2026-03-01 11:18:05.66"
"5843","보국문로36길","일반도로","국지도로","소로","6m미만","2026-03-01 11:18:05.66"
"5844","보국문로37길","일반도로","국지도로","소로3류","폭6-8m","2026-03-01 11:18:05.66"
"5845","보국문로38길","일반도로","국지도로","소로","6m미만","2026-03-01 11:18:05.66"
"5846","보국문로40길","일반도로","국지도로","소로","6m미만","2026-03-01 11:18:05.66"
"5847","보국문로4길","일반도로","국지도로","소로","6m미만","2026-03-01 11:18:05.66"
"5848","보국문로6길","일반도로","국지도로","소로","6m미만","2026-03-01 11:18:05.66"
"5849","보국문로8가길","일반도로","국지도로","소로","6m미만","2026-03-01 11:18:05.66"
"5850","보국문로8길","일반도로","국지도로","소로","6m미만","2026-03-01 11:18:05.66"
"5851","보국문로8나길","일반도로","국지도로","소로","6m미만","2026-03-01 11:18:05.666"
"5852","보국문로8다길","일반도로","국지도로","소로","6m미만","2026-03-01 11:18:05.666"
"5853","보라매로","일반도로","국지도로","소로","6m미만","2026-03-01 11:18:05.666"
"5854","보라매로11길","일반도로","국지도로","소로","6m미만","2026-03-01 11:18:05.666"
"5855","보라매로13길","일반도로","국지도로","소로","6m미만","2026-03-01 11:18:05.666"
"5856","보라매로15길","일반도로","국지도로","소로","6m미만","2026-03-01 11:18:05.666"
"5857","보라매로17길","일반도로","국지도로","소로","6m미만","2026-03-01 11:18:05.666"
"5858","보라매로19길","일반도로","국지도로","소로","6m미만","2026-03-01 11:18:05.666"
"5859","보라매로2길","일반도로","국지도로","소로","6m미만","2026-03-01 11:18:05.666"
"5860","보라매로3길","일반도로","국지도로","소로2류","폭8-10m","2026-03-01 11:18:05.666"
"5861","보라매로5가길","일반도로","국지도로","중로1류","폭20-25m","2026-03-01 11:18:05.671"
"5862","보라매로5길","일반도로","국지도로","대로3류","폭25-30m","2026-03-01 11:18:05.671"
"5863","보라매로6길","일반도로","국지도로","소로","6m미만","2026-03-01 11:18:05.671"
"5864","보라매로7가길","일반도로","국지도로","소로","6m미만","2026-03-01 11:18:05.671"
"5865","보라매로7길","일반도로","국지도로","소로","6m미만","2026-03-01 11:18:05.671"
"5866","보라매로9가길","일반도로","국지도로","소로","6m미만","2026-03-01 11:18:05.671"
"5867","보라매로9길","일반도로","국지도로","소로","6m미만","2026-03-01 11:18:05.671"
"5868","보라매로9나길","일반도로","국지도로","소로","6m미만","2026-03-01 11:18:05.671"
"5869","보라매로9다길","일반도로","국지도로","소로","6m미만","2026-03-01 11:18:05.671"
"5870","보라매로9라길","일반도로","국지도로","소로","6m미만","2026-03-01 11:18:05.671"
"5871","보문로","일반도로","국지도로","소로","6m미만","2026-03-01 11:18:05.676"
"5872","보문로13가길","일반도로","국지도로","소로3류","폭6-8m","2026-03-01 11:18:05.676"
"5873","보문로13길","일반도로","국지도로","소로","6m미만","2026-03-01 11:18:05.676"
"5874","보문로13나길","일반도로","국지도로","소로","6m미만","2026-03-01 11:18:05.676"
"5875","보문로13다길","일반도로","국지도로","소로","6m미만","2026-03-01 11:18:05.676"
"5876","보문로13라길","일반도로","국지도로","소로","6m미만","2026-03-01 11:18:05.676"
"5877","보문로13마길","일반도로","국지도로","소로","6m미만","2026-03-01 11:18:05.676"
"5878","보문로13바길","일반도로","국지도로","소로","6m미만","2026-03-01 11:18:05.676"
"5879","보문로14길","일반도로","국지도로","소로3류","폭6-8m","2026-03-01 11:18:05.676"
"5880","보문로15길","일반도로","국지도로","소로3류","폭6-8m","2026-03-01 11:18:05.676"
"5881","보문로17길","일반도로","국지도로","소로","6m미만","2026-03-01 11:18:05.681"
"5882","보문로18길","일반도로","국지도로","소로3류","폭6-8m","2026-03-01 11:18:05.681"
"5883","보문로19길","일반도로","국지도로","소로","6m미만","2026-03-01 11:18:05.681"
"5884","보문로1길","일반도로","국지도로","소로","6m미만","2026-03-01 11:18:05.681"
"5885","보문로21가길","일반도로","국지도로","소로1류","폭10-12m","2026-03-01 11:18:05.681"
"5886","보문로21길","일반도로","국지도로","소로","6m미만","2026-03-01 11:18:05.681"
"5887","보문로22길","일반도로","국지도로","소로2류","폭8-10m","2026-03-01 11:18:05.681"
"5888","보문로23길","일반도로","국지도로","소로3류","폭6-8m","2026-03-01 11:18:05.681"
"5889","보문로25길","일반도로","국지도로","소로3류","폭6-8m","2026-03-01 11:18:05.681"
"5890","보문로26길","일반도로","국지도로","소로","6m미만","2026-03-01 11:18:05.681"
"5891","보문로27길","일반도로","국지도로","소로","6m미만","2026-03-01 11:18:05.686"
"5892","보문로28길","일반도로","국지도로","소로","6m미만","2026-03-01 11:18:05.686"
"5893","보문로29가길","일반도로","국지도로","소로","6m미만","2026-03-01 11:18:05.686"
"5894","보문로29길","일반도로","국지도로","소로","6m미만","2026-03-01 11:18:05.686"
"5895","보문로29나길","일반도로","국지도로","소로","6m미만","2026-03-01 11:18:05.686"
"5896","보문로29다길","일반도로","국지도로","소로2류","폭8-10m","2026-03-01 11:18:05.686"
"5897","보문로30가길","일반도로","국지도로","소로","6m미만","2026-03-01 11:18:05.686"
"5898","보문로30길","일반도로","국지도로","소로3류","폭6-8m","2026-03-01 11:18:05.686"
"5899","보문로30나길","일반도로","국지도로","소로3류","폭6-8m","2026-03-01 11:18:05.686"
"5900","보문로30다길","일반도로","국지도로","소로","6m미만","2026-03-01 11:18:05.686"
"5901","보문로30라길","일반도로","국지도로","소로","6m미만","2026-03-01 11:18:05.691"
"5902","보문로31길","일반도로","국지도로","소로","6m미만","2026-03-01 11:18:05.692"
"5903","보문로32길","일반도로","국지도로","소로","6m미만","2026-03-01 11:18:05.692"
"5904","보문로34가길","일반도로","국지도로","소로1류","폭10-12m","2026-03-01 11:18:05.692"
"5905","보문로34길","일반도로","국지도로","소로3류","폭6-8m","2026-03-01 11:18:05.692"
"5906","보문로34나길","일반도로","국지도로","소로3류","폭6-8m","2026-03-01 11:18:05.692"
"5907","보문로34다길","일반도로","국지도로","소로","6m미만","2026-03-01 11:18:05.692"
"5908","보문로35길","일반도로","국지도로","소로3류","폭6-8m","2026-03-01 11:18:05.692"
"5909","보문로36길","일반도로","국지도로","소로3류","폭6-8m","2026-03-01 11:18:05.692"
"5910","보문로37길","일반도로","국지도로","소로","6m미만","2026-03-01 11:18:05.692"
"5911","보문로38길","일반도로","국지도로","소로3류","폭6-8m","2026-03-01 11:18:05.697"
"5912","보문로39길","일반도로","국지도로","소로3류","폭6-8m","2026-03-01 11:18:05.697"
"5913","보문로3길","일반도로","국지도로","소로","6m미만","2026-03-01 11:18:05.697"
"5914","보문로40길","일반도로","국지도로","소로2류","폭8-10m","2026-03-01 11:18:05.697"
"5915","보문로5길","일반도로","국지도로","소로","6m미만","2026-03-01 11:18:05.697"
"5916","보문로7길","일반도로","국지도로","소로","6m미만","2026-03-01 11:18:05.697"
"5917","보문로9길","일반도로","국지도로","소로","6m미만","2026-03-01 11:18:05.697"
"5918","보문사길","일반도로","국지도로","소로2류","폭8-10m","2026-03-01 11:18:05.697"
"5919","복은10길","일반도로","국지도로","소로","6m미만","2026-03-01 11:18:05.697"
"5920","복은12길","일반도로","국지도로","소로","6m미만","2026-03-01 11:18:05.697"
"5921","복은14길","일반도로","국지도로","소로","6m미만","2026-03-01 11:18:05.702"
"5922","복은2길","일반도로","국지도로","소로","6m미만","2026-03-01 11:18:05.702"
"5923","복은4길","일반도로","국지도로","소로","6m미만","2026-03-01 11:18:05.702"
"5924","복은6길","일반도로","국지도로","소로","6m미만","2026-03-01 11:18:05.702"
"5925","복은7길","일반도로","국지도로","소로","6m미만","2026-03-01 11:18:05.703"
"5926","복은8길","일반도로","국지도로","소로","6m미만","2026-03-01 11:18:05.703"
"5927","복은길","일반도로","국지도로","소로","6m미만","2026-03-01 11:18:05.703"
"5928","본마을1길","일반도로","국지도로","소로","6m미만","2026-03-01 11:18:05.703"
"5929","본마을2길","일반도로","국지도로","소로","6m미만","2026-03-01 11:18:05.703"
"5930","본마을3길","일반도로","국지도로","소로","6m미만","2026-03-01 11:18:05.703"
"5931","본마을4길","일반도로","국지도로","소로3류","폭6-8m","2026-03-01 11:18:05.707"
"5932","본마을길","일반도로","국지도로","소로3류","폭6-8m","2026-03-01 11:18:05.707"
"5933","봉래~관훈선","일반도로","보조간선도로","광로3류","폭40-50m","2026-03-01 11:18:05.707"
"5934","봉래~세종로선","일반도로","주간선도로","광로3류","폭40-50m","2026-03-01 11:18:05.707"
"5935","봉우재로","일반도로","국지도로","소로","6m미만","2026-03-01 11:18:05.707"
"5936","봉우재로12길","일반도로","국지도로","소로","6m미만","2026-03-01 11:18:05.707"
"5937","봉우재로13길","일반도로","국지도로","소로","6m미만","2026-03-01 11:18:05.707"
"5938","봉우재로14길","일반도로","국지도로","소로","6m미만","2026-03-01 11:18:05.708"
"5939","봉우재로16길","일반도로","국지도로","소로","6m미만","2026-03-01 11:18:05.708"
"5940","봉우재로19길","일반도로","국지도로","소로","6m미만","2026-03-01 11:18:05.708"
"5941","봉우재로1길","일반도로","국지도로","소로","6m미만","2026-03-01 11:18:05.715"
"5942","봉우재로20가길","일반도로","국지도로","소로","6m미만","2026-03-01 11:18:05.715"
"5943","봉우재로20길","일반도로","국지도로","소로","6m미만","2026-03-01 11:18:05.715"
"5944","봉우재로22길","일반도로","국지도로","소로3류","폭6-8m","2026-03-01 11:18:05.715"
"5945","봉우재로25길","일반도로","국지도로","소로","6m미만","2026-03-01 11:18:05.715"
"5946","봉우재로26길","일반도로","국지도로","소로","6m미만","2026-03-01 11:18:05.715"
"5947","봉우재로28길","일반도로","국지도로","소로","6m미만","2026-03-01 11:18:05.715"
"5948","봉우재로2길","일반도로","국지도로","소로","6m미만","2026-03-01 11:18:05.715"
"5949","봉우재로32길","일반도로","국지도로","소로","6m미만","2026-03-01 11:18:05.715"
"5950","봉우재로33길","일반도로","국지도로","소로","6m미만","2026-03-01 11:18:05.715"
"5951","봉우재로36길","일반도로","국지도로","소로","6m미만","2026-03-01 11:18:05.722"
"5952","봉우재로37가길","일반도로","국지도로","소로","6m미만","2026-03-01 11:18:05.722"
"5953","봉우재로37길","일반도로","국지도로","소로","6m미만","2026-03-01 11:18:05.722"
"5954","봉우재로40길","일반도로","국지도로","소로3류","폭6-8m","2026-03-01 11:18:05.722"
"5955","봉우재로41길","일반도로","국지도로","소로","6m미만","2026-03-01 11:18:05.722"
"5956","봉우재로43길","일반도로","국지도로","소로","6m미만","2026-03-01 11:18:05.722"
"5957","봉우재로48길","일반도로","국지도로","소로","6m미만","2026-03-01 11:18:05.722"
"5958","봉우재로49길","일반도로","국지도로","소로","6m미만","2026-03-01 11:18:05.722"
"5959","봉우재로51길","일반도로","국지도로","소로","6m미만","2026-03-01 11:18:05.722"
"5960","봉우재로53길","일반도로","국지도로","소로","6m미만","2026-03-01 11:18:05.722"
"5961","봉우재로54길","일반도로","국지도로","소로","6m미만","2026-03-01 11:18:05.727"
"5962","봉우재로55길","일반도로","국지도로","소로","6m미만","2026-03-01 11:18:05.727"
"5963","봉우재로57가길","일반도로","국지도로","소로","6m미만","2026-03-01 11:18:05.727"
"5964","봉우재로57길","일반도로","국지도로","소로","6m미만","2026-03-01 11:18:05.727"
"5965","봉우재로58길","일반도로","국지도로","소로","6m미만","2026-03-01 11:18:05.727"
"5966","봉우재로59길","일반도로","국지도로","소로","6m미만","2026-03-01 11:18:05.727"
"5967","봉우재로5길","일반도로","국지도로","소로3류","폭6-8m","2026-03-01 11:18:05.727"
"5968","봉우재로63길","일반도로","국지도로","소로","6m미만","2026-03-01 11:18:05.727"
"5969","봉우재로64길","일반도로","국지도로","소로","6m미만","2026-03-01 11:18:05.727"
"5970","봉우재로65가길","일반도로","국지도로","소로","6m미만","2026-03-01 11:18:05.727"
"5971","봉우재로65길","일반도로","국지도로","소로","6m미만","2026-03-01 11:18:05.732"
"5972","봉우재로69길","일반도로","국지도로","소로","6m미만","2026-03-01 11:18:05.732"
"5973","봉우재로6길","일반도로","국지도로","소로1류","폭10-12m","2026-03-01 11:18:05.732"
"5974","봉우재로70길","일반도로","국지도로","소로","6m미만","2026-03-01 11:18:05.732"
"5975","봉우재로71길","일반도로","국지도로","소로","6m미만","2026-03-01 11:18:05.732"
"5976","봉우제선","일반도로","보조간선도로","대로3류","폭25-30m","2026-03-01 11:18:05.732"
"5977","봉원사2길","일반도로","국지도로","소로","6m미만","2026-03-01 11:18:05.732"
"5978","봉원사길","일반도로","국지도로","소로","6m미만","2026-03-01 11:18:05.732"
"5979","봉은사로","일반도로","국지도로","중로2류","폭15-20m","2026-03-01 11:18:05.732"
"5980","봉은사로103길","일반도로","국지도로","소로1류","폭10-12m","2026-03-01 11:18:05.732"
"5981","봉은사로104길","일반도로","국지도로","소로3류","폭6-8m","2026-03-01 11:18:05.737"
"5982","봉은사로105길","일반도로","국지도로","소로3류","폭6-8m","2026-03-01 11:18:05.737"
"5983","봉은사로108길","일반도로","국지도로","소로","6m미만","2026-03-01 11:18:05.737"
"5984","봉은사로109길","일반도로","국지도로","소로","6m미만","2026-03-01 11:18:05.737"
"5985","봉은사로10길","일반도로","국지도로","소로1류","폭10-12m","2026-03-01 11:18:05.737"
"5986","봉은사로111길","일반도로","국지도로","소로3류","폭6-8m","2026-03-01 11:18:05.737"
"5987","봉은사로112길","일반도로","국지도로","소로","6m미만","2026-03-01 11:18:05.737"
"5988","봉은사로113길","일반도로","국지도로","중로1류","폭20-25m","2026-03-01 11:18:05.737"
"5989","봉은사로114길","일반도로","국지도로","소로1류","폭10-12m","2026-03-01 11:18:05.737"
"5990","봉은사로11길","일반도로","국지도로","소로","6m미만","2026-03-01 11:18:05.737"
"5991","봉은사로13길","일반도로","국지도로","소로","6m미만","2026-03-01 11:18:05.744"
"5992","봉은사로16길","일반도로","국지도로","소로3류","폭6-8m","2026-03-01 11:18:05.744"
"5993","봉은사로18길","일반도로","국지도로","소로","6m미만","2026-03-01 11:18:05.744"
"5994","봉은사로1길","일반도로","국지도로","소로3류","폭6-8m","2026-03-01 11:18:05.744"
"5995","봉은사로20길","일반도로","국지도로","소로","6m미만","2026-03-01 11:18:05.744"
"5996","봉은사로21길","일반도로","국지도로","소로","6m미만","2026-03-01 11:18:05.744"
"5997","봉은사로22길","일반도로","국지도로","소로","6m미만","2026-03-01 11:18:05.744"
"5998","봉은사로24길","일반도로","국지도로","소로","6m미만","2026-03-01 11:18:05.744"
"5999","봉은사로25길","일반도로","국지도로","소로","6m미만","2026-03-01 11:18:05.744"
"6000","봉은사로26길","일반도로","국지도로","소로","6m미만","2026-03-01 11:18:05.744"
"6001","봉은사로29길","일반도로","국지도로","소로","6m미만","2026-03-01 11:18:05.754"
"6002","봉은사로2길","일반도로","국지도로","소로3류","폭6-8m","2026-03-01 11:18:05.754"
"6003","봉은사로30길","일반도로","국지도로","소로3류","폭6-8m","2026-03-01 11:18:05.754"
"6004","봉은사로33길","일반도로","국지도로","소로","6m미만","2026-03-01 11:18:05.754"
"6005","봉은사로34길","일반도로","국지도로","소로3류","폭6-8m","2026-03-01 11:18:05.754"
"6006","봉은사로37길","일반도로","국지도로","소로3류","폭6-8m","2026-03-01 11:18:05.754"
"6007","봉은사로38길","일반도로","국지도로","소로","6m미만","2026-03-01 11:18:05.754"
"6008","봉은사로43길","일반도로","국지도로","소로3류","폭6-8m","2026-03-01 11:18:05.754"
"6009","봉은사로44길","일반도로","국지도로","소로3류","폭6-8m","2026-03-01 11:18:05.754"
"6010","봉은사로47길","일반도로","국지도로","소로","6m미만","2026-03-01 11:18:05.754"
"6011","봉은사로48길","일반도로","국지도로","소로","6m미만","2026-03-01 11:18:05.763"
"6012","봉은사로49길","일반도로","국지도로","소로","6m미만","2026-03-01 11:18:05.763"
"6013","봉은사로4길","일반도로","국지도로","소로","6m미만","2026-03-01 11:18:05.763"
"6014","봉은사로50길","일반도로","국지도로","소로3류","폭6-8m","2026-03-01 11:18:05.763"
"6015","봉은사로51길","일반도로","국지도로","소로","6m미만","2026-03-01 11:18:05.763"
"6016","봉은사로52길","일반도로","국지도로","소로","6m미만","2026-03-01 11:18:05.763"
"6017","봉은사로54길","일반도로","국지도로","소로","6m미만","2026-03-01 11:18:05.763"
"6018","봉은사로55길","일반도로","국지도로","소로","6m미만","2026-03-01 11:18:05.763"
"6019","봉은사로57길","일반도로","국지도로","소로","6m미만","2026-03-01 11:18:05.763"
"6020","봉은사로58길","일반도로","국지도로","소로2류","폭8-10m","2026-03-01 11:18:05.763"
"6021","봉은사로59길","일반도로","국지도로","소로","6m미만","2026-03-01 11:18:05.771"
"6022","봉은사로5길","일반도로","국지도로","소로","6m미만","2026-03-01 11:18:05.771"
"6023","봉은사로61길","일반도로","국지도로","소로","6m미만","2026-03-01 11:18:05.771"
"6024","봉은사로63길","일반도로","국지도로","소로","6m미만","2026-03-01 11:18:05.771"
"6025","봉은사로64길","일반도로","국지도로","소로","6m미만","2026-03-01 11:18:05.771"
"6026","봉은사로67길","일반도로","국지도로","소로","6m미만","2026-03-01 11:18:05.771"
"6027","봉은사로68길","일반도로","국지도로","소로","6m미만","2026-03-01 11:18:05.771"
"6028","봉은사로69길","일반도로","국지도로","소로","6m미만","2026-03-01 11:18:05.771"
"6029","봉은사로6길","일반도로","국지도로","소로3류","폭6-8m","2026-03-01 11:18:05.771"
"6030","봉은사로70길","일반도로","국지도로","소로","6m미만","2026-03-01 11:18:05.771"
"6031","봉은사로71길","일반도로","국지도로","소로3류","폭6-8m","2026-03-01 11:18:05.776"
"6032","봉은사로72길","일반도로","국지도로","소로","6m미만","2026-03-01 11:18:05.776"
"6033","봉은사로73길","일반도로","국지도로","소로","6m미만","2026-03-01 11:18:05.776"
"6034","봉은사로74길","일반도로","국지도로","소로","6m미만","2026-03-01 11:18:05.776"
"6035","봉은사로78길","일반도로","국지도로","소로3류","폭6-8m","2026-03-01 11:18:05.776"
"6036","봉은사로7길","일반도로","국지도로","소로2류","폭8-10m","2026-03-01 11:18:05.776"
"6037","봉은사로81길","일반도로","국지도로","소로3류","폭6-8m","2026-03-01 11:18:05.776"
"6038","봉은사로82길","일반도로","국지도로","소로","6m미만","2026-03-01 11:18:05.776"
"6039","봉은사로84길","일반도로","국지도로","소로","6m미만","2026-03-01 11:18:05.776"
"6040","봉은사로86길","일반도로","국지도로","대로2류","폭30-35m","2026-03-01 11:18:05.776"
"6041","봉은사로97길","일반도로","국지도로","소로3류","폭6-8m","2026-03-01 11:18:05.781"
"6042","봉은사로99길","일반도로","국지도로","소로","6m미만","2026-03-01 11:18:05.781"
"6043","봉작길","일반도로","국지도로","소로3류","폭6-8m","2026-03-01 11:18:05.781"
"6044","봉천~상도선","일반도로","보조간선도로","중로1류","폭20-25m","2026-03-01 11:18:05.781"
"6045","봉천로","일반도로","국지도로","소로","6m미만","2026-03-01 11:18:05.781"
"6046","봉천로12길","일반도로","국지도로","소로","6m미만","2026-03-01 11:18:05.781"
"6047","봉천로13가길","일반도로","국지도로","소로","6m미만","2026-03-01 11:18:05.781"
"6048","봉천로13길","일반도로","국지도로","소로","6m미만","2026-03-01 11:18:05.781"
"6049","봉천로13나길","일반도로","국지도로","소로","6m미만","2026-03-01 11:18:05.781"
"6050","봉천로13다길","일반도로","국지도로","소로","6m미만","2026-03-01 11:18:05.781"
"6051","봉천로14길","일반도로","국지도로","소로","6m미만","2026-03-01 11:18:05.786"
"6052","봉천로15길","일반도로","국지도로","소로","6m미만","2026-03-01 11:18:05.786"
"6053","봉천로17가길","일반도로","국지도로","소로","6m미만","2026-03-01 11:18:05.786"
"6054","봉천로17길","일반도로","국지도로","소로","6m미만","2026-03-01 11:18:05.786"
"6055","봉천로18길","일반도로","국지도로","소로","6m미만","2026-03-01 11:18:05.786"
"6056","봉천로19길","일반도로","국지도로","소로","6m미만","2026-03-01 11:18:05.786"
"6057","봉천로20길","일반도로","국지도로","소로","6m미만","2026-03-01 11:18:05.786"
"6058","봉천로21가길","일반도로","국지도로","소로","6m미만","2026-03-01 11:18:05.786"
"6059","봉천로21길","일반도로","국지도로","소로","6m미만","2026-03-01 11:18:05.786"
"6060","봉천로21나길","일반도로","국지도로","소로","6m미만","2026-03-01 11:18:05.786"
"6061","봉천로21다길","일반도로","국지도로","소로3류","폭6-8m","2026-03-01 11:18:05.79"
"6062","봉천로21라길","일반도로","국지도로","소로","6m미만","2026-03-01 11:18:05.79"
"6063","봉천로23가길","일반도로","국지도로","소로","6m미만","2026-03-01 11:18:05.79"
"6064","봉천로23길","일반도로","국지도로","소로","6m미만","2026-03-01 11:18:05.79"
"6065","봉천로23나길","일반도로","국지도로","소로","6m미만","2026-03-01 11:18:05.79"
"6066","봉천로23다길","일반도로","국지도로","소로","6m미만","2026-03-01 11:18:05.79"
"6067","봉천로23라길","일반도로","국지도로","소로","6m미만","2026-03-01 11:18:05.79"
"6068","봉천로23마길","일반도로","국지도로","소로","6m미만","2026-03-01 11:18:05.79"
"6069","봉천로23바길","일반도로","국지도로","소로","6m미만","2026-03-01 11:18:05.79"
"6070","봉천로25길","일반도로","국지도로","소로","6m미만","2026-03-01 11:18:05.79"
"6071","봉천로27길","일반도로","국지도로","소로","6m미만","2026-03-01 11:18:05.795"
"6072","봉천로29길","일반도로","국지도로","소로","6m미만","2026-03-01 11:18:05.795"
"6073","봉천로2길","일반도로","국지도로","소로3류","폭6-8m","2026-03-01 11:18:05.795"
"6074","봉천로30길","일반도로","국지도로","소로","6m미만","2026-03-01 11:18:05.795"
"6075","봉천로31길","일반도로","국지도로","소로","6m미만","2026-03-01 11:18:05.795"
"6076","봉천로33가길","일반도로","국지도로","소로","6m미만","2026-03-01 11:18:05.795"
"6077","봉천로33길","일반도로","국지도로","소로","6m미만","2026-03-01 11:18:05.795"
"6078","봉천로33나길","일반도로","국지도로","소로","6m미만","2026-03-01 11:18:05.795"
"6079","봉천로35길","일반도로","국지도로","소로","6m미만","2026-03-01 11:18:05.795"
"6080","봉천로41길","일반도로","국지도로","소로1류","폭10-12m","2026-03-01 11:18:05.795"
"6081","봉천로43길","일반도로","국지도로","소로","6m미만","2026-03-01 11:18:05.8"
"6082","봉천로45길","일반도로","국지도로","소로","6m미만","2026-03-01 11:18:05.8"
"6083","봉천로47길","일반도로","국지도로","소로","6m미만","2026-03-01 11:18:05.8"
"6084","봉천로49가길","일반도로","국지도로","소로","6m미만","2026-03-01 11:18:05.8"
"6085","봉천로49길","일반도로","국지도로","소로","6m미만","2026-03-01 11:18:05.8"
"6086","봉천로49나길","일반도로","국지도로","소로3류","폭6-8m","2026-03-01 11:18:05.8"
"6087","봉천로49다길","일반도로","국지도로","소로","6m미만","2026-03-01 11:18:05.8"
"6088","봉천로4길","일반도로","국지도로","소로","6m미만","2026-03-01 11:18:05.8"
"6089","봉천로53길","일반도로","국지도로","소로","6m미만","2026-03-01 11:18:05.8"
"6090","봉천로55길","일반도로","국지도로","소로","6m미만","2026-03-01 11:18:05.8"
"6091","봉천로58길","일반도로","국지도로","소로","6m미만","2026-03-01 11:18:05.805"
"6092","봉천로5길","일반도로","국지도로","중로1류","폭20-25m","2026-03-01 11:18:05.805"
"6093","봉천로62길","일반도로","국지도로","중로1류","폭20-25m","2026-03-01 11:18:05.805"
"6094","봉천로6길","일반도로","국지도로","소로3류","폭6-8m","2026-03-01 11:18:05.805"
"6095","봉천로7길","일반도로","국지도로","소로","6m미만","2026-03-01 11:18:05.805"
"6096","봉천로8길","일반도로","국지도로","소로","6m미만","2026-03-01 11:18:05.805"
"6097","봉화산로","일반도로","국지도로","소로","6m미만","2026-03-01 11:18:05.805"
"6098","봉화산로10길","일반도로","국지도로","소로","6m미만","2026-03-01 11:18:05.805"
"6099","봉화산로15길","일반도로","국지도로","소로","6m미만","2026-03-01 11:18:05.805"
"6100","봉화산로16길","일반도로","국지도로","소로","6m미만","2026-03-01 11:18:05.805"
"6101","봉화산로19길","일반도로","국지도로","소로","6m미만","2026-03-01 11:18:05.81"
"6102","봉화산로20길","일반도로","국지도로","소로","6m미만","2026-03-01 11:18:05.81"
"6103","봉화산로21길","일반도로","국지도로","소로","6m미만","2026-03-01 11:18:05.81"
"6104","봉화산로22길","일반도로","국지도로","소로","6m미만","2026-03-01 11:18:05.81"
"6105","봉화산로24길","일반도로","국지도로","소로","6m미만","2026-03-01 11:18:05.81"
"6106","봉화산로26가길","일반도로","국지도로","소로","6m미만","2026-03-01 11:18:05.81"
"6107","봉화산로26길","일반도로","국지도로","소로","6m미만","2026-03-01 11:18:05.81"
"6108","봉화산로27가길","일반도로","국지도로","소로","6m미만","2026-03-01 11:18:05.81"
"6109","봉화산로27길","일반도로","국지도로","소로","6m미만","2026-03-01 11:18:05.81"
"6110","봉화산로27나길","일반도로","국지도로","소로3류","폭6-8m","2026-03-01 11:18:05.81"
"6111","봉화산로27다길","일반도로","국지도로","소로","6m미만","2026-03-01 11:18:05.815"
"6112","봉화산로2길","일반도로","국지도로","소로","6m미만","2026-03-01 11:18:05.815"
"6113","봉화산로30길","일반도로","국지도로","소로","6m미만","2026-03-01 11:18:05.815"
"6114","봉화산로31길","일반도로","국지도로","소로","6m미만","2026-03-01 11:18:05.815"
"6115","봉화산로33길","일반도로","국지도로","소로","6m미만","2026-03-01 11:18:05.815"
"6116","봉화산로35길","일반도로","국지도로","소로","6m미만","2026-03-01 11:18:05.815"
"6117","봉화산로38길","일반도로","국지도로","소로","6m미만","2026-03-01 11:18:05.816"
"6118","봉화산로3길","일반도로","국지도로","소로","6m미만","2026-03-01 11:18:05.816"
"6119","봉화산로41길","일반도로","국지도로","소로","6m미만","2026-03-01 11:18:05.816"
"6120","봉화산로42길","일반도로","국지도로","소로","6m미만","2026-03-01 11:18:05.816"
"6121","봉화산로43길","일반도로","국지도로","소로1류","폭10-12m","2026-03-01 11:18:05.82"
"6122","봉화산로44길","일반도로","국지도로","소로","6m미만","2026-03-01 11:18:05.82"
"6123","봉화산로45길","일반도로","국지도로","소로3류","폭6-8m","2026-03-01 11:18:05.82"
"6124","봉화산로47길","일반도로","국지도로","중로1류","폭20-25m","2026-03-01 11:18:05.82"
"6125","봉화산로48길","일반도로","국지도로","소로1류","폭10-12m","2026-03-01 11:18:05.82"
"6126","봉화산로4길","일반도로","국지도로","소로","6m미만","2026-03-01 11:18:05.82"
"6127","봉화산로50길","일반도로","국지도로","소로3류","폭6-8m","2026-03-01 11:18:05.82"
"6128","봉화산로52길","일반도로","국지도로","소로","6m미만","2026-03-01 11:18:05.82"
"6129","봉화산로53길","일반도로","국지도로","소로3류","폭6-8m","2026-03-01 11:18:05.82"
"6130","봉화산로54가길","일반도로","국지도로","소로","6m미만","2026-03-01 11:18:05.821"
"6131","봉화산로54길","일반도로","국지도로","소로","6m미만","2026-03-01 11:18:05.826"
"6132","봉화산로56길","일반도로","국지도로","소로2류","폭8-10m","2026-03-01 11:18:05.826"
"6133","봉화산로57길","일반도로","국지도로","소로","6m미만","2026-03-01 11:18:05.826"
"6134","봉화산로58길","일반도로","국지도로","소로3류","폭6-8m","2026-03-01 11:18:05.826"
"6135","봉화산로59가길","일반도로","국지도로","소로3류","폭6-8m","2026-03-01 11:18:05.826"
"6136","봉화산로59길","일반도로","국지도로","소로3류","폭6-8m","2026-03-01 11:18:05.826"
"6137","봉화산로59나길","일반도로","국지도로","소로3류","폭6-8m","2026-03-01 11:18:05.826"
"6138","봉화산로6길","일반도로","국지도로","소로","6m미만","2026-03-01 11:18:05.826"
"6139","봉화산로8길","일반도로","국지도로","소로","6m미만","2026-03-01 11:18:05.826"
"6140","부광로","일반도로","국지도로","중로1류","폭20-25m","2026-03-01 11:18:05.826"
"6141","부일로","일반도로","국지도로","소로1류","폭10-12m","2026-03-01 11:18:05.831"
"6142","부일로11길","일반도로","국지도로","소로","6m미만","2026-03-01 11:18:05.831"
"6143","부일로13길","일반도로","국지도로","소로","6m미만","2026-03-01 11:18:05.831"
"6144","부일로15가길","일반도로","국지도로","소로","6m미만","2026-03-01 11:18:05.831"
"6145","부일로15길","일반도로","국지도로","소로2류","폭8-10m","2026-03-01 11:18:05.831"
"6146","부일로15나길","일반도로","국지도로","소로","6m미만","2026-03-01 11:18:05.831"
"6147","부일로17길","일반도로","국지도로","소로","6m미만","2026-03-01 11:18:05.831"
"6148","부일로19길","일반도로","국지도로","소로","6m미만","2026-03-01 11:18:05.831"
"6149","부일로1가길","일반도로","국지도로","소로","6m미만","2026-03-01 11:18:05.831"
"6150","부일로1길","일반도로","국지도로","소로","6m미만","2026-03-01 11:18:05.831"
"6151","부일로1나길","일반도로","국지도로","소로3류","폭6-8m","2026-03-01 11:18:05.836"
"6152","부일로1다길","일반도로","국지도로","소로","6m미만","2026-03-01 11:18:05.836"
"6153","부일로5길","일반도로","국지도로","소로","6m미만","2026-03-01 11:18:05.836"
"6154","부일로7길","일반도로","국지도로","소로2류","폭8-10m","2026-03-01 11:18:05.836"
"6155","부일로815번길","일반도로","국지도로","소로3류","폭6-8m","2026-03-01 11:18:05.836"
"6156","부일로9길","일반도로","국지도로","소로2류","폭8-10m","2026-03-01 11:18:05.836"
"6157","북가좌~역촌선","일반도로","보조간선도로","중로1류","폭20-25m","2026-03-01 11:18:05.836"
"6158","북부간선","자동차전용도로","도시고속도로","중로2류","폭15-20m","2026-03-01 11:18:05.836"
"6159","북아현로","일반도로","국지도로","소로","6m미만","2026-03-01 11:18:05.836"
"6160","북아현로10길","일반도로","국지도로","소로","6m미만","2026-03-01 11:18:05.836"
"6161","북아현로11가길","일반도로","국지도로","소로3류","폭6-8m","2026-03-01 11:18:05.841"
"6162","북아현로11길","일반도로","국지도로","중로2류","폭15-20m","2026-03-01 11:18:05.841"
"6163","북아현로12길","일반도로","국지도로","소로","6m미만","2026-03-01 11:18:05.841"
"6164","북아현로14가길","일반도로","국지도로","소로","6m미만","2026-03-01 11:18:05.841"
"6165","북아현로14길","일반도로","국지도로","소로","6m미만","2026-03-01 11:18:05.841"
"6166","북아현로14나길","일반도로","국지도로","소로","6m미만","2026-03-01 11:18:05.841"
"6167","북아현로16길","일반도로","국지도로","소로","6m미만","2026-03-01 11:18:05.841"
"6168","북아현로18길","일반도로","국지도로","소로","6m미만","2026-03-01 11:18:05.841"
"6169","북아현로19길","일반도로","국지도로","중로2류","폭15-20m","2026-03-01 11:18:05.841"
"6170","북아현로1가길","일반도로","국지도로","중로1류","폭20-25m","2026-03-01 11:18:05.841"
"6171","북아현로1길","일반도로","국지도로","대로3류","폭25-30m","2026-03-01 11:18:05.846"
"6172","북아현로1나길","일반도로","국지도로","소로3류","폭6-8m","2026-03-01 11:18:05.846"
"6173","북아현로20길","일반도로","국지도로","소로","6m미만","2026-03-01 11:18:05.846"
"6174","북아현로22가길","일반도로","국지도로","소로","6m미만","2026-03-01 11:18:05.846"
"6175","북아현로22길","일반도로","국지도로","소로","6m미만","2026-03-01 11:18:05.846"
"6176","북아현로22나길","일반도로","국지도로","소로","6m미만","2026-03-01 11:18:05.846"
"6177","북아현로22다길","일반도로","국지도로","소로","6m미만","2026-03-01 11:18:05.846"
"6178","북아현로22라길","일반도로","국지도로","소로","6m미만","2026-03-01 11:18:05.846"
"6179","북아현로22마길","일반도로","국지도로","소로","6m미만","2026-03-01 11:18:05.846"
"6180","북아현로23길","일반도로","국지도로","소로","6m미만","2026-03-01 11:18:05.846"
"6181","북아현로24길","일반도로","국지도로","소로","6m미만","2026-03-01 11:18:05.851"
"6182","북아현로25길","일반도로","국지도로","소로2류","폭8-10m","2026-03-01 11:18:05.851"
"6183","북아현로26길","일반도로","국지도로","소로","6m미만","2026-03-01 11:18:05.851"
"6184","북아현로2길","일반도로","국지도로","소로","6m미만","2026-03-01 11:18:05.851"
"6185","북아현로2안길","일반도로","국지도로","소로","6m미만","2026-03-01 11:18:05.851"
"6186","북아현로4가길","일반도로","국지도로","소로","6m미만","2026-03-01 11:18:05.851"
"6187","북아현로4길","일반도로","국지도로","소로","6m미만","2026-03-01 11:18:05.851"
"6188","북아현로4나길","일반도로","국지도로","소로","6m미만","2026-03-01 11:18:05.851"
"6189","북아현로4다길","일반도로","국지도로","소로","6m미만","2026-03-01 11:18:05.851"
"6190","북아현로4라길","일반도로","국지도로","소로","6m미만","2026-03-01 11:18:05.851"
"6191","북아현로4마길","일반도로","국지도로","소로","6m미만","2026-03-01 11:18:05.856"
"6192","북아현로4바길","일반도로","국지도로","소로","6m미만","2026-03-01 11:18:05.856"
"6193","북아현로4사길","일반도로","국지도로","소로","6m미만","2026-03-01 11:18:05.856"
"6194","북아현로4아길","일반도로","국지도로","소로","6m미만","2026-03-01 11:18:05.856"
"6195","북아현로4자길","일반도로","국지도로","소로","6m미만","2026-03-01 11:18:05.856"
"6196","북아현로4차길","일반도로","국지도로","소로","6m미만","2026-03-01 11:18:05.856"
"6197","북아현로6길","일반도로","국지도로","소로","6m미만","2026-03-01 11:18:05.856"
"6198","북악산로","일반도로","국지도로","소로","6m미만","2026-03-01 11:18:05.856"
"6199","북악산로15길","일반도로","국지도로","소로","6m미만","2026-03-01 11:18:05.856"
"6200","북악산로17길","일반도로","국지도로","소로","6m미만","2026-03-01 11:18:05.856"
"6201","북악산로1가길","일반도로","국지도로","소로","6m미만","2026-03-01 11:18:05.861"
"6202","북악산로1길","일반도로","국지도로","소로3류","폭6-8m","2026-03-01 11:18:05.861"
"6203","북악산로1나길","일반도로","국지도로","소로","6m미만","2026-03-01 11:18:05.861"
"6204","북악산로1다길","일반도로","국지도로","소로3류","폭6-8m","2026-03-01 11:18:05.861"
"6205","북악산로1라길","일반도로","국지도로","소로","6m미만","2026-03-01 11:18:05.861"
"6206","북악산로22길","일반도로","국지도로","소로","6m미만","2026-03-01 11:18:05.861"
"6207","북악산로27길","일반도로","국지도로","소로3류","폭6-8m","2026-03-01 11:18:05.861"
"6208","북악산로29길","일반도로","국지도로","소로2류","폭8-10m","2026-03-01 11:18:05.861"
"6209","북악산로31길","일반도로","국지도로","소로","6m미만","2026-03-01 11:18:05.861"
"6210","북악산로3길","일반도로","국지도로","소로","6m미만","2026-03-01 11:18:05.861"
"6211","북악산로5길","일반도로","국지도로","소로","6m미만","2026-03-01 11:18:05.87"
"6212","북촌로","일반도로","국지도로","소로","6m미만","2026-03-01 11:18:05.87"
"6213","북촌로11가길","일반도로","국지도로","소로","6m미만","2026-03-01 11:18:05.87"
"6214","북촌로11길","일반도로","국지도로","소로","6m미만","2026-03-01 11:18:05.87"
"6215","북촌로11나길","일반도로","국지도로","소로","6m미만","2026-03-01 11:18:05.87"
"6216","북촌로11다길","일반도로","국지도로","소로","6m미만","2026-03-01 11:18:05.87"
"6217","북촌로11라길","일반도로","국지도로","소로","6m미만","2026-03-01 11:18:05.87"
"6218","북촌로12길","일반도로","국지도로","소로","6m미만","2026-03-01 11:18:05.87"
"6219","북촌로15길","일반도로","국지도로","소로","6m미만","2026-03-01 11:18:05.87"
"6220","북촌로1길","일반도로","국지도로","소로","6m미만","2026-03-01 11:18:05.87"
"6221","북촌로2길","일반도로","국지도로","소로","6m미만","2026-03-01 11:18:05.875"
"6222","북촌로4길","일반도로","국지도로","소로","6m미만","2026-03-01 11:18:05.875"
"6223","북촌로5가길","일반도로","국지도로","소로","6m미만","2026-03-01 11:18:05.875"
"6224","북촌로5길","일반도로","국지도로","소로","6m미만","2026-03-01 11:18:05.875"
"6225","북촌로5나길","일반도로","국지도로","소로","6m미만","2026-03-01 11:18:05.875"
"6226","북촌로6길","일반도로","국지도로","소로","6m미만","2026-03-01 11:18:05.875"
"6227","북촌로7길","일반도로","국지도로","소로","6m미만","2026-03-01 11:18:05.875"
"6228","북촌로8길","일반도로","국지도로","소로","6m미만","2026-03-01 11:18:05.875"
"6229","북촌로9길","일반도로","국지도로","소로","6m미만","2026-03-01 11:18:05.875"
"6230","북한산로","일반도로","국지도로","소로","6m미만","2026-03-01 11:18:05.875"
"6231","분당내곡로","일반도로","국지도로","소로","6m미만","2026-03-01 11:18:05.88"
"6232","불광로","일반도로","국지도로","소로3류","폭6-8m","2026-03-01 11:18:05.88"
"6233","불광로10길","일반도로","국지도로","소로3류","폭6-8m","2026-03-01 11:18:05.88"
"6234","불광로11길","일반도로","국지도로","소로","6m미만","2026-03-01 11:18:05.88"
"6235","불광로13가길","일반도로","국지도로","소로","6m미만","2026-03-01 11:18:05.88"
"6236","불광로13길","일반도로","국지도로","소로","6m미만","2026-03-01 11:18:05.88"
"6237","불광로14길","일반도로","국지도로","소로","6m미만","2026-03-01 11:18:05.88"
"6238","불광로16길","일반도로","국지도로","소로","6m미만","2026-03-01 11:18:05.88"
"6239","불광로18가길","일반도로","국지도로","소로","6m미만","2026-03-01 11:18:05.88"
"6240","불광로18길","일반도로","국지도로","소로","6m미만","2026-03-01 11:18:05.88"
"6241","불광로1길","일반도로","국지도로","소로","6m미만","2026-03-01 11:18:05.885"
"6242","불광로20길","일반도로","국지도로","소로","6m미만","2026-03-01 11:18:05.885"
"6243","불광로22길","일반도로","국지도로","소로","6m미만","2026-03-01 11:18:05.885"
"6244","불광로2길","일반도로","국지도로","소로3류","폭6-8m","2026-03-01 11:18:05.885"
"6245","불광로3길","일반도로","국지도로","소로","6m미만","2026-03-01 11:18:05.885"
"6246","불광로5가길","일반도로","국지도로","소로","6m미만","2026-03-01 11:18:05.885"
"6247","불광로5길","일반도로","국지도로","소로","6m미만","2026-03-01 11:18:05.885"
"6248","불광로6길","일반도로","국지도로","소로","6m미만","2026-03-01 11:18:05.885"
"6249","불광로8길","일반도로","국지도로","소로","6m미만","2026-03-01 11:18:05.885"
"6250","불광로9길","일반도로","국지도로","소로","6m미만","2026-03-01 11:18:05.885"
"6251","불광천길","일반도로","국지도로","소로","6m미만","2026-03-01 11:18:05.89"
"6252","비봉1길","일반도로","국지도로","소로","6m미만","2026-03-01 11:18:05.89"
"6253","비봉2길","일반도로","국지도로","소로","6m미만","2026-03-01 11:18:05.89"
"6254","비봉4길","일반도로","국지도로","소로","6m미만","2026-03-01 11:18:05.89"
"6255","비봉5길","일반도로","국지도로","소로","6m미만","2026-03-01 11:18:05.89"
"6256","비봉길","일반도로","국지도로","소로3류","폭6-8m","2026-03-01 11:18:05.89"
"6257","사가정로","일반도로","국지도로","소로","6m미만","2026-03-01 11:18:05.89"
"6258","사가정로12길","일반도로","국지도로","소로","6m미만","2026-03-01 11:18:05.89"
"6259","사가정로13가길","일반도로","국지도로","소로","6m미만","2026-03-01 11:18:05.89"
"6260","사가정로13길","일반도로","국지도로","소로","6m미만","2026-03-01 11:18:05.89"
"6261","사가정로15길","일반도로","국지도로","소로","6m미만","2026-03-01 11:18:05.896"
"6262","사가정로17길","일반도로","국지도로","중로1류","폭20-25m","2026-03-01 11:18:05.896"
"6263","사가정로20길","일반도로","국지도로","소로","6m미만","2026-03-01 11:18:05.896"
"6264","사가정로21가길","일반도로","국지도로","소로","6m미만","2026-03-01 11:18:05.896"
"6265","사가정로21길","일반도로","국지도로","소로","6m미만","2026-03-01 11:18:05.896"
"6266","사가정로23가길","일반도로","국지도로","소로","6m미만","2026-03-01 11:18:05.896"
"6267","사가정로23길","일반도로","국지도로","소로3류","폭6-8m","2026-03-01 11:18:05.896"
"6268","사가정로23나길","일반도로","국지도로","소로3류","폭6-8m","2026-03-01 11:18:05.896"
"6269","사가정로25가길","일반도로","국지도로","소로3류","폭6-8m","2026-03-01 11:18:05.896"
"6270","사가정로25길","일반도로","국지도로","소로2류","폭8-10m","2026-03-01 11:18:05.896"
"6271","사가정로27길","일반도로","국지도로","소로","6m미만","2026-03-01 11:18:05.901"
"6272","사가정로2길","일반도로","국지도로","소로","6m미만","2026-03-01 11:18:05.901"
"6273","사가정로31길","일반도로","국지도로","소로","6m미만","2026-03-01 11:18:05.901"
"6274","사가정로37길","일반도로","국지도로","소로","6m미만","2026-03-01 11:18:05.901"
"6275","사가정로39길","일반도로","국지도로","소로","6m미만","2026-03-01 11:18:05.901"
"6276","사가정로41길","일반도로","국지도로","소로3류","폭6-8m","2026-03-01 11:18:05.901"
"6277","사가정로42길","일반도로","국지도로","소로2류","폭8-10m","2026-03-01 11:18:05.901"
"6278","사가정로43길","일반도로","국지도로","소로","6m미만","2026-03-01 11:18:05.901"
"6279","사가정로45길","일반도로","국지도로","소로","6m미만","2026-03-01 11:18:05.901"
"6280","사가정로46가길","일반도로","국지도로","소로","6m미만","2026-03-01 11:18:05.901"
"6281","사가정로46길","일반도로","국지도로","소로","6m미만","2026-03-01 11:18:05.906"
"6282","사가정로46나길","일반도로","국지도로","소로","6m미만","2026-03-01 11:18:05.906"
"6283","사가정로49길","일반도로","국지도로","소로3류","폭6-8m","2026-03-01 11:18:05.906"
"6284","사가정로4길","일반도로","국지도로","중로1류","폭20-25m","2026-03-01 11:18:05.906"
"6285","사가정로50길","일반도로","국지도로","소로","6m미만","2026-03-01 11:18:05.906"
"6286","사가정로51길","일반도로","국지도로","소로3류","폭6-8m","2026-03-01 11:18:05.906"
"6287","사가정로52길","일반도로","국지도로","소로","6m미만","2026-03-01 11:18:05.906"
"6288","사가정로53길","일반도로","국지도로","소로","6m미만","2026-03-01 11:18:05.906"
"6289","사가정로54길","일반도로","국지도로","소로","6m미만","2026-03-01 11:18:05.906"
"6290","사가정로5길","일반도로","국지도로","소로","6m미만","2026-03-01 11:18:05.906"
"6291","사가정로60길","일반도로","국지도로","소로","6m미만","2026-03-01 11:18:05.911"
"6292","사가정로62길","일반도로","국지도로","소로","6m미만","2026-03-01 11:18:05.911"
"6293","사가정로64가길","일반도로","국지도로","소로","6m미만","2026-03-01 11:18:05.911"
"6294","사가정로64길","일반도로","국지도로","소로","6m미만","2026-03-01 11:18:05.911"
"6295","사가정로71길","일반도로","국지도로","소로2류","폭8-10m","2026-03-01 11:18:05.911"
"6296","사가정로72길","일반도로","국지도로","중로2류","폭15-20m","2026-03-01 11:18:05.911"
"6297","사가정로8길","일반도로","국지도로","소로","6m미만","2026-03-01 11:18:05.911"
"6298","사가정로9길","일반도로","국지도로","소로3류","폭6-8m","2026-03-01 11:18:05.911"
"6299","사근동10가길","일반도로","국지도로","소로","6m미만","2026-03-01 11:18:05.911"
"6300","사근동10길","일반도로","국지도로","소로","6m미만","2026-03-01 11:18:05.911"
"6301","사근동11가길","일반도로","국지도로","소로","6m미만","2026-03-01 11:18:05.916"
"6302","사근동11길","일반도로","국지도로","소로","6m미만","2026-03-01 11:18:05.916"
"6303","사근동11나길","일반도로","국지도로","소로","6m미만","2026-03-01 11:18:05.916"
"6304","사근동11다길","일반도로","국지도로","소로","6m미만","2026-03-01 11:18:05.916"
"6305","사근동12길","일반도로","국지도로","소로","6m미만","2026-03-01 11:18:05.916"
"6306","사근동2길","일반도로","국지도로","소로","6m미만","2026-03-01 11:18:05.916"
"6307","사근동4길","일반도로","국지도로","소로","6m미만","2026-03-01 11:18:05.916"
"6308","사근동5길","일반도로","국지도로","소로","6m미만","2026-03-01 11:18:05.916"
"6309","사근동7길","일반도로","국지도로","소로","6m미만","2026-03-01 11:18:05.916"
"6310","사근동8가길","일반도로","국지도로","소로","6m미만","2026-03-01 11:18:05.916"
"6311","사근동8길","일반도로","국지도로","소로","6m미만","2026-03-01 11:18:05.921"
"6312","사근동8나길","일반도로","국지도로","소로","6m미만","2026-03-01 11:18:05.921"
"6313","사근동9가길","일반도로","국지도로","소로","6m미만","2026-03-01 11:18:05.921"
"6314","사근동9길","일반도로","국지도로","소로","6m미만","2026-03-01 11:18:05.921"
"6315","사근동길","일반도로","국지도로","소로","6m미만","2026-03-01 11:18:05.921"
"6316","사당~서빙고선","일반도로","주간선도로","광로3류","폭40-50m","2026-03-01 11:18:05.921"
"6317","사당~암사선","일반도로","주간선도로","광로2류","폭50-70m","2026-03-01 11:18:05.921"
"6318","사당고가도로","일반도로","국지도로","확인","불가","2026-03-01 11:18:05.921"
"6319","사당로","일반도로","국지도로","소로","6m미만","2026-03-01 11:18:05.921"
"6320","사당로10가길","일반도로","국지도로","소로","6m미만","2026-03-01 11:18:05.921"
"6321","사당로10길","일반도로","국지도로","소로","6m미만","2026-03-01 11:18:05.926"
"6322","사당로12길","일반도로","국지도로","소로","6m미만","2026-03-01 11:18:05.926"
"6323","사당로13길","일반도로","국지도로","소로","6m미만","2026-03-01 11:18:05.926"
"6324","사당로14가길","일반도로","국지도로","소로3류","폭6-8m","2026-03-01 11:18:05.926"
"6325","사당로14길","일반도로","국지도로","소로","6m미만","2026-03-01 11:18:05.926"
"6326","사당로14나길","일반도로","국지도로","소로","6m미만","2026-03-01 11:18:05.926"
"6327","사당로14다길","일반도로","국지도로","소로","6m미만","2026-03-01 11:18:05.926"
"6328","사당로16가길","일반도로","국지도로","소로","6m미만","2026-03-01 11:18:05.926"
"6329","사당로16길","일반도로","국지도로","소로","6m미만","2026-03-01 11:18:05.926"
"6330","사당로16나길","일반도로","국지도로","소로","6m미만","2026-03-01 11:18:05.927"
"6331","사당로16다길","일반도로","국지도로","소로","6m미만","2026-03-01 11:18:05.931"
"6332","사당로16라길","일반도로","국지도로","소로","6m미만","2026-03-01 11:18:05.931"
"6333","사당로16마길","일반도로","국지도로","소로","6m미만","2026-03-01 11:18:05.931"
"6334","사당로16바길","일반도로","국지도로","소로","6m미만","2026-03-01 11:18:05.931"
"6335","사당로16사길","일반도로","국지도로","소로","6m미만","2026-03-01 11:18:05.931"
"6336","사당로16아길","일반도로","국지도로","소로","6m미만","2026-03-01 11:18:05.932"
"6337","사당로16자길","일반도로","국지도로","소로","6m미만","2026-03-01 11:18:05.932"
"6338","사당로17가길","일반도로","국지도로","소로","6m미만","2026-03-01 11:18:05.932"
"6339","사당로17길","일반도로","국지도로","소로2류","폭8-10m","2026-03-01 11:18:05.932"
"6340","사당로17나길","일반도로","국지도로","소로","6m미만","2026-03-01 11:18:05.932"
"6341","사당로17다길","일반도로","국지도로","소로","6m미만","2026-03-01 11:18:05.937"
"6342","사당로17라길","일반도로","국지도로","소로","6m미만","2026-03-01 11:18:05.937"
"6343","사당로18길","일반도로","국지도로","소로","6m미만","2026-03-01 11:18:05.937"
"6344","사당로20가길","일반도로","국지도로","소로","6m미만","2026-03-01 11:18:05.937"
"6345","사당로20길","일반도로","국지도로","소로","6m미만","2026-03-01 11:18:05.937"
"6346","사당로20나길","일반도로","국지도로","소로","6m미만","2026-03-01 11:18:05.937"
"6347","사당로20다길","일반도로","국지도로","소로","6m미만","2026-03-01 11:18:05.937"
"6348","사당로20라길","일반도로","국지도로","소로","6m미만","2026-03-01 11:18:05.937"
"6349","사당로20마길","일반도로","국지도로","소로3류","폭6-8m","2026-03-01 11:18:05.937"
"6350","사당로20바길","일반도로","국지도로","소로","6m미만","2026-03-01 11:18:05.937"
"6351","사당로20사길","일반도로","국지도로","소로3류","폭6-8m","2026-03-01 11:18:05.942"
"6352","사당로20아길","일반도로","국지도로","소로","6m미만","2026-03-01 11:18:05.942"
"6353","사당로22가길","일반도로","국지도로","소로","6m미만","2026-03-01 11:18:05.942"
"6354","사당로22길","일반도로","국지도로","소로","6m미만","2026-03-01 11:18:05.942"
"6355","사당로22나길","일반도로","국지도로","소로3류","폭6-8m","2026-03-01 11:18:05.942"
"6356","사당로23가길","일반도로","국지도로","소로","6m미만","2026-03-01 11:18:05.942"
"6357","사당로23길","일반도로","국지도로","소로","6m미만","2026-03-01 11:18:05.942"
"6358","사당로23나길","일반도로","국지도로","소로2류","폭8-10m","2026-03-01 11:18:05.942"
"6359","사당로23바길","일반도로","국지도로","소로2류","폭8-10m","2026-03-01 11:18:05.942"
"6360","사당로23사길","일반도로","국지도로","소로","6m미만","2026-03-01 11:18:05.942"
"6361","사당로23아길","일반도로","국지도로","소로","6m미만","2026-03-01 11:18:05.947"
"6362","사당로24가길","일반도로","국지도로","소로","6m미만","2026-03-01 11:18:05.947"
"6363","사당로24길","일반도로","국지도로","소로","6m미만","2026-03-01 11:18:05.947"
"6364","사당로25가길","일반도로","국지도로","소로","6m미만","2026-03-01 11:18:05.947"
"6365","사당로25길","일반도로","국지도로","소로","6m미만","2026-03-01 11:18:05.947"
"6366","사당로26가길","일반도로","국지도로","소로","6m미만","2026-03-01 11:18:05.947"
"6367","사당로26길","일반도로","국지도로","소로","6m미만","2026-03-01 11:18:05.947"
"6368","사당로27가길","일반도로","국지도로","소로","6m미만","2026-03-01 11:18:05.947"
"6369","사당로27길","일반도로","국지도로","소로","6m미만","2026-03-01 11:18:05.947"
"6370","사당로28가길","일반도로","국지도로","소로","6m미만","2026-03-01 11:18:05.947"
"6371","사당로28길","일반도로","국지도로","소로","6m미만","2026-03-01 11:18:05.952"
"6372","사당로29가길","일반도로","국지도로","소로","6m미만","2026-03-01 11:18:05.952"
"6373","사당로29길","일반도로","국지도로","소로","6m미만","2026-03-01 11:18:05.952"
"6374","사당로29나길","일반도로","국지도로","소로","6m미만","2026-03-01 11:18:05.952"
"6375","사당로29다길","일반도로","국지도로","소로","6m미만","2026-03-01 11:18:05.952"
"6376","사당로29라길","일반도로","국지도로","소로","6m미만","2026-03-01 11:18:05.952"
"6377","사당로2가길","일반도로","국지도로","소로3류","폭6-8m","2026-03-01 11:18:05.952"
"6378","사당로2길","일반도로","국지도로","소로3류","폭6-8m","2026-03-01 11:18:05.952"
"6379","사당로2다길","일반도로","국지도로","소로3류","폭6-8m","2026-03-01 11:18:05.952"
"6380","사당로2라길","일반도로","국지도로","소로3류","폭6-8m","2026-03-01 11:18:05.952"
"6381","사당로2마길","일반도로","국지도로","소로","6m미만","2026-03-01 11:18:05.957"
"6382","사당로2사길","일반도로","국지도로","소로","6m미만","2026-03-01 11:18:05.957"
"6383","사당로2아길","일반도로","국지도로","소로","6m미만","2026-03-01 11:18:05.957"
"6384","사당로2자길","일반도로","국지도로","소로3류","폭6-8m","2026-03-01 11:18:05.957"
"6385","사당로2차길","일반도로","국지도로","소로","6m미만","2026-03-01 11:18:05.957"
"6386","사당로30길","일반도로","국지도로","소로","6m미만","2026-03-01 11:18:05.957"
"6387","사당로4길","일반도로","국지도로","소로","6m미만","2026-03-01 11:18:05.957"
"6388","사당로6길","일반도로","국지도로","소로","6m미만","2026-03-01 11:18:05.957"
"6389","사당로8가길","일반도로","국지도로","소로","6m미만","2026-03-01 11:18:05.957"
"6390","사당로8길","일반도로","국지도로","소로","6m미만","2026-03-01 11:18:05.957"
"6391","사당로8나길","일반도로","국지도로","소로","6m미만","2026-03-01 11:18:05.962"
"6392","사당로9가길","일반도로","국지도로","소로","6m미만","2026-03-01 11:18:05.962"
"6393","사당로9길","일반도로","국지도로","소로","6m미만","2026-03-01 11:18:05.962"
"6394","사당로9나길","일반도로","국지도로","소로3류","폭6-8m","2026-03-01 11:18:05.962"
"6395","사당로9다길","일반도로","국지도로","소로","6m미만","2026-03-01 11:18:05.962"
"6396","사당로9라길","일반도로","국지도로","소로","6m미만","2026-03-01 11:18:05.962"
"6397","사임당로","일반도로","국지도로","소로","6m미만","2026-03-01 11:18:05.962"
"6398","사임당로10길","일반도로","국지도로","소로2류","폭8-10m","2026-03-01 11:18:05.962"
"6399","사임당로12길","일반도로","국지도로","소로","6m미만","2026-03-01 11:18:05.962"
"6400","사임당로14길","일반도로","국지도로","소로3류","폭6-8m","2026-03-01 11:18:05.962"
"6401","사임당로16길","일반도로","국지도로","소로","6m미만","2026-03-01 11:18:05.967"
"6402","사임당로17길","일반도로","국지도로","소로3류","폭6-8m","2026-03-01 11:18:05.967"
"6403","사임당로18길","일반도로","국지도로","소로","6m미만","2026-03-01 11:18:05.967"
"6404","사임당로19길","일반도로","국지도로","소로3류","폭6-8m","2026-03-01 11:18:05.967"
"6405","사임당로1길","일반도로","국지도로","소로","6m미만","2026-03-01 11:18:05.967"
"6406","사임당로20길","일반도로","국지도로","소로","6m미만","2026-03-01 11:18:05.967"
"6407","사임당로23길","일반도로","국지도로","소로3류","폭6-8m","2026-03-01 11:18:05.967"
"6408","사임당로8길","일반도로","국지도로","소로3류","폭6-8m","2026-03-01 11:18:05.967"
"6409","사직~종암선","일반도로","보조간선도로","소로1류","폭10-12m","2026-03-01 11:18:05.967"
"6410","사직로","일반도로","국지도로","소로","6m미만","2026-03-01 11:18:05.967"
"6411","사직로10길","일반도로","국지도로","소로","6m미만","2026-03-01 11:18:05.972"
"6412","사직로12길","일반도로","국지도로","소로","6m미만","2026-03-01 11:18:05.972"
"6413","사직로1가길","일반도로","국지도로","소로3류","폭6-8m","2026-03-01 11:18:05.972"
"6414","사직로1길","일반도로","국지도로","소로","6m미만","2026-03-01 11:18:05.972"
"6415","사직로1나길","일반도로","국지도로","소로","6m미만","2026-03-01 11:18:05.972"
"6416","사직로1다길","일반도로","국지도로","소로","6m미만","2026-03-01 11:18:05.972"
"6417","사직로1라길","일반도로","국지도로","소로","6m미만","2026-03-01 11:18:05.972"
"6418","사직로1마길","일반도로","국지도로","소로","6m미만","2026-03-01 11:18:05.972"
"6419","사직로2길","일반도로","국지도로","소로","6m미만","2026-03-01 11:18:05.972"
"6420","사직로5길","일반도로","국지도로","소로","6m미만","2026-03-01 11:18:05.972"
"6421","사직로6길","일반도로","국지도로","소로","6m미만","2026-03-01 11:18:05.977"
"6422","사직로7길","일반도로","국지도로","소로","6m미만","2026-03-01 11:18:05.977"
"6423","사직로8길","일반도로","국지도로","중로2류","폭15-20m","2026-03-01 11:18:05.977"
"6424","사직로9가길","일반도로","국지도로","소로","6m미만","2026-03-01 11:18:05.977"
"6425","사직로9길","일반도로","국지도로","소로3류","폭6-8m","2026-03-01 11:18:05.977"
"6426","사평대로","일반도로","국지도로","소로3류","폭6-8m","2026-03-01 11:18:05.977"
"6427","사평대로10길","일반도로","국지도로","소로","6m미만","2026-03-01 11:18:05.977"
"6428","사평대로12길","일반도로","국지도로","소로","6m미만","2026-03-01 11:18:05.977"
"6429","사평대로14길","일반도로","국지도로","소로","6m미만","2026-03-01 11:18:05.977"
"6430","사평대로16길","일반도로","국지도로","소로","6m미만","2026-03-01 11:18:05.977"
"6431","사평대로18길","일반도로","국지도로","소로","6m미만","2026-03-01 11:18:05.982"
"6432","사평대로20길","일반도로","국지도로","소로","6m미만","2026-03-01 11:18:05.982"
"6433","사평대로22길","일반도로","국지도로","소로","6m미만","2026-03-01 11:18:05.982"
"6434","사평대로26길","일반도로","국지도로","소로","6m미만","2026-03-01 11:18:05.982"
"6435","사평대로28길","일반도로","국지도로","소로","6m미만","2026-03-01 11:18:05.982"
"6436","사평대로2길","일반도로","국지도로","소로3류","폭6-8m","2026-03-01 11:18:05.982"
"6437","사평대로45길","일반도로","국지도로","중로1류","폭20-25m","2026-03-01 11:18:05.982"
"6438","사평대로52길","일반도로","국지도로","소로","6m미만","2026-03-01 11:18:05.982"
"6439","사평대로53길","일반도로","국지도로","소로","6m미만","2026-03-01 11:18:05.982"
"6440","사평대로55길","일반도로","국지도로","소로","6m미만","2026-03-01 11:18:05.982"
"6441","사평대로56길","일반도로","국지도로","소로3류","폭6-8m","2026-03-01 11:18:05.987"
"6442","사평대로57길","일반도로","국지도로","소로","6m미만","2026-03-01 11:18:05.987"
"6443","사평대로58길","일반도로","국지도로","소로","6m미만","2026-03-01 11:18:05.987"
"6444","사평대로6길","일반도로","국지도로","소로3류","폭6-8m","2026-03-01 11:18:05.987"
"6445","사평대로8길","일반도로","국지도로","소로","6m미만","2026-03-01 11:18:05.987"
"6446","살곶이2가길","일반도로","국지도로","소로","6m미만","2026-03-01 11:18:05.987"
"6447","살곶이2길","일반도로","국지도로","소로","6m미만","2026-03-01 11:18:05.987"
"6448","살곶이2나길","일반도로","국지도로","소로","6m미만","2026-03-01 11:18:05.987"
"6449","살곶이4길","일반도로","국지도로","소로","6m미만","2026-03-01 11:18:05.987"
"6450","살곶이6길","일반도로","국지도로","소로","6m미만","2026-03-01 11:18:05.987"
"6451","살곶이8길","일반도로","국지도로","소로","6m미만","2026-03-01 11:18:05.991"
"6452","살곶이길","일반도로","국지도로","소로3류","폭6-8m","2026-03-01 11:18:05.991"
"6453","삼각산로","일반도로","국지도로","소로","6m미만","2026-03-01 11:18:05.991"
"6454","삼각산로17길","일반도로","국지도로","소로","6m미만","2026-03-01 11:18:05.991"
"6455","삼각산로18길","일반도로","국지도로","소로","6m미만","2026-03-01 11:18:05.991"
"6456","삼각산로20길","일반도로","국지도로","소로","6m미만","2026-03-01 11:18:05.991"
"6457","삼각산로22길","일반도로","국지도로","소로","6m미만","2026-03-01 11:18:05.991"
"6458","삼각산로24길","일반도로","국지도로","소로","6m미만","2026-03-01 11:18:05.991"
"6459","삼각산로28길","일반도로","국지도로","소로","6m미만","2026-03-01 11:18:05.991"
"6460","삼각산로30길","일반도로","국지도로","소로","6m미만","2026-03-01 11:18:05.991"
"6461","삼각산로31길","일반도로","국지도로","소로","6m미만","2026-03-01 11:18:05.996"
"6462","삼각산로33길","일반도로","국지도로","소로","6m미만","2026-03-01 11:18:05.996"
"6463","삼각산로34길","일반도로","국지도로","소로","6m미만","2026-03-01 11:18:05.996"
"6464","삼각산로36길","일반도로","국지도로","소로","6m미만","2026-03-01 11:18:05.996"
"6465","삼각산로4가길","일반도로","국지도로","소로","6m미만","2026-03-01 11:18:05.996"
"6466","삼각산로4길","일반도로","국지도로","소로","6m미만","2026-03-01 11:18:05.996"
"6467","삼각산로4나길","일반도로","국지도로","소로","6m미만","2026-03-01 11:18:05.996"
"6468","삼개로","일반도로","국지도로","소로2류","폭8-10m","2026-03-01 11:18:05.996"
"6469","삼개로1길","일반도로","국지도로","소로","6m미만","2026-03-01 11:18:05.996"
"6470","삼개로3길","일반도로","국지도로","소로","6m미만","2026-03-01 11:18:05.996"
"6471","삼개로5길","일반도로","국지도로","소로","6m미만","2026-03-01 11:18:06.002"
"6472","삼개로5안길","일반도로","국지도로","소로","6m미만","2026-03-01 11:18:06.002"
"6473","삼봉로","일반도로","국지도로","중로1류","폭20-25m","2026-03-01 11:18:06.002"
"6474","삼선교로","일반도로","국지도로","소로","6m미만","2026-03-01 11:18:06.002"
"6475","삼선교로10가길","일반도로","국지도로","소로","6m미만","2026-03-01 11:18:06.002"
"6476","삼선교로10길","일반도로","국지도로","소로3류","폭6-8m","2026-03-01 11:18:06.002"
"6477","삼선교로10나길","일반도로","국지도로","소로","6m미만","2026-03-01 11:18:06.002"
"6478","삼선교로10다길","일반도로","국지도로","소로","6m미만","2026-03-01 11:18:06.002"
"6479","삼선교로10마길","일반도로","국지도로","소로","6m미만","2026-03-01 11:18:06.002"
"6480","삼선교로10바길","일반도로","국지도로","소로","6m미만","2026-03-01 11:18:06.002"
"6481","삼선교로11길","일반도로","국지도로","소로3류","폭6-8m","2026-03-01 11:18:06.006"
"6482","삼선교로12길","일반도로","국지도로","소로","6m미만","2026-03-01 11:18:06.006"
"6483","삼선교로14길","일반도로","국지도로","소로","6m미만","2026-03-01 11:18:06.006"
"6484","삼선교로16가길","일반도로","국지도로","소로2류","폭8-10m","2026-03-01 11:18:06.006"
"6485","삼선교로16길","일반도로","국지도로","소로3류","폭6-8m","2026-03-01 11:18:06.006"
"6486","삼선교로16나길","일반도로","국지도로","소로","6m미만","2026-03-01 11:18:06.006"
"6487","삼선교로18가길","일반도로","국지도로","소로","6m미만","2026-03-01 11:18:06.006"
"6488","삼선교로18길","일반도로","국지도로","소로2류","폭8-10m","2026-03-01 11:18:06.006"
"6489","삼선교로18나길","일반도로","국지도로","소로","6m미만","2026-03-01 11:18:06.006"
"6490","삼선교로20길","일반도로","국지도로","소로3류","폭6-8m","2026-03-01 11:18:06.006"
"6491","삼선교로22길","일반도로","국지도로","소로","6m미만","2026-03-01 11:18:06.011"
"6492","삼선교로23가길","일반도로","국지도로","소로3류","폭6-8m","2026-03-01 11:18:06.011"
"6493","삼선교로23길","일반도로","국지도로","소로3류","폭6-8m","2026-03-01 11:18:06.011"
"6494","삼선교로24길","일반도로","국지도로","소로3류","폭6-8m","2026-03-01 11:18:06.011"
"6495","삼선교로2가길","일반도로","국지도로","소로","6m미만","2026-03-01 11:18:06.011"
"6496","삼선교로2길","일반도로","국지도로","소로","6m미만","2026-03-01 11:18:06.011"
"6497","삼선교로4가길","일반도로","국지도로","소로","6m미만","2026-03-01 11:18:06.011"
"6498","삼선교로4길","일반도로","국지도로","소로","6m미만","2026-03-01 11:18:06.011"
"6499","삼선교로4나길","일반도로","국지도로","소로","6m미만","2026-03-01 11:18:06.011"
"6500","삼선교로4다길","일반도로","국지도로","소로","6m미만","2026-03-01 11:18:06.011"
"6501","삼선교로4라길","일반도로","국지도로","소로","6m미만","2026-03-01 11:18:06.016"
"6502","삼선교로4마길","일반도로","국지도로","소로","6m미만","2026-03-01 11:18:06.016"
"6503","삼선교로6길","일반도로","국지도로","소로","6m미만","2026-03-01 11:18:06.016"
"6504","삼선교로8길","일반도로","국지도로","소로","6m미만","2026-03-01 11:18:06.016"
"6505","삼성로","일반도로","국지도로","소로","6m미만","2026-03-01 11:18:06.016"
"6506","삼성로100길","일반도로","국지도로","소로","6m미만","2026-03-01 11:18:06.016"
"6507","삼성로103길","일반도로","국지도로","소로","6m미만","2026-03-01 11:18:06.016"
"6508","삼성로104길","일반도로","국지도로","소로","6m미만","2026-03-01 11:18:06.016"
"6509","삼성로107길","일반도로","국지도로","소로","6m미만","2026-03-01 11:18:06.016"
"6510","삼성로108길","일반도로","국지도로","소로3류","폭6-8m","2026-03-01 11:18:06.016"
"6511","삼성로111길","일반도로","국지도로","중로2류","폭15-20m","2026-03-01 11:18:06.021"
"6512","삼성로112길","일반도로","국지도로","소로3류","폭6-8m","2026-03-01 11:18:06.021"
"6513","삼성로115길","일반도로","국지도로","소로","6m미만","2026-03-01 11:18:06.021"
"6514","삼성로116길","일반도로","국지도로","소로3류","폭6-8m","2026-03-01 11:18:06.021"
"6515","삼성로118길","일반도로","국지도로","소로","6m미만","2026-03-01 11:18:06.021"
"6516","삼성로119길","일반도로","국지도로","소로3류","폭6-8m","2026-03-01 11:18:06.021"
"6517","삼성로120길","일반도로","국지도로","소로","6m미만","2026-03-01 11:18:06.021"
"6518","삼성로122길","일반도로","국지도로","소로","6m미만","2026-03-01 11:18:06.021"
"6519","삼성로126길","일반도로","국지도로","중로2류","폭15-20m","2026-03-01 11:18:06.021"
"6520","삼성로133길","일반도로","국지도로","소로1류","폭10-12m","2026-03-01 11:18:06.021"
"6521","삼성로134길","일반도로","국지도로","소로1류","폭10-12m","2026-03-01 11:18:06.026"
"6522","삼성로135길","일반도로","국지도로","소로3류","폭6-8m","2026-03-01 11:18:06.026"
"6523","삼성로140길","일반도로","국지도로","소로3류","폭6-8m","2026-03-01 11:18:06.026"
"6524","삼성로141길","일반도로","국지도로","소로3류","폭6-8m","2026-03-01 11:18:06.026"
"6525","삼성로144길","일반도로","국지도로","소로","6m미만","2026-03-01 11:18:06.026"
"6526","삼성로145길","일반도로","국지도로","소로","6m미만","2026-03-01 11:18:06.026"
"6527","삼성로146길","일반도로","국지도로","소로","6m미만","2026-03-01 11:18:06.026"
"6528","삼성로147길","일반도로","국지도로","소로","6m미만","2026-03-01 11:18:06.026"
"6529","삼성로148길","일반도로","국지도로","소로3류","폭6-8m","2026-03-01 11:18:06.026"
"6530","삼성로149길","일반도로","국지도로","소로3류","폭6-8m","2026-03-01 11:18:06.026"
"6531","삼성로3길","일반도로","국지도로","대로3류","폭25-30m","2026-03-01 11:18:06.031"
"6532","삼성로4길","일반도로","국지도로","중로1류","폭20-25m","2026-03-01 11:18:06.031"
"6533","삼성로51길","일반도로","국지도로","소로3류","폭6-8m","2026-03-01 11:18:06.031"
"6534","삼성로57길","일반도로","국지도로","소로3류","폭6-8m","2026-03-01 11:18:06.031"
"6535","삼성로58길","일반도로","국지도로","소로3류","폭6-8m","2026-03-01 11:18:06.031"
"6536","삼성로61길","일반도로","국지도로","소로","6m미만","2026-03-01 11:18:06.031"
"6537","삼성로62길","일반도로","국지도로","소로","6m미만","2026-03-01 11:18:06.031"
"6538","삼성로63길","일반도로","국지도로","소로","6m미만","2026-03-01 11:18:06.031"
"6539","삼성로64길","일반도로","국지도로","소로2류","폭8-10m","2026-03-01 11:18:06.031"
"6540","삼성로67길","일반도로","국지도로","소로3류","폭6-8m","2026-03-01 11:18:06.031"
"6541","삼성로68길","일반도로","국지도로","소로2류","폭8-10m","2026-03-01 11:18:06.035"
"6542","삼성로69길","일반도로","국지도로","소로","6m미만","2026-03-01 11:18:06.035"
"6543","삼성로70길","일반도로","국지도로","소로","6m미만","2026-03-01 11:18:06.035"
"6544","삼성로71길","일반도로","국지도로","소로","6m미만","2026-03-01 11:18:06.035"
"6545","삼성로72길","일반도로","국지도로","소로","6m미만","2026-03-01 11:18:06.035"
"6546","삼성로75길","일반도로","국지도로","소로3류","폭6-8m","2026-03-01 11:18:06.035"
"6547","삼성로76길","일반도로","국지도로","소로","6m미만","2026-03-01 11:18:06.035"
"6548","삼성로81길","일반도로","국지도로","소로3류","폭6-8m","2026-03-01 11:18:06.035"
"6549","삼성로82길","일반도로","국지도로","소로2류","폭8-10m","2026-03-01 11:18:06.035"
"6550","삼성로84길","일반도로","국지도로","소로","6m미만","2026-03-01 11:18:06.035"
"6551","삼성로85길","일반도로","국지도로","소로2류","폭8-10m","2026-03-01 11:18:06.04"
"6552","삼성로86길","일반도로","국지도로","중로2류","폭15-20m","2026-03-01 11:18:06.04"
"6553","삼성로91길","일반도로","국지도로","소로","6m미만","2026-03-01 11:18:06.04"
"6554","삼성로92길","일반도로","국지도로","소로","6m미만","2026-03-01 11:18:06.04"
"6555","삼성로95길","일반도로","국지도로","소로1류","폭10-12m","2026-03-01 11:18:06.04"
"6556","삼성로96길","일반도로","국지도로","소로1류","폭10-12m","2026-03-01 11:18:06.04"
"6557","삼성로99길","일반도로","국지도로","소로3류","폭6-8m","2026-03-01 11:18:06.04"
"6558","삼성산길","일반도로","국지도로","중로2류","폭15-20m","2026-03-01 11:18:06.04"
"6559","삼양로","일반도로","국지도로","소로","6m미만","2026-03-01 11:18:06.04"
"6560","삼양로100길","일반도로","국지도로","소로","6m미만","2026-03-01 11:18:06.04"
"6561","삼양로102길","일반도로","국지도로","소로","6m미만","2026-03-01 11:18:06.045"
"6562","삼양로106길","일반도로","국지도로","소로","6m미만","2026-03-01 11:18:06.045"
"6563","삼양로107길","일반도로","국지도로","소로","6m미만","2026-03-01 11:18:06.045"
"6564","삼양로109길","일반도로","국지도로","소로","6m미만","2026-03-01 11:18:06.045"
"6565","삼양로10길","일반도로","국지도로","중로1류","폭20-25m","2026-03-01 11:18:06.045"
"6566","삼양로111가길","일반도로","국지도로","소로","6m미만","2026-03-01 11:18:06.045"
"6567","삼양로111길","일반도로","국지도로","소로","6m미만","2026-03-01 11:18:06.045"
"6568","삼양로112길","일반도로","국지도로","소로","6m미만","2026-03-01 11:18:06.045"
"6569","삼양로113길","일반도로","국지도로","소로","6m미만","2026-03-01 11:18:06.045"
"6570","삼양로114길","일반도로","국지도로","소로","6m미만","2026-03-01 11:18:06.045"
"6571","삼양로116길","일반도로","국지도로","소로","6m미만","2026-03-01 11:18:06.05"
"6572","삼양로117길","일반도로","국지도로","소로","6m미만","2026-03-01 11:18:06.05"
"6573","삼양로118길","일반도로","국지도로","소로","6m미만","2026-03-01 11:18:06.05"
"6574","삼양로119길","일반도로","국지도로","소로3류","폭6-8m","2026-03-01 11:18:06.05"
"6575","삼양로122길","일반도로","국지도로","소로","6m미만","2026-03-01 11:18:06.05"
"6576","삼양로123가길","일반도로","국지도로","소로","6m미만","2026-03-01 11:18:06.05"
"6577","삼양로123길","일반도로","국지도로","소로","6m미만","2026-03-01 11:18:06.05"
"6578","삼양로124길","일반도로","국지도로","소로","6m미만","2026-03-01 11:18:06.05"
"6579","삼양로126길","일반도로","국지도로","소로","6m미만","2026-03-01 11:18:06.05"
"6580","삼양로129길","일반도로","국지도로","소로3류","폭6-8m","2026-03-01 11:18:06.05"
"6581","삼양로12길","일반도로","국지도로","소로","6m미만","2026-03-01 11:18:06.055"
"6582","삼양로130길","일반도로","국지도로","소로","6m미만","2026-03-01 11:18:06.055"
"6583","삼양로131길","일반도로","국지도로","소로","6m미만","2026-03-01 11:18:06.055"
"6584","삼양로136길","일반도로","국지도로","소로","6m미만","2026-03-01 11:18:06.055"
"6585","삼양로138길","일반도로","국지도로","소로","6m미만","2026-03-01 11:18:06.055"
"6586","삼양로139가길","일반도로","국지도로","소로3류","폭6-8m","2026-03-01 11:18:06.055"
"6587","삼양로139길","일반도로","국지도로","소로","6m미만","2026-03-01 11:18:06.055"
"6588","삼양로139나길","일반도로","국지도로","소로","6m미만","2026-03-01 11:18:06.055"
"6589","삼양로13길","일반도로","국지도로","중로1류","폭20-25m","2026-03-01 11:18:06.055"
"6590","삼양로140길","일반도로","국지도로","소로","6m미만","2026-03-01 11:18:06.055"
"6591","삼양로141길","일반도로","국지도로","소로","6m미만","2026-03-01 11:18:06.06"
"6592","삼양로142길","일반도로","국지도로","소로","6m미만","2026-03-01 11:18:06.06"
"6593","삼양로144가길","일반도로","국지도로","소로3류","폭6-8m","2026-03-01 11:18:06.06"
"6594","삼양로144길","일반도로","국지도로","소로3류","폭6-8m","2026-03-01 11:18:06.06"
"6595","삼양로144나길","일반도로","국지도로","소로","6m미만","2026-03-01 11:18:06.06"
"6596","삼양로145길","일반도로","국지도로","소로2류","폭8-10m","2026-03-01 11:18:06.06"
"6597","삼양로146길","일반도로","국지도로","소로3류","폭6-8m","2026-03-01 11:18:06.06"
"6598","삼양로149가길","일반도로","국지도로","소로3류","폭6-8m","2026-03-01 11:18:06.06"
"6599","삼양로149길","일반도로","국지도로","소로3류","폭6-8m","2026-03-01 11:18:06.06"
"6600","삼양로14길","일반도로","국지도로","소로","6m미만","2026-03-01 11:18:06.06"
"6601","삼양로154길","일반도로","국지도로","소로","6m미만","2026-03-01 11:18:06.065"
"6602","삼양로155가길","일반도로","국지도로","소로","6m미만","2026-03-01 11:18:06.065"
"6603","삼양로155길","일반도로","국지도로","소로","6m미만","2026-03-01 11:18:06.065"
"6604","삼양로155나길","일반도로","국지도로","소로","6m미만","2026-03-01 11:18:06.065"
"6605","삼양로159가길","일반도로","국지도로","소로","6m미만","2026-03-01 11:18:06.065"
"6606","삼양로159길","일반도로","국지도로","소로","6m미만","2026-03-01 11:18:06.065"
"6607","삼양로159나길","일반도로","국지도로","소로3류","폭6-8m","2026-03-01 11:18:06.065"
"6608","삼양로15길","일반도로","국지도로","소로","6m미만","2026-03-01 11:18:06.065"
"6609","삼양로162가길","일반도로","국지도로","소로","6m미만","2026-03-01 11:18:06.065"
"6610","삼양로162길","일반도로","국지도로","소로3류","폭6-8m","2026-03-01 11:18:06.065"
"6611","삼양로163가길","일반도로","국지도로","소로","6m미만","2026-03-01 11:18:06.069"
"6612","삼양로163길","일반도로","국지도로","소로","6m미만","2026-03-01 11:18:06.069"
"6613","삼양로163나길","일반도로","국지도로","소로","6m미만","2026-03-01 11:18:06.069"
"6614","삼양로165길","일반도로","국지도로","소로","6m미만","2026-03-01 11:18:06.069"
"6615","삼양로169길","일반도로","국지도로","소로","6m미만","2026-03-01 11:18:06.069"
"6616","삼양로16길","일반도로","국지도로","소로","6m미만","2026-03-01 11:18:06.069"
"6617","삼양로170길","일반도로","국지도로","소로3류","폭6-8m","2026-03-01 11:18:06.069"
"6618","삼양로171길","일반도로","국지도로","소로","6m미만","2026-03-01 11:18:06.069"
"6619","삼양로173가길","일반도로","국지도로","소로","6m미만","2026-03-01 11:18:06.069"
"6620","삼양로173길","일반도로","국지도로","소로","6m미만","2026-03-01 11:18:06.069"
"6621","삼양로173나길","일반도로","국지도로","소로","6m미만","2026-03-01 11:18:06.074"
"6622","삼양로173다길","일반도로","국지도로","소로","6m미만","2026-03-01 11:18:06.074"
"6623","삼양로175길","일반도로","국지도로","소로","6m미만","2026-03-01 11:18:06.074"
"6624","삼양로177길","일반도로","국지도로","소로","6m미만","2026-03-01 11:18:06.074"
"6625","삼양로179길","일반도로","국지도로","소로","6m미만","2026-03-01 11:18:06.074"
"6626","삼양로181길","일반도로","국지도로","소로","6m미만","2026-03-01 11:18:06.074"
"6627","삼양로19길","일반도로","국지도로","중로1류","폭20-25m","2026-03-01 11:18:06.074"
"6628","삼양로20가길","일반도로","국지도로","소로","6m미만","2026-03-01 11:18:06.074"
"6629","삼양로20길","일반도로","국지도로","소로","6m미만","2026-03-01 11:18:06.074"
"6630","삼양로20나길","일반도로","국지도로","소로","6m미만","2026-03-01 11:18:06.074"
"6631","삼양로22길","일반도로","국지도로","소로","6m미만","2026-03-01 11:18:06.079"
"6632","삼양로24가길","일반도로","국지도로","소로","6m미만","2026-03-01 11:18:06.079"
"6633","삼양로24길","일반도로","국지도로","소로","6m미만","2026-03-01 11:18:06.079"
"6634","삼양로27길","일반도로","국지도로","소로3류","폭6-8m","2026-03-01 11:18:06.079"
"6635","삼양로28길","일반도로","국지도로","소로","6m미만","2026-03-01 11:18:06.079"
"6636","삼양로29길","일반도로","국지도로","소로","6m미만","2026-03-01 11:18:06.079"
"6637","삼양로2길","일반도로","국지도로","소로3류","폭6-8m","2026-03-01 11:18:06.079"
"6638","삼양로30길","일반도로","국지도로","소로","6m미만","2026-03-01 11:18:06.079"
"6639","삼양로32길","일반도로","국지도로","소로","6m미만","2026-03-01 11:18:06.079"
"6640","삼양로32나길","일반도로","국지도로","소로","6m미만","2026-03-01 11:18:06.079"
"6641","삼양로35가길","일반도로","국지도로","소로","6m미만","2026-03-01 11:18:06.084"
"6642","삼양로35길","일반도로","국지도로","소로3류","폭6-8m","2026-03-01 11:18:06.084"
"6643","삼양로37길","일반도로","국지도로","소로","6m미만","2026-03-01 11:18:06.084"
"6644","삼양로38가길","일반도로","국지도로","소로","6m미만","2026-03-01 11:18:06.084"
"6645","삼양로38길","일반도로","국지도로","소로","6m미만","2026-03-01 11:18:06.084"
"6646","삼양로38나길","일반도로","국지도로","소로","6m미만","2026-03-01 11:18:06.084"
"6647","삼양로38다길","일반도로","국지도로","소로","6m미만","2026-03-01 11:18:06.084"
"6648","삼양로38라길","일반도로","국지도로","소로","6m미만","2026-03-01 11:18:06.084"
"6649","삼양로39길","일반도로","국지도로","소로","6m미만","2026-03-01 11:18:06.084"
"6650","삼양로40길","일반도로","국지도로","소로","6m미만","2026-03-01 11:18:06.084"
"6651","삼양로41가길","일반도로","국지도로","소로","6m미만","2026-03-01 11:18:06.089"
"6652","삼양로41길","일반도로","국지도로","소로","6m미만","2026-03-01 11:18:06.089"
"6653","삼양로42길","일반도로","국지도로","소로","6m미만","2026-03-01 11:18:06.089"
"6654","삼양로43길","일반도로","국지도로","소로","6m미만","2026-03-01 11:18:06.089"
"6655","삼양로44길","일반도로","국지도로","소로","6m미만","2026-03-01 11:18:06.089"
"6656","삼양로45길","일반도로","국지도로","소로","6m미만","2026-03-01 11:18:06.089"
"6657","삼양로46가길","일반도로","국지도로","소로","6m미만","2026-03-01 11:18:06.089"
"6658","삼양로46길","일반도로","국지도로","소로","6m미만","2026-03-01 11:18:06.089"
"6659","삼양로47길","일반도로","국지도로","소로","6m미만","2026-03-01 11:18:06.089"
"6660","삼양로49길","일반도로","국지도로","소로","6m미만","2026-03-01 11:18:06.089"
"6661","삼양로4길","일반도로","국지도로","소로3류","폭6-8m","2026-03-01 11:18:06.094"
"6662","삼양로51길","일반도로","국지도로","소로","6m미만","2026-03-01 11:18:06.094"
"6663","삼양로53길","일반도로","국지도로","소로","6m미만","2026-03-01 11:18:06.094"
"6664","삼양로54가길","일반도로","국지도로","소로","6m미만","2026-03-01 11:18:06.094"
"6665","삼양로54길","일반도로","국지도로","소로","6m미만","2026-03-01 11:18:06.094"
"6666","삼양로54나길","일반도로","국지도로","소로","6m미만","2026-03-01 11:18:06.094"
"6667","삼양로54다길","일반도로","국지도로","소로","6m미만","2026-03-01 11:18:06.094"
"6668","삼양로54라길","일반도로","국지도로","소로","6m미만","2026-03-01 11:18:06.094"
"6669","삼양로54마길","일반도로","국지도로","소로","6m미만","2026-03-01 11:18:06.094"
"6670","삼양로55길","일반도로","국지도로","소로","6m미만","2026-03-01 11:18:06.094"
"6671","삼양로57가길","일반도로","국지도로","소로","6m미만","2026-03-01 11:18:06.099"
"6672","삼양로57길","일반도로","국지도로","소로","6m미만","2026-03-01 11:18:06.099"
"6673","삼양로58가길","일반도로","국지도로","소로","6m미만","2026-03-01 11:18:06.099"
"6674","삼양로58길","일반도로","국지도로","소로2류","폭8-10m","2026-03-01 11:18:06.099"
"6675","삼양로59가길","일반도로","국지도로","소로","6m미만","2026-03-01 11:18:06.099"
"6676","삼양로59길","일반도로","국지도로","소로","6m미만","2026-03-01 11:18:06.099"
"6677","삼양로63가길","일반도로","국지도로","소로","6m미만","2026-03-01 11:18:06.099"
"6678","삼양로63길","일반도로","국지도로","소로","6m미만","2026-03-01 11:18:06.099"
"6679","삼양로64가길","일반도로","국지도로","소로","6m미만","2026-03-01 11:18:06.099"
"6680","삼양로64길","일반도로","국지도로","소로","6m미만","2026-03-01 11:18:06.099"
"6681","삼양로65길","일반도로","국지도로","소로","6m미만","2026-03-01 11:18:06.104"
"6682","삼양로67길","일반도로","국지도로","소로","6m미만","2026-03-01 11:18:06.104"
"6683","삼양로68가길","일반도로","국지도로","소로","6m미만","2026-03-01 11:18:06.104"
"6684","삼양로68길","일반도로","국지도로","소로","6m미만","2026-03-01 11:18:06.104"
"6685","삼양로69가길","일반도로","국지도로","소로","6m미만","2026-03-01 11:18:06.104"
"6686","삼양로69길","일반도로","국지도로","소로3류","폭6-8m","2026-03-01 11:18:06.104"
"6687","삼양로6길","일반도로","국지도로","소로","6m미만","2026-03-01 11:18:06.104"
"6688","삼양로71길","일반도로","국지도로","소로","6m미만","2026-03-01 11:18:06.104"
"6689","삼양로73가길","일반도로","국지도로","소로","6m미만","2026-03-01 11:18:06.104"
"6690","삼양로73길","일반도로","국지도로","소로","6m미만","2026-03-01 11:18:06.104"
"6691","삼양로73나길","일반도로","국지도로","소로","6m미만","2026-03-01 11:18:06.109"
"6692","삼양로73다길","일반도로","국지도로","소로","6m미만","2026-03-01 11:18:06.109"
"6693","삼양로74가길","일반도로","국지도로","소로","6m미만","2026-03-01 11:18:06.109"
"6694","삼양로74길","일반도로","국지도로","소로","6m미만","2026-03-01 11:18:06.109"
"6695","삼양로74나길","일반도로","국지도로","소로","6m미만","2026-03-01 11:18:06.109"
"6696","삼양로74다길","일반도로","국지도로","소로","6m미만","2026-03-01 11:18:06.109"
"6697","삼양로76길","일반도로","국지도로","소로","6m미만","2026-03-01 11:18:06.109"
"6698","삼양로77가길","일반도로","국지도로","소로","6m미만","2026-03-01 11:18:06.109"
"6699","삼양로77길","일반도로","국지도로","소로","6m미만","2026-03-01 11:18:06.109"
"6700","삼양로79길","일반도로","국지도로","소로","6m미만","2026-03-01 11:18:06.109"
"6701","삼양로80가길","일반도로","국지도로","소로","6m미만","2026-03-01 11:18:06.113"
"6702","삼양로80길","일반도로","국지도로","소로","6m미만","2026-03-01 11:18:06.113"
"6703","삼양로80나길","일반도로","국지도로","소로3류","폭6-8m","2026-03-01 11:18:06.113"
"6704","삼양로81길","일반도로","국지도로","소로","6m미만","2026-03-01 11:18:06.113"
"6705","삼양로83길","일반도로","국지도로","소로","6m미만","2026-03-01 11:18:06.113"
"6706","삼양로85길","일반도로","국지도로","소로","6m미만","2026-03-01 11:18:06.113"
"6707","삼양로87가길","일반도로","국지도로","소로","6m미만","2026-03-01 11:18:06.113"
"6708","삼양로87길","일반도로","국지도로","소로","6m미만","2026-03-01 11:18:06.113"
"6709","삼양로88가길","일반도로","국지도로","소로","6m미만","2026-03-01 11:18:06.113"
"6710","삼양로88길","일반도로","국지도로","소로","6m미만","2026-03-01 11:18:06.113"
"6711","삼양로89길","일반도로","국지도로","소로3류","폭6-8m","2026-03-01 11:18:06.118"
"6712","삼양로8길","일반도로","국지도로","소로","6m미만","2026-03-01 11:18:06.119"
"6713","삼양로90길","일반도로","국지도로","소로","6m미만","2026-03-01 11:18:06.119"
"6714","삼양로91가길","일반도로","국지도로","소로","6m미만","2026-03-01 11:18:06.119"
"6715","삼양로91길","일반도로","국지도로","소로","6m미만","2026-03-01 11:18:06.119"
"6716","삼양로92길","일반도로","국지도로","소로","6m미만","2026-03-01 11:18:06.119"
"6717","삼양로93길","일반도로","국지도로","소로","6m미만","2026-03-01 11:18:06.119"
"6718","삼양로95길","일반도로","국지도로","소로","6m미만","2026-03-01 11:18:06.119"
"6719","삼양로96길","일반도로","국지도로","소로","6m미만","2026-03-01 11:18:06.119"
"6720","삼양로97길","일반도로","국지도로","소로","6m미만","2026-03-01 11:18:06.119"
"6721","삼양로98가길","일반도로","국지도로","소로","6m미만","2026-03-01 11:18:06.123"
"6722","삼양로98길","일반도로","국지도로","소로","6m미만","2026-03-01 11:18:06.123"
"6723","삼양로99길","일반도로","국지도로","소로","6m미만","2026-03-01 11:18:06.123"
"6724","삼양로9가길","일반도로","국지도로","소로2류","폭8-10m","2026-03-01 11:18:06.123"
"6725","삼양로9길","일반도로","국지도로","소로","6m미만","2026-03-01 11:18:06.123"
"6726","삼일대로","일반도로","국지도로","소로","6m미만","2026-03-01 11:18:06.123"
"6727","삼일대로10길","일반도로","국지도로","소로1류","폭10-12m","2026-03-01 11:18:06.123"
"6728","삼일대로12길","일반도로","국지도로","소로2류","폭8-10m","2026-03-01 11:18:06.123"
"6729","삼일대로13길","일반도로","국지도로","중로2류","폭15-20m","2026-03-01 11:18:06.123"
"6730","삼일대로15길","일반도로","국지도로","소로","6m미만","2026-03-01 11:18:06.123"
"6731","삼일대로17길","일반도로","국지도로","소로","6m미만","2026-03-01 11:18:06.128"
"6732","삼일대로19길","일반도로","국지도로","소로2류","폭8-10m","2026-03-01 11:18:06.128"
"6733","삼일대로20길","일반도로","국지도로","소로3류","폭6-8m","2026-03-01 11:18:06.128"
"6734","삼일대로26길","일반도로","국지도로","소로","6m미만","2026-03-01 11:18:06.128"
"6735","삼일대로28길","일반도로","국지도로","소로","6m미만","2026-03-01 11:18:06.128"
"6736","삼일대로2길","일반도로","국지도로","소로3류","폭6-8m","2026-03-01 11:18:06.128"
"6737","삼일대로30길","일반도로","국지도로","소로","6m미만","2026-03-01 11:18:06.128"
"6738","삼일대로32가길","일반도로","국지도로","소로","6m미만","2026-03-01 11:18:06.128"
"6739","삼일대로32길","일반도로","국지도로","소로","6m미만","2026-03-01 11:18:06.128"
"6740","삼일대로4길","일반도로","국지도로","소로1류","폭10-12m","2026-03-01 11:18:06.128"
"6741","삼일대로6길","일반도로","국지도로","소로3류","폭6-8m","2026-03-01 11:18:06.133"
"6742","삼일대로8길","일반도로","국지도로","소로2류","폭8-10m","2026-03-01 11:18:06.133"
"6743","삼일대로9길","일반도로","국지도로","소로","6m미만","2026-03-01 11:18:06.133"
"6744","삼전로","일반도로","국지도로","소로2류","폭8-10m","2026-03-01 11:18:06.133"
"6745","삼전로10길","일반도로","국지도로","소로","6m미만","2026-03-01 11:18:06.133"
"6746","삼전로12길","일반도로","국지도로","소로2류","폭8-10m","2026-03-01 11:18:06.133"
"6747","삼전로13길","일반도로","국지도로","소로","6m미만","2026-03-01 11:18:06.133"
"6748","삼전로1길","일반도로","국지도로","소로2류","폭8-10m","2026-03-01 11:18:06.133"
"6749","삼전로2길","일반도로","국지도로","소로2류","폭8-10m","2026-03-01 11:18:06.133"
"6750","삼전로3길","일반도로","국지도로","소로","6m미만","2026-03-01 11:18:06.133"
"6751","삼전로4길","일반도로","국지도로","소로","6m미만","2026-03-01 11:18:06.138"
"6752","삼전로6길","일반도로","국지도로","소로3류","폭6-8m","2026-03-01 11:18:06.138"
"6753","삼전로7길","일반도로","국지도로","소로3류","폭6-8m","2026-03-01 11:18:06.138"
"6754","삼전로8길","일반도로","국지도로","소로3류","폭6-8m","2026-03-01 11:18:06.138"
"6755","삼전로9길","일반도로","국지도로","소로3류","폭6-8m","2026-03-01 11:18:06.138"
"6756","삼청로","일반도로","국지도로","소로","6m미만","2026-03-01 11:18:06.138"
"6757","삼청로10길","일반도로","국지도로","소로","6m미만","2026-03-01 11:18:06.138"
"6758","삼청로11길","일반도로","국지도로","소로","6m미만","2026-03-01 11:18:06.138"
"6759","삼청로2길","일반도로","국지도로","소로","6m미만","2026-03-01 11:18:06.138"
"6760","삼청로4길","일반도로","국지도로","소로","6m미만","2026-03-01 11:18:06.138"
"6761","삼청로5길","일반도로","국지도로","소로","6m미만","2026-03-01 11:18:06.143"
"6762","삼청로7가길","일반도로","국지도로","소로","6m미만","2026-03-01 11:18:06.143"
"6763","삼청로7길","일반도로","국지도로","소로","6m미만","2026-03-01 11:18:06.143"
"6764","삼청로7나길","일반도로","국지도로","소로","6m미만","2026-03-01 11:18:06.143"
"6765","삼청로9길","일반도로","국지도로","소로","6m미만","2026-03-01 11:18:06.143"
"6766","삼학사로","일반도로","국지도로","대로3류","폭25-30m","2026-03-01 11:18:06.143"
"6767","삼학사로10길","일반도로","국지도로","소로","6m미만","2026-03-01 11:18:06.143"
"6768","삼학사로11길","일반도로","국지도로","소로3류","폭6-8m","2026-03-01 11:18:06.143"
"6769","삼학사로12길","일반도로","국지도로","소로3류","폭6-8m","2026-03-01 11:18:06.143"
"6770","삼학사로13길","일반도로","국지도로","소로3류","폭6-8m","2026-03-01 11:18:06.143"
"6771","삼학사로14길","일반도로","국지도로","소로","6m미만","2026-03-01 11:18:06.147"
"6772","삼학사로16길","일반도로","국지도로","소로3류","폭6-8m","2026-03-01 11:18:06.147"
"6773","삼학사로18길","일반도로","국지도로","소로","6m미만","2026-03-01 11:18:06.147"
"6774","삼학사로19길","일반도로","국지도로","소로3류","폭6-8m","2026-03-01 11:18:06.147"
"6775","삼학사로1길","일반도로","국지도로","중로1류","폭20-25m","2026-03-01 11:18:06.147"
"6776","삼학사로2길","일반도로","국지도로","소로3류","폭6-8m","2026-03-01 11:18:06.147"
"6777","삼학사로3길","일반도로","국지도로","소로","6m미만","2026-03-01 11:18:06.147"
"6778","삼학사로4길","일반도로","국지도로","소로","6m미만","2026-03-01 11:18:06.147"
"6779","삼학사로6길","일반도로","국지도로","소로","6m미만","2026-03-01 11:18:06.147"
"6780","삼학사로8길","일반도로","국지도로","소로","6m미만","2026-03-01 11:18:06.147"
"6781","삼학사로9길","일반도로","국지도로","소로","6m미만","2026-03-01 11:18:06.152"
"6782","상계로","일반도로","국지도로","소로","6m미만","2026-03-01 11:18:06.152"
"6783","상계로10길","일반도로","국지도로","소로","6m미만","2026-03-01 11:18:06.152"
"6784","상계로11길","일반도로","국지도로","소로","6m미만","2026-03-01 11:18:06.152"
"6785","상계로12길","일반도로","국지도로","소로","6m미만","2026-03-01 11:18:06.152"
"6786","상계로13길","일반도로","국지도로","소로","6m미만","2026-03-01 11:18:06.152"
"6787","상계로15길","일반도로","국지도로","소로","6m미만","2026-03-01 11:18:06.152"
"6788","상계로17길","일반도로","국지도로","소로","6m미만","2026-03-01 11:18:06.152"
"6789","상계로18길","일반도로","국지도로","소로","6m미만","2026-03-01 11:18:06.152"
"6790","상계로19길","일반도로","국지도로","소로","6m미만","2026-03-01 11:18:06.152"
"6791","상계로1길","일반도로","국지도로","소로3류","폭6-8m","2026-03-01 11:18:06.157"
"6792","상계로21길","일반도로","국지도로","소로","6m미만","2026-03-01 11:18:06.157"
"6793","상계로23가길","일반도로","국지도로","소로","6m미만","2026-03-01 11:18:06.157"
"6794","상계로23길","일반도로","국지도로","소로","6m미만","2026-03-01 11:18:06.157"
"6795","상계로23나길","일반도로","국지도로","소로","6m미만","2026-03-01 11:18:06.157"
"6796","상계로23다길","일반도로","국지도로","소로3류","폭6-8m","2026-03-01 11:18:06.158"
"6797","상계로24길","일반도로","국지도로","소로","6m미만","2026-03-01 11:18:06.158"
"6798","상계로26길","일반도로","국지도로","소로3류","폭6-8m","2026-03-01 11:18:06.158"
"6799","상계로27길","일반도로","국지도로","소로2류","폭8-10m","2026-03-01 11:18:06.158"
"6800","상계로31길","일반도로","국지도로","소로","6m미만","2026-03-01 11:18:06.158"
"6801","상계로33길","일반도로","국지도로","소로","6m미만","2026-03-01 11:18:06.162"
"6802","상계로35가길","일반도로","국지도로","소로","6m미만","2026-03-01 11:18:06.162"
"6803","상계로35길","일반도로","국지도로","소로","6m미만","2026-03-01 11:18:06.162"
"6804","상계로35나길","일반도로","국지도로","소로","6m미만","2026-03-01 11:18:06.162"
"6805","상계로37가길","일반도로","국지도로","소로","6m미만","2026-03-01 11:18:06.162"
"6806","상계로37길","일반도로","국지도로","소로","6m미만","2026-03-01 11:18:06.162"
"6807","상계로37나길","일반도로","국지도로","소로","6m미만","2026-03-01 11:18:06.162"
"6808","상계로37다길","일반도로","국지도로","소로","6m미만","2026-03-01 11:18:06.162"
"6809","상계로37라길","일반도로","국지도로","소로","6m미만","2026-03-01 11:18:06.162"
"6810","상계로37마길","일반도로","국지도로","소로","6m미만","2026-03-01 11:18:06.162"
"6811","상계로39길","일반도로","국지도로","소로","6m미만","2026-03-01 11:18:06.167"
"6812","상계로3길","일반도로","국지도로","소로3류","폭6-8m","2026-03-01 11:18:06.167"
"6813","상계로41길","일반도로","국지도로","소로","6m미만","2026-03-01 11:18:06.167"
"6814","상계로43길","일반도로","국지도로","소로","6m미만","2026-03-01 11:18:06.167"
"6815","상계로5길","일반도로","국지도로","소로2류","폭8-10m","2026-03-01 11:18:06.167"
"6816","상계로7길","일반도로","국지도로","소로3류","폭6-8m","2026-03-01 11:18:06.167"
"6817","상계로9가길","일반도로","국지도로","소로","6m미만","2026-03-01 11:18:06.167"
"6818","상계로9길","일반도로","국지도로","소로","6m미만","2026-03-01 11:18:06.167"
"6819","상계로9나길","일반도로","국지도로","소로","6m미만","2026-03-01 11:18:06.167"
"6820","상도~사당선","일반도로","보조간선도로","대로3류","폭25-30m","2026-03-01 11:18:06.167"
"6821","상도로","일반도로","국지도로","소로","6m미만","2026-03-01 11:18:06.172"
"6822","상도로11길","일반도로","국지도로","소로","6m미만","2026-03-01 11:18:06.172"
"6823","상도로12길","일반도로","국지도로","소로","6m미만","2026-03-01 11:18:06.172"
"6824","상도로13가길","일반도로","국지도로","소로","6m미만","2026-03-01 11:18:06.172"
"6825","상도로13길","일반도로","국지도로","소로","6m미만","2026-03-01 11:18:06.172"
"6826","상도로13나길","일반도로","국지도로","소로","6m미만","2026-03-01 11:18:06.172"
"6827","상도로13다길","일반도로","국지도로","소로3류","폭6-8m","2026-03-01 11:18:06.172"
"6828","상도로13라길","일반도로","국지도로","소로","6m미만","2026-03-01 11:18:06.172"
"6829","상도로15가길","일반도로","국지도로","소로","6m미만","2026-03-01 11:18:06.172"
"6830","상도로15길","일반도로","국지도로","소로","6m미만","2026-03-01 11:18:06.172"
"6831","상도로15나길","일반도로","국지도로","소로","6m미만","2026-03-01 11:18:06.177"
"6832","상도로15다길","일반도로","국지도로","소로","6m미만","2026-03-01 11:18:06.177"
"6833","상도로15라길","일반도로","국지도로","소로","6m미만","2026-03-01 11:18:06.177"
"6834","상도로15마길","일반도로","국지도로","소로","6m미만","2026-03-01 11:18:06.177"
"6835","상도로15바길","일반도로","국지도로","소로","6m미만","2026-03-01 11:18:06.177"
"6836","상도로15사길","일반도로","국지도로","소로","6m미만","2026-03-01 11:18:06.177"
"6837","상도로15아길","일반도로","국지도로","소로","6m미만","2026-03-01 11:18:06.177"
"6838","상도로15자길","일반도로","국지도로","소로","6m미만","2026-03-01 11:18:06.177"
"6839","상도로15차길","일반도로","국지도로","소로","6m미만","2026-03-01 11:18:06.177"
"6840","상도로15카길","일반도로","국지도로","소로","6m미만","2026-03-01 11:18:06.177"
"6841","상도로15타길","일반도로","국지도로","소로","6m미만","2026-03-01 11:18:06.182"
"6842","상도로17길","일반도로","국지도로","소로","6m미만","2026-03-01 11:18:06.182"
"6843","상도로19가길","일반도로","국지도로","소로","6m미만","2026-03-01 11:18:06.182"
"6844","상도로19길","일반도로","국지도로","소로","6m미만","2026-03-01 11:18:06.182"
"6845","상도로20길","일반도로","국지도로","소로","6m미만","2026-03-01 11:18:06.182"
"6846","상도로22가길","일반도로","국지도로","소로","6m미만","2026-03-01 11:18:06.182"
"6847","상도로22길","일반도로","국지도로","소로","6m미만","2026-03-01 11:18:06.182"
"6848","상도로22나길","일반도로","국지도로","소로","6m미만","2026-03-01 11:18:06.182"
"6849","상도로26가길","일반도로","국지도로","소로3류","폭6-8m","2026-03-01 11:18:06.182"
"6850","상도로26길","일반도로","국지도로","소로3류","폭6-8m","2026-03-01 11:18:06.182"
"6851","상도로30길","일반도로","국지도로","소로2류","폭8-10m","2026-03-01 11:18:06.187"
"6852","상도로31길","일반도로","국지도로","소로3류","폭6-8m","2026-03-01 11:18:06.187"
"6853","상도로33길","일반도로","국지도로","소로","6m미만","2026-03-01 11:18:06.187"
"6854","상도로34가길","일반도로","국지도로","소로","6m미만","2026-03-01 11:18:06.187"
"6855","상도로34길","일반도로","국지도로","소로","6m미만","2026-03-01 11:18:06.187"
"6856","상도로34나길","일반도로","국지도로","소로","6m미만","2026-03-01 11:18:06.187"
"6857","상도로34다길","일반도로","국지도로","소로","6m미만","2026-03-01 11:18:06.187"
"6858","상도로36길","일반도로","국지도로","소로","6m미만","2026-03-01 11:18:06.187"
"6859","상도로37길","일반도로","국지도로","소로","6m미만","2026-03-01 11:18:06.187"
"6860","상도로38가길","일반도로","국지도로","소로","6m미만","2026-03-01 11:18:06.187"
"6861","상도로38길","일반도로","국지도로","소로","6m미만","2026-03-01 11:18:06.192"
"6862","상도로38나길","일반도로","국지도로","소로3류","폭6-8m","2026-03-01 11:18:06.192"
"6863","상도로38다길","일반도로","국지도로","소로","6m미만","2026-03-01 11:18:06.192"
"6864","상도로39가길","일반도로","국지도로","소로","6m미만","2026-03-01 11:18:06.192"
"6865","상도로39길","일반도로","국지도로","소로","6m미만","2026-03-01 11:18:06.192"
"6866","상도로41가길","일반도로","국지도로","중로2류","폭15-20m","2026-03-01 11:18:06.192"
"6867","상도로41길","일반도로","국지도로","소로3류","폭6-8m","2026-03-01 11:18:06.192"
"6868","상도로41나길","일반도로","국지도로","소로","6m미만","2026-03-01 11:18:06.192"
"6869","상도로41다길","일반도로","국지도로","소로","6m미만","2026-03-01 11:18:06.192"
"6870","상도로41라길","일반도로","국지도로","소로","6m미만","2026-03-01 11:18:06.192"
"6871","상도로41마길","일반도로","국지도로","소로","6m미만","2026-03-01 11:18:06.197"
"6872","상도로43길","일반도로","국지도로","소로","6m미만","2026-03-01 11:18:06.197"
"6873","상도로45길","일반도로","국지도로","소로","6m미만","2026-03-01 11:18:06.197"
"6874","상도로47가길","일반도로","국지도로","소로","6m미만","2026-03-01 11:18:06.197"
"6875","상도로47길","일반도로","국지도로","소로","6m미만","2026-03-01 11:18:06.197"
"6876","상도로47나길","일반도로","국지도로","소로","6m미만","2026-03-01 11:18:06.197"
"6877","상도로47다길","일반도로","국지도로","소로","6m미만","2026-03-01 11:18:06.197"
"6878","상도로47라길","일반도로","국지도로","소로","6m미만","2026-03-01 11:18:06.197"
"6879","상도로47마길","일반도로","국지도로","소로","6m미만","2026-03-01 11:18:06.197"
"6880","상도로47바길","일반도로","국지도로","소로3류","폭6-8m","2026-03-01 11:18:06.197"
"6881","상도로47사길","일반도로","국지도로","소로","6m미만","2026-03-01 11:18:06.202"
"6882","상도로47아길","일반도로","국지도로","소로","6m미만","2026-03-01 11:18:06.202"
"6883","상도로49길","일반도로","국지도로","소로","6m미만","2026-03-01 11:18:06.202"
"6884","상도로50길","일반도로","국지도로","소로","6m미만","2026-03-01 11:18:06.202"
"6885","상도로52길","일반도로","국지도로","소로","6m미만","2026-03-01 11:18:06.202"
"6886","상도로53가길","일반도로","국지도로","소로3류","폭6-8m","2026-03-01 11:18:06.202"
"6887","상도로53길","일반도로","국지도로","소로2류","폭8-10m","2026-03-01 11:18:06.202"
"6888","상도로54길","일반도로","국지도로","소로","6m미만","2026-03-01 11:18:06.202"
"6889","상도로55길","일반도로","국지도로","소로3류","폭6-8m","2026-03-01 11:18:06.202"
"6890","상도로56길","일반도로","국지도로","소로","6m미만","2026-03-01 11:18:06.202"
"6891","상도로58길","일반도로","국지도로","소로","6m미만","2026-03-01 11:18:06.207"
"6892","상도로60가길","일반도로","국지도로","소로","6m미만","2026-03-01 11:18:06.207"
"6893","상도로60길","일반도로","국지도로","소로","6m미만","2026-03-01 11:18:06.207"
"6894","상도로61가길","일반도로","국지도로","소로","6m미만","2026-03-01 11:18:06.207"
"6895","상도로61길","일반도로","국지도로","소로","6m미만","2026-03-01 11:18:06.207"
"6896","상도로62가길","일반도로","국지도로","소로","6m미만","2026-03-01 11:18:06.207"
"6897","상도로62길","일반도로","국지도로","소로","6m미만","2026-03-01 11:18:06.207"
"6898","상도로63길","일반도로","국지도로","소로","6m미만","2026-03-01 11:18:06.207"
"6899","상도로65길","일반도로","국지도로","소로","6m미만","2026-03-01 11:18:06.207"
"6900","상도로66길","일반도로","국지도로","소로","6m미만","2026-03-01 11:18:06.207"
"6901","상도로67길","일반도로","국지도로","소로","6m미만","2026-03-01 11:18:06.212"
"6902","상도로68가길","일반도로","국지도로","소로","6m미만","2026-03-01 11:18:06.212"
"6903","상도로68길","일반도로","국지도로","소로","6m미만","2026-03-01 11:18:06.212"
"6904","상봉로","일반도로","국지도로","소로","6m미만","2026-03-01 11:18:06.212"
"6905","상봉로11길","일반도로","국지도로","소로","6m미만","2026-03-01 11:18:06.212"
"6906","상봉로12가길","일반도로","국지도로","소로","6m미만","2026-03-01 11:18:06.212"
"6907","상봉로12길","일반도로","국지도로","소로","6m미만","2026-03-01 11:18:06.212"
"6908","상봉로14길","일반도로","국지도로","소로","6m미만","2026-03-01 11:18:06.212"
"6909","상봉로15가길","일반도로","국지도로","소로","6m미만","2026-03-01 11:18:06.212"
"6910","상봉로15길","일반도로","국지도로","소로","6m미만","2026-03-01 11:18:06.212"
"6911","상봉로15나길","일반도로","국지도로","소로","6m미만","2026-03-01 11:18:06.217"
"6912","상봉로15다길","일반도로","국지도로","소로","6m미만","2026-03-01 11:18:06.217"
"6913","상봉로15라길","일반도로","국지도로","소로","6m미만","2026-03-01 11:18:06.217"
"6914","상봉로15마길","일반도로","국지도로","소로","6m미만","2026-03-01 11:18:06.217"
"6915","상봉로16가길","일반도로","국지도로","소로","6m미만","2026-03-01 11:18:06.217"
"6916","상봉로16길","일반도로","국지도로","소로","6m미만","2026-03-01 11:18:06.217"
"6917","상봉로17길","일반도로","국지도로","소로","6m미만","2026-03-01 11:18:06.217"
"6918","상봉로18길","일반도로","국지도로","소로","6m미만","2026-03-01 11:18:06.217"
"6919","상봉로19길","일반도로","국지도로","소로","6m미만","2026-03-01 11:18:06.217"
"6920","상봉로1길","일반도로","국지도로","소로","6m미만","2026-03-01 11:18:06.217"
"6921","상봉로20길","일반도로","국지도로","소로","6m미만","2026-03-01 11:18:06.222"
"6922","상봉로23길","일반도로","국지도로","소로","6m미만","2026-03-01 11:18:06.222"
"6923","상봉로25가길","일반도로","국지도로","소로","6m미만","2026-03-01 11:18:06.222"
"6924","상봉로25길","일반도로","국지도로","소로","6m미만","2026-03-01 11:18:06.222"
"6925","상봉로25나길","일반도로","국지도로","소로","6m미만","2026-03-01 11:18:06.222"
"6926","상봉로26길","일반도로","국지도로","소로","6m미만","2026-03-01 11:18:06.222"
"6927","상봉로28길","일반도로","국지도로","소로","6m미만","2026-03-01 11:18:06.222"
"6928","상봉로31길","일반도로","국지도로","중로1류","폭20-25m","2026-03-01 11:18:06.222"
"6929","상봉로5길","일반도로","국지도로","소로","6m미만","2026-03-01 11:18:06.222"
"6930","상봉중앙로","일반도로","국지도로","소로3류","폭6-8m","2026-03-01 11:18:06.222"
"6931","상봉중앙로10길","일반도로","국지도로","소로","6m미만","2026-03-01 11:18:06.227"
"6932","상봉중앙로1가길","일반도로","국지도로","소로","6m미만","2026-03-01 11:18:06.227"
"6933","상봉중앙로1길","일반도로","국지도로","소로2류","폭8-10m","2026-03-01 11:18:06.227"
"6934","상봉중앙로1나길","일반도로","국지도로","소로","6m미만","2026-03-01 11:18:06.227"
"6935","상봉중앙로1다길","일반도로","국지도로","소로","6m미만","2026-03-01 11:18:06.227"
"6936","상봉중앙로3길","일반도로","국지도로","소로","6m미만","2026-03-01 11:18:06.227"
"6937","상봉중앙로5가길","일반도로","국지도로","소로","6m미만","2026-03-01 11:18:06.227"
"6938","상봉중앙로5길","일반도로","국지도로","소로","6m미만","2026-03-01 11:18:06.227"
"6939","상봉중앙로5나길","일반도로","국지도로","소로","6m미만","2026-03-01 11:18:06.227"
"6940","상봉중앙로5다길","일반도로","국지도로","소로","6m미만","2026-03-01 11:18:06.227"
"6941","상봉중앙로6가길","일반도로","국지도로","소로","6m미만","2026-03-01 11:18:06.232"
"6942","상봉중앙로6길","일반도로","국지도로","소로","6m미만","2026-03-01 11:18:06.232"
"6943","상봉중앙로6나길","일반도로","국지도로","소로","6m미만","2026-03-01 11:18:06.232"
"6944","상봉중앙로8가길","일반도로","국지도로","소로","6m미만","2026-03-01 11:18:06.232"
"6945","상봉중앙로8길","일반도로","국지도로","소로","6m미만","2026-03-01 11:18:06.232"
"6946","상봉중앙로8나길","일반도로","국지도로","소로3류","폭6-8m","2026-03-01 11:18:06.232"
"6947","상봉중앙로8다길","일반도로","국지도로","소로","6m미만","2026-03-01 11:18:06.232"
"6948","상봉중앙로9길","일반도로","국지도로","소로","6m미만","2026-03-01 11:18:06.232"
"6949","상암~대흥선","일반도로","보조간선도로","대로2류","폭30-35m","2026-03-01 11:18:06.232"
"6950","상암~서교선","일반도로","보조간선도로","중로1류","폭20-25m","2026-03-01 11:18:06.232"
"6951","상암~성산선","일반도로","보조간선도로","중로1류","폭20-25m","2026-03-01 11:18:06.237"
"6952","상암로","일반도로","국지도로","소로3류","폭6-8m","2026-03-01 11:18:06.237"
"6953","상암로11길","일반도로","국지도로","소로1류","폭10-12m","2026-03-01 11:18:06.237"
"6954","상암로12길","일반도로","국지도로","소로1류","폭10-12m","2026-03-01 11:18:06.237"
"6955","상암로14길","일반도로","국지도로","소로","6m미만","2026-03-01 11:18:06.237"
"6956","상암로15길","일반도로","국지도로","소로","6m미만","2026-03-01 11:18:06.237"
"6957","상암로16길","일반도로","국지도로","소로3류","폭6-8m","2026-03-01 11:18:06.237"
"6958","상암로17길","일반도로","국지도로","소로","6m미만","2026-03-01 11:18:06.237"
"6959","상암로21길","일반도로","국지도로","소로","6m미만","2026-03-01 11:18:06.237"
"6960","상암로23길","일반도로","국지도로","소로","6m미만","2026-03-01 11:18:06.237"
"6961","상암로27가길","일반도로","국지도로","소로","6m미만","2026-03-01 11:18:06.242"
"6962","상암로27길","일반도로","국지도로","소로","6m미만","2026-03-01 11:18:06.242"
"6963","상암로27나길","일반도로","국지도로","소로","6m미만","2026-03-01 11:18:06.242"
"6964","상암로28길","일반도로","국지도로","소로","6m미만","2026-03-01 11:18:06.242"
"6965","상암로35길","일반도로","국지도로","소로","6m미만","2026-03-01 11:18:06.242"
"6966","상암로39길","일반도로","국지도로","소로","6m미만","2026-03-01 11:18:06.242"
"6967","상암로3길","일반도로","국지도로","소로1류","폭10-12m","2026-03-01 11:18:06.242"
"6968","상암로41가길","일반도로","국지도로","소로3류","폭6-8m","2026-03-01 11:18:06.242"
"6969","상암로41길","일반도로","국지도로","소로","6m미만","2026-03-01 11:18:06.242"
"6970","상암로41나길","일반도로","국지도로","소로","6m미만","2026-03-01 11:18:06.242"
"6971","상암로47길","일반도로","국지도로","소로","6m미만","2026-03-01 11:18:06.247"
"6972","상암로49길","일반도로","국지도로","소로3류","폭6-8m","2026-03-01 11:18:06.247"
"6973","상암로4가길","일반도로","국지도로","소로","6m미만","2026-03-01 11:18:06.247"
"6974","상암로4길","일반도로","국지도로","소로2류","폭8-10m","2026-03-01 11:18:06.247"
"6975","상암로51길","일반도로","국지도로","소로2류","폭8-10m","2026-03-01 11:18:06.247"
"6976","상암로5길","일반도로","국지도로","소로","6m미만","2026-03-01 11:18:06.247"
"6977","상암로61길","일반도로","국지도로","중로2류","폭15-20m","2026-03-01 11:18:06.247"
"6978","상암로63길","일반도로","국지도로","소로3류","폭6-8m","2026-03-01 11:18:06.247"
"6979","상암로67길","일반도로","국지도로","소로","6m미만","2026-03-01 11:18:06.247"
"6980","상암로6길","일반도로","국지도로","소로","6m미만","2026-03-01 11:18:06.247"
"6981","상암로79가길","일반도로","국지도로","소로1류","폭10-12m","2026-03-01 11:18:06.252"
"6982","상암로79길","일반도로","국지도로","대로3류","폭25-30m","2026-03-01 11:18:06.252"
"6983","상암로81길","일반도로","국지도로","소로3류","폭6-8m","2026-03-01 11:18:06.252"
"6984","상암로83길","일반도로","국지도로","소로2류","폭8-10m","2026-03-01 11:18:06.252"
"6985","상암산로","일반도로","국지도로","중로1류","폭20-25m","2026-03-01 11:18:06.252"
"6986","상암산로1길","일반도로","국지도로","소로1류","폭10-12m","2026-03-01 11:18:06.252"
"6987","상암선","일반도로","보조간선도로","광로3류","폭40-50m","2026-03-01 11:18:06.252"
"6988","상원10가길","일반도로","국지도로","소로","6m미만","2026-03-01 11:18:06.252"
"6989","상원10길","일반도로","국지도로","소로","6m미만","2026-03-01 11:18:06.252"
"6990","상원10나길","일반도로","국지도로","소로","6m미만","2026-03-01 11:18:06.252"
"6991","상원10다길","일반도로","국지도로","소로","6m미만","2026-03-01 11:18:06.257"
"6992","상원12길","일반도로","국지도로","소로","6m미만","2026-03-01 11:18:06.257"
"6993","상원1길","일반도로","국지도로","소로","6m미만","2026-03-01 11:18:06.257"
"6994","상원2길","일반도로","국지도로","소로","6m미만","2026-03-01 11:18:06.257"
"6995","상원4길","일반도로","국지도로","소로3류","폭6-8m","2026-03-01 11:18:06.257"
"6996","상원6가길","일반도로","국지도로","소로","6m미만","2026-03-01 11:18:06.257"
"6997","상원6길","일반도로","국지도로","소로","6m미만","2026-03-01 11:18:06.257"
"6998","상원6나길","일반도로","국지도로","소로3류","폭6-8m","2026-03-01 11:18:06.257"
"6999","상원8길","일반도로","국지도로","소로","6m미만","2026-03-01 11:18:06.257"
"7000","상원길","일반도로","국지도로","소로3류","폭6-8m","2026-03-01 11:18:06.257"
"7001","상일~고덕선","일반도로","보조간선도로","대로2류","폭30-35m","2026-03-01 11:18:06.262"
"7002","상일로","일반도로","국지도로","소로3류","폭6-8m","2026-03-01 11:18:06.262"
"7003","상일로10길","일반도로","국지도로","중로1류","폭20-25m","2026-03-01 11:18:06.262"
"7004","상일로11길","일반도로","국지도로","중로1류","폭20-25m","2026-03-01 11:18:06.262"
"7005","상일로12길","일반도로","국지도로","중로1류","폭20-25m","2026-03-01 11:18:06.262"
"7006","상일로15길","일반도로","국지도로","소로2류","폭8-10m","2026-03-01 11:18:06.262"
"7007","상일로17길","일반도로","국지도로","소로","6m미만","2026-03-01 11:18:06.262"
"7008","상일로19길","일반도로","국지도로","소로2류","폭8-10m","2026-03-01 11:18:06.262"
"7009","상일로21길","일반도로","국지도로","소로","6m미만","2026-03-01 11:18:06.262"
"7010","상일로23길","일반도로","국지도로","소로","6m미만","2026-03-01 11:18:06.262"
"7011","상일로25길","일반도로","국지도로","소로3류","폭6-8m","2026-03-01 11:18:06.267"
"7012","상일로3길","일반도로","국지도로","소로3류","폭6-8m","2026-03-01 11:18:06.267"
"7013","상일로5길","일반도로","국지도로","소로3류","폭6-8m","2026-03-01 11:18:06.267"
"7014","상일로6길","일반도로","국지도로","중로1류","폭20-25m","2026-03-01 11:18:06.267"
"7015","상일로7길","일반도로","국지도로","소로3류","폭6-8m","2026-03-01 11:18:06.267"
"7016","새말로","일반도로","국지도로","소로3류","폭6-8m","2026-03-01 11:18:06.267"
"7017","새말로","일반도로","국지도로","중로2류","폭15-20m","2026-03-01 11:18:06.267"
"7018","새말로10길","일반도로","국지도로","소로3류","폭6-8m","2026-03-01 11:18:06.267"
"7019","새말로11길","일반도로","국지도로","소로2류","폭8-10m","2026-03-01 11:18:06.267"
"7020","새말로12길","일반도로","국지도로","소로","6m미만","2026-03-01 11:18:06.267"
"7021","새말로12길","일반도로","국지도로","소로2류","폭8-10m","2026-03-01 11:18:06.272"
"7022","새말로13길","일반도로","국지도로","소로3류","폭6-8m","2026-03-01 11:18:06.272"
"7023","새말로15길","일반도로","국지도로","소로","6m미만","2026-03-01 11:18:06.272"
"7024","새말로16길","일반도로","국지도로","중로1류","폭20-25m","2026-03-01 11:18:06.272"
"7025","새말로17길","일반도로","국지도로","소로3류","폭6-8m","2026-03-01 11:18:06.272"
"7026","새말로18길","일반도로","국지도로","소로2류","폭8-10m","2026-03-01 11:18:06.272"
"7027","새말로19길","일반도로","국지도로","소로2류","폭8-10m","2026-03-01 11:18:06.272"
"7028","새말로20길","일반도로","국지도로","중로1류","폭20-25m","2026-03-01 11:18:06.272"
"7029","새말로4길","일반도로","국지도로","소로","6m미만","2026-03-01 11:18:06.272"
"7030","새말로5길","일반도로","국지도로","소로3류","폭6-8m","2026-03-01 11:18:06.272"
"7031","새말로6길","일반도로","국지도로","소로","6m미만","2026-03-01 11:18:06.277"
"7032","새말로6길","일반도로","국지도로","소로3류","폭6-8m","2026-03-01 11:18:06.277"
"7033","새말로8가길","일반도로","국지도로","소로","6m미만","2026-03-01 11:18:06.277"
"7034","새말로8길","일반도로","국지도로","소로","6m미만","2026-03-01 11:18:06.277"
"7035","새말로8길","일반도로","국지도로","소로3류","폭6-8m","2026-03-01 11:18:06.277"
"7036","새말로9길","일반도로","국지도로","소로1류","폭10-12m","2026-03-01 11:18:06.277"
"7037","새문안로","일반도로","국지도로","소로2류","폭8-10m","2026-03-01 11:18:06.277"
"7038","새문안로2길","일반도로","국지도로","중로1류","폭20-25m","2026-03-01 11:18:06.277"
"7039","새문안로3길","일반도로","국지도로","중로2류","폭15-20m","2026-03-01 11:18:06.277"
"7040","새문안로5가길","일반도로","국지도로","소로3류","폭6-8m","2026-03-01 11:18:06.277"
"7041","새문안로5길","일반도로","국지도로","소로2류","폭8-10m","2026-03-01 11:18:06.282"
"7042","새문안로7길","일반도로","국지도로","소로","6m미만","2026-03-01 11:18:06.282"
"7043","새문안로9길","일반도로","국지도로","소로","6m미만","2026-03-01 11:18:06.282"
"7044","새원1길","일반도로","국지도로","소로3류","폭6-8m","2026-03-01 11:18:06.282"
"7045","새원2길","일반도로","국지도로","소로","6m미만","2026-03-01 11:18:06.282"
"7046","새원3길","일반도로","국지도로","소로","6m미만","2026-03-01 11:18:06.282"
"7047","새원4길","일반도로","국지도로","소로","6m미만","2026-03-01 11:18:06.282"
"7048","새원6길","일반도로","국지도로","소로3류","폭6-8m","2026-03-01 11:18:06.282"
"7049","새원8길","일반도로","국지도로","소로","6m미만","2026-03-01 11:18:06.282"
"7050","새원길","일반도로","국지도로","소로","6m미만","2026-03-01 11:18:06.282"
"7051","새원말길","일반도로","국지도로","소로","6m미만","2026-03-01 11:18:06.287"
"7052","새정1길","일반도로","국지도로","소로","6m미만","2026-03-01 11:18:06.287"
"7053","새정2길","일반도로","국지도로","소로","6m미만","2026-03-01 11:18:06.287"
"7054","새정3길","일반도로","국지도로","소로","6m미만","2026-03-01 11:18:06.287"
"7055","새정길","일반도로","국지도로","소로","6m미만","2026-03-01 11:18:06.287"
"7056","새창로","일반도로","국지도로","소로2류","폭8-10m","2026-03-01 11:18:06.287"
"7057","새창로12길","일반도로","국지도로","소로3류","폭6-8m","2026-03-01 11:18:06.287"
"7058","새창로14길","일반도로","국지도로","소로","6m미만","2026-03-01 11:18:06.287"
"7059","새창로20가길","일반도로","국지도로","소로","6m미만","2026-03-01 11:18:06.287"
"7060","새창로20길","일반도로","국지도로","소로","6m미만","2026-03-01 11:18:06.287"
"7061","새창로2길","일반도로","국지도로","소로2류","폭8-10m","2026-03-01 11:18:06.292"
"7062","새창로33길","일반도로","국지도로","소로","6m미만","2026-03-01 11:18:06.292"
"7063","새창로35길","일반도로","국지도로","소로","6m미만","2026-03-01 11:18:06.292"
"7064","새창로42길","일반도로","국지도로","소로","6m미만","2026-03-01 11:18:06.292"
"7065","새창로44길","일반도로","국지도로","소로","6m미만","2026-03-01 11:18:06.292"
"7066","새창로45가길","일반도로","국지도로","소로","6m미만","2026-03-01 11:18:06.292"
"7067","새창로45길","일반도로","국지도로","소로","6m미만","2026-03-01 11:18:06.292"
"7068","새창로46길","일반도로","국지도로","소로","6m미만","2026-03-01 11:18:06.292"
"7069","새창로49길","일반도로","국지도로","소로","6m미만","2026-03-01 11:18:06.292"
"7070","새창로4가길","일반도로","국지도로","소로","6m미만","2026-03-01 11:18:06.292"
"7071","새창로4길","일반도로","국지도로","소로","6m미만","2026-03-01 11:18:06.297"
"7072","새창로4나길","일반도로","국지도로","소로","6m미만","2026-03-01 11:18:06.297"
"7073","새창로4다길","일반도로","국지도로","소로","6m미만","2026-03-01 11:18:06.297"
"7074","새창로4라길","일반도로","국지도로","소로","6m미만","2026-03-01 11:18:06.297"
"7075","새창로50길","일반도로","국지도로","소로","6m미만","2026-03-01 11:18:06.297"
"7076","새창로6가길","일반도로","국지도로","소로","6m미만","2026-03-01 11:18:06.297"
"7077","새창로6길","일반도로","국지도로","소로","6m미만","2026-03-01 11:18:06.297"
"7078","새창로6나길","일반도로","국지도로","소로","6m미만","2026-03-01 11:18:06.297"
"7079","새창로6다길","일반도로","국지도로","소로","6m미만","2026-03-01 11:18:06.297"
"7080","새창로6라길","일반도로","국지도로","소로","6m미만","2026-03-01 11:18:06.297"
"7081","새창로8길","일반도로","국지도로","소로2류","폭8-10m","2026-03-01 11:18:06.302"
"7082","새터산10길","일반도로","국지도로","소로","6m미만","2026-03-01 11:18:06.302"
"7083","새터산11길","일반도로","국지도로","소로","6m미만","2026-03-01 11:18:06.302"
"7084","새터산12길","일반도로","국지도로","소로","6m미만","2026-03-01 11:18:06.302"
"7085","새터산14길","일반도로","국지도로","소로","6m미만","2026-03-01 11:18:06.302"
"7086","새터산14안길","일반도로","국지도로","소로","6m미만","2026-03-01 11:18:06.302"
"7087","새터산16길","일반도로","국지도로","소로","6m미만","2026-03-01 11:18:06.302"
"7088","새터산2길","일반도로","국지도로","소로","6m미만","2026-03-01 11:18:06.302"
"7089","새터산4길","일반도로","국지도로","소로","6m미만","2026-03-01 11:18:06.302"
"7090","새터산5길","일반도로","국지도로","소로","6m미만","2026-03-01 11:18:06.302"
"7091","새터산6길","일반도로","국지도로","소로","6m미만","2026-03-01 11:18:06.308"
"7092","새터산7길","일반도로","국지도로","소로","6m미만","2026-03-01 11:18:06.308"
"7093","새터산8길","일반도로","국지도로","소로","6m미만","2026-03-01 11:18:06.308"
"7094","새터산9길","일반도로","국지도로","소로","6m미만","2026-03-01 11:18:06.308"
"7095","새터산길","일반도로","국지도로","소로","6m미만","2026-03-01 11:18:06.308"
"7096","샘마루길","일반도로","국지도로","소로","6m미만","2026-03-01 11:18:06.308"
"7097","샘마을1길","일반도로","국지도로","소로","6m미만","2026-03-01 11:18:06.308"
"7098","샘마을2길","일반도로","국지도로","소로","6m미만","2026-03-01 11:18:06.308"
"7099","샘마을길","일반도로","국지도로","소로","6m미만","2026-03-01 11:18:06.308"
"7100","서강대길","일반도로","국지도로","소로3류","폭6-8m","2026-03-01 11:18:06.308"
"7101","서강로","일반도로","국지도로","소로3류","폭6-8m","2026-03-01 11:18:06.313"
"7102","서강로11길","일반도로","국지도로","소로","6m미만","2026-03-01 11:18:06.313"
"7103","서강로13길","일반도로","국지도로","소로","6m미만","2026-03-01 11:18:06.313"
"7104","서강로14길","일반도로","국지도로","소로3류","폭6-8m","2026-03-01 11:18:06.313"
"7105","서강로16길","일반도로","국지도로","소로","6m미만","2026-03-01 11:18:06.313"
"7106","서강로18길","일반도로","국지도로","소로","6m미만","2026-03-01 11:18:06.313"
"7107","서강로1길","일반도로","국지도로","소로3류","폭6-8m","2026-03-01 11:18:06.313"
"7108","서강로20길","일반도로","국지도로","소로","6m미만","2026-03-01 11:18:06.313"
"7109","서강로3길","일반도로","국지도로","소로3류","폭6-8m","2026-03-01 11:18:06.313"
"7110","서강로5길","일반도로","국지도로","소로1류","폭10-12m","2026-03-01 11:18:06.313"
"7111","서강로8길","일반도로","국지도로","소로2류","폭8-10m","2026-03-01 11:18:06.318"
"7112","서강로9길","일반도로","국지도로","소로2류","폭8-10m","2026-03-01 11:18:06.318"
"7113","서경로","일반도로","국지도로","소로3류","폭6-8m","2026-03-01 11:18:06.318"
"7114","서경로11길","일반도로","국지도로","소로","6m미만","2026-03-01 11:18:06.318"
"7115","서경로13길","일반도로","국지도로","소로","6m미만","2026-03-01 11:18:06.318"
"7116","서경로15길","일반도로","국지도로","소로","6m미만","2026-03-01 11:18:06.318"
"7117","서경로18길","일반도로","국지도로","소로","6m미만","2026-03-01 11:18:06.318"
"7118","서경로20길","일반도로","국지도로","소로","6m미만","2026-03-01 11:18:06.318"
"7119","서경로21가길","일반도로","국지도로","소로","6m미만","2026-03-01 11:18:06.318"
"7120","서경로21길","일반도로","국지도로","소로","6m미만","2026-03-01 11:18:06.318"
"7121","서경로21나길","일반도로","국지도로","소로","6m미만","2026-03-01 11:18:06.323"
"7122","서경로2길","일반도로","국지도로","소로","6m미만","2026-03-01 11:18:06.323"
"7123","서경로3길","일반도로","국지도로","소로","6m미만","2026-03-01 11:18:06.323"
"7124","서경로5길","일반도로","국지도로","소로","6m미만","2026-03-01 11:18:06.323"
"7125","서경로6길","일반도로","국지도로","중로2류","폭15-20m","2026-03-01 11:18:06.323"
"7126","서경로9가길","일반도로","국지도로","소로","6m미만","2026-03-01 11:18:06.323"
"7127","서경로9길","일반도로","국지도로","소로","6m미만","2026-03-01 11:18:06.323"
"7128","서달로","일반도로","국지도로","소로2류","폭8-10m","2026-03-01 11:18:06.323"
"7129","서달로10가길","일반도로","국지도로","소로","6m미만","2026-03-01 11:18:06.323"
"7130","서달로10길","일반도로","국지도로","소로","6m미만","2026-03-01 11:18:06.323"
"7131","서달로10나길","일반도로","국지도로","소로","6m미만","2026-03-01 11:18:06.328"
"7132","서달로12가길","일반도로","국지도로","소로","6m미만","2026-03-01 11:18:06.328"
"7133","서달로12길","일반도로","국지도로","소로","6m미만","2026-03-01 11:18:06.328"
"7134","서달로12나길","일반도로","국지도로","소로","6m미만","2026-03-01 11:18:06.328"
"7135","서달로12다길","일반도로","국지도로","소로","6m미만","2026-03-01 11:18:06.328"
"7136","서달로12사길","일반도로","국지도로","소로","6m미만","2026-03-01 11:18:06.328"
"7137","서달로13길","일반도로","국지도로","소로","6m미만","2026-03-01 11:18:06.328"
"7138","서달로14가길","일반도로","국지도로","소로","6m미만","2026-03-01 11:18:06.328"
"7139","서달로14길","일반도로","국지도로","소로","6m미만","2026-03-01 11:18:06.328"
"7140","서달로14나길","일반도로","국지도로","소로","6m미만","2026-03-01 11:18:06.328"
"7141","서달로14다길","일반도로","국지도로","소로","6m미만","2026-03-01 11:18:06.333"
"7142","서달로14라길","일반도로","국지도로","소로3류","폭6-8m","2026-03-01 11:18:06.333"
"7143","서달로14마길","일반도로","국지도로","소로","6m미만","2026-03-01 11:18:06.333"
"7144","서달로14바길","일반도로","국지도로","소로","6m미만","2026-03-01 11:18:06.333"
"7145","서달로14사길","일반도로","국지도로","소로","6m미만","2026-03-01 11:18:06.333"
"7146","서달로15길","일반도로","국지도로","소로","6m미만","2026-03-01 11:18:06.333"
"7147","서달로1길","일반도로","국지도로","소로2류","폭8-10m","2026-03-01 11:18:06.333"
"7148","서달로2길","일반도로","국지도로","소로1류","폭10-12m","2026-03-01 11:18:06.333"
"7149","서달로6길","일반도로","국지도로","소로","6m미만","2026-03-01 11:18:06.333"
"7150","서달로8가길","일반도로","국지도로","소로","6m미만","2026-03-01 11:18:06.333"
"7151","서달로8길","일반도로","국지도로","소로","6m미만","2026-03-01 11:18:06.338"
"7152","서래로","일반도로","국지도로","중로2류","폭15-20m","2026-03-01 11:18:06.338"
"7153","서래로10길","일반도로","국지도로","소로3류","폭6-8m","2026-03-01 11:18:06.338"
"7154","서래로1길","일반도로","국지도로","소로3류","폭6-8m","2026-03-01 11:18:06.338"
"7155","서래로2길","일반도로","국지도로","소로","6m미만","2026-03-01 11:18:06.338"
"7156","서래로3길","일반도로","국지도로","소로3류","폭6-8m","2026-03-01 11:18:06.338"
"7157","서래로4길","일반도로","국지도로","소로3류","폭6-8m","2026-03-01 11:18:06.338"
"7158","서래로5길","일반도로","국지도로","소로","6m미만","2026-03-01 11:18:06.338"
"7159","서래로6길","일반도로","국지도로","소로3류","폭6-8m","2026-03-01 11:18:06.338"
"7160","서래로7길","일반도로","국지도로","소로","6m미만","2026-03-01 11:18:06.338"
"7161","서래로8길","일반도로","국지도로","소로","6m미만","2026-03-01 11:18:06.343"
"7162","서리풀2길","일반도로","국지도로","소로","6m미만","2026-03-01 11:18:06.343"
"7163","서리풀3길","일반도로","국지도로","소로","6m미만","2026-03-01 11:18:06.343"
"7164","서리풀4길","일반도로","국지도로","소로3류","폭6-8m","2026-03-01 11:18:06.343"
"7165","서리풀6길","일반도로","국지도로","소로","6m미만","2026-03-01 11:18:06.343"
"7166","서리풀8길","일반도로","국지도로","소로3류","폭6-8m","2026-03-01 11:18:06.343"
"7167","서리풀길","일반도로","국지도로","소로3류","폭6-8m","2026-03-01 11:18:06.343"
"7168","서린~상일선","일반도로","주간선도로","광로3류","폭40-50m","2026-03-01 11:18:06.343"
"7169","서림11가길","일반도로","국지도로","소로","6m미만","2026-03-01 11:18:06.343"
"7170","서림11길","일반도로","국지도로","소로","6m미만","2026-03-01 11:18:06.343"
"7171","서림1길","일반도로","국지도로","소로","6m미만","2026-03-01 11:18:06.348"
"7172","서림3길","일반도로","국지도로","소로3류","폭6-8m","2026-03-01 11:18:06.348"
"7173","서림5길","일반도로","국지도로","소로","6m미만","2026-03-01 11:18:06.348"
"7174","서림6길","일반도로","국지도로","소로","6m미만","2026-03-01 11:18:06.348"
"7175","서림7길","일반도로","국지도로","소로","6m미만","2026-03-01 11:18:06.348"
"7176","서림9길","일반도로","국지도로","소로","6m미만","2026-03-01 11:18:06.348"
"7177","서림길","일반도로","국지도로","소로3류","폭6-8m","2026-03-01 11:18:06.348"
"7178","서부간선","자동차전용도로","도시고속도로","대로3류","폭25-30m","2026-03-01 11:18:06.348"
"7179","서부간선도로","일반도로","국지도로","확인","불가","2026-03-01 11:18:06.348"
"7180","서부간선지하도로","자동차전용도로","도시고속도로","소로2류","폭8-10m","2026-03-01 11:18:06.348"
"7181","서부샛길","일반도로","국지도로","소로2류","폭8-10m","2026-03-01 11:18:06.353"
"7182","서빙고로","일반도로","국지도로","소로3류","폭6-8m","2026-03-01 11:18:06.353"
"7183","서빙고로17길","일반도로","국지도로","소로","6m미만","2026-03-01 11:18:06.353"
"7184","서빙고로20길","일반도로","국지도로","소로","6m미만","2026-03-01 11:18:06.353"
"7185","서빙고로22길","일반도로","국지도로","소로","6m미만","2026-03-01 11:18:06.353"
"7186","서빙고로24길","일반도로","국지도로","소로","6m미만","2026-03-01 11:18:06.353"
"7187","서빙고로3길","일반도로","국지도로","소로3류","폭6-8m","2026-03-01 11:18:06.353"
"7188","서빙고로51가길","일반도로","국지도로","소로","6m미만","2026-03-01 11:18:06.353"
"7189","서빙고로51길","일반도로","국지도로","소로","6m미만","2026-03-01 11:18:06.353"
"7190","서빙고로57길","일반도로","국지도로","소로","6m미만","2026-03-01 11:18:06.353"
"7191","서빙고로59길","일반도로","국지도로","소로","6m미만","2026-03-01 11:18:06.358"
"7192","서빙고로62길","일반도로","국지도로","소로1류","폭10-12m","2026-03-01 11:18:06.358"
"7193","서빙고로65길","일반도로","국지도로","소로","6m미만","2026-03-01 11:18:06.358"
"7194","서빙고로67길","일반도로","국지도로","소로","6m미만","2026-03-01 11:18:06.358"
"7195","서빙고로71길","일반도로","국지도로","소로","6m미만","2026-03-01 11:18:06.358"
"7196","서빙고로73길","일반도로","국지도로","소로","6m미만","2026-03-01 11:18:06.358"
"7197","서빙고로75가길","일반도로","국지도로","소로","6m미만","2026-03-01 11:18:06.358"
"7198","서빙고로75길","일반도로","국지도로","소로","6m미만","2026-03-01 11:18:06.358"
"7199","서빙고로79가길","일반도로","국지도로","소로","6m미만","2026-03-01 11:18:06.358"
"7200","서빙고로79길","일반도로","국지도로","소로","6m미만","2026-03-01 11:18:06.358"
"7201","서빙고로91가길","일반도로","국지도로","소로","6m미만","2026-03-01 11:18:06.363"
"7202","서빙고로91길","일반도로","국지도로","소로","6m미만","2026-03-01 11:18:06.363"
"7203","서빙고로91나길","일반도로","국지도로","소로","6m미만","2026-03-01 11:18:06.363"
"7204","서빙고로91다길","일반도로","국지도로","소로","6m미만","2026-03-01 11:18:06.363"
"7205","서빙고로91라길","일반도로","국지도로","소로","6m미만","2026-03-01 11:18:06.363"
"7206","서빙고로95길","일반도로","국지도로","소로","6m미만","2026-03-01 11:18:06.363"
"7207","서빙고로97길","일반도로","국지도로","소로","6m미만","2026-03-01 11:18:06.363"
"7208","서소문로","일반도로","국지도로","소로","6m미만","2026-03-01 11:18:06.363"
"7209","서소문로11길","일반도로","국지도로","소로3류","폭6-8m","2026-03-01 11:18:06.363"
"7210","서소문로12길","일반도로","국지도로","소로1류","폭10-12m","2026-03-01 11:18:06.363"
"7211","서소문로2길","일반도로","국지도로","소로","6m미만","2026-03-01 11:18:06.368"
"7212","서소문로6길","일반도로","국지도로","소로","6m미만","2026-03-01 11:18:06.368"
"7213","서소문로8길","일반도로","국지도로","중로1류","폭20-25m","2026-03-01 11:18:06.368"
"7214","서소문로9길","일반도로","국지도로","소로2류","폭8-10m","2026-03-01 11:18:06.368"
"7215","서순라길","일반도로","국지도로","소로","6m미만","2026-03-01 11:18:06.368"
"7216","서애로","일반도로","국지도로","소로","6m미만","2026-03-01 11:18:06.368"
"7217","서애로1길","일반도로","국지도로","소로","6m미만","2026-03-01 11:18:06.368"
"7218","서애로3길","일반도로","국지도로","소로","6m미만","2026-03-01 11:18:06.368"
"7219","서애로5길","일반도로","국지도로","소로","6m미만","2026-03-01 11:18:06.368"
"7220","서오릉~진관외선","일반도로","보조간선도로","대로3류","폭25-30m","2026-03-01 11:18:06.368"
"7221","서오릉로","일반도로","국지도로","소로","6m미만","2026-03-01 11:18:06.373"
"7222","서오릉로10길","일반도로","국지도로","소로","6m미만","2026-03-01 11:18:06.373"
"7223","서오릉로11길","일반도로","국지도로","소로","6m미만","2026-03-01 11:18:06.373"
"7224","서오릉로13길","일반도로","국지도로","소로","6m미만","2026-03-01 11:18:06.373"
"7225","서오릉로15길","일반도로","국지도로","소로","6m미만","2026-03-01 11:18:06.373"
"7226","서오릉로17길","일반도로","국지도로","소로","6m미만","2026-03-01 11:18:06.373"
"7227","서오릉로18길","일반도로","국지도로","소로","6m미만","2026-03-01 11:18:06.373"
"7228","서오릉로20길","일반도로","국지도로","소로","6m미만","2026-03-01 11:18:06.373"
"7229","서오릉로21가길","일반도로","국지도로","소로","6m미만","2026-03-01 11:18:06.373"
"7230","서오릉로21길","일반도로","국지도로","소로","6m미만","2026-03-01 11:18:06.373"
"7231","서오릉로22길","일반도로","국지도로","소로","6m미만","2026-03-01 11:18:06.378"
"7232","서오릉로23길","일반도로","국지도로","소로","6m미만","2026-03-01 11:18:06.378"
"7233","서오릉로24길","일반도로","국지도로","소로3류","폭6-8m","2026-03-01 11:18:06.378"
"7234","서오릉로25가길","일반도로","국지도로","소로","6m미만","2026-03-01 11:18:06.378"
"7235","서오릉로25길","일반도로","국지도로","소로","6m미만","2026-03-01 11:18:06.378"
"7236","서오릉로27길","일반도로","국지도로","소로","6m미만","2026-03-01 11:18:06.378"
"7237","서오릉로2길","일반도로","국지도로","소로3류","폭6-8m","2026-03-01 11:18:06.378"
"7238","서오릉로4길","일반도로","국지도로","소로","6m미만","2026-03-01 11:18:06.378"
"7239","서오릉로6가길","일반도로","국지도로","소로","6m미만","2026-03-01 11:18:06.378"
"7240","서오릉로6길","일반도로","국지도로","소로","6m미만","2026-03-01 11:18:06.378"
"7241","서오릉로7길","일반도로","국지도로","소로","6m미만","2026-03-01 11:18:06.385"
"7242","서오릉로8길","일반도로","국지도로","소로","6m미만","2026-03-01 11:18:06.385"
"7243","서오릉로9길","일반도로","국지도로","소로","6m미만","2026-03-01 11:18:06.385"
"7244","서운로","일반도로","국지도로","중로1류","폭20-25m","2026-03-01 11:18:06.385"
"7245","서운로11길","일반도로","국지도로","소로","6m미만","2026-03-01 11:18:06.385"
"7246","서운로15길","일반도로","국지도로","소로3류","폭6-8m","2026-03-01 11:18:06.385"
"7247","서운로19길","일반도로","국지도로","소로3류","폭6-8m","2026-03-01 11:18:06.385"
"7248","서운로1길","일반도로","국지도로","소로","6m미만","2026-03-01 11:18:06.385"
"7249","서운로21길","일반도로","국지도로","중로2류","폭15-20m","2026-03-01 11:18:06.385"
"7250","서운로23길","일반도로","국지도로","소로2류","폭8-10m","2026-03-01 11:18:06.385"
"7251","서운로26길","일반도로","국지도로","소로1류","폭10-12m","2026-03-01 11:18:06.39"
"7252","서운로3길","일반도로","국지도로","소로","6m미만","2026-03-01 11:18:06.39"
"7253","서운로6길","일반도로","국지도로","소로","6m미만","2026-03-01 11:18:06.391"
"7254","서운로9길","일반도로","국지도로","소로2류","폭8-10m","2026-03-01 11:18:06.391"
"7255","서울숲2길","일반도로","국지도로","소로","6m미만","2026-03-01 11:18:06.391"
"7256","서울숲4길","일반도로","국지도로","소로","6m미만","2026-03-01 11:18:06.391"
"7257","서울숲6길","일반도로","국지도로","소로","6m미만","2026-03-01 11:18:06.391"
"7258","서울숲7길","일반도로","국지도로","소로","6m미만","2026-03-01 11:18:06.391"
"7259","서울숲9길","일반도로","국지도로","소로2류","폭8-10m","2026-03-01 11:18:06.391"
"7260","서울숲길","일반도로","국지도로","중로2류","폭15-20m","2026-03-01 11:18:06.391"
"7261","서울시립대로","일반도로","국지도로","소로","6m미만","2026-03-01 11:18:06.396"
"7262","서울시립대로12길","일반도로","국지도로","중로2류","폭15-20m","2026-03-01 11:18:06.396"
"7263","서울시립대로14길","일반도로","국지도로","소로","6m미만","2026-03-01 11:18:06.396"
"7264","서울시립대로16길","일반도로","국지도로","소로","6m미만","2026-03-01 11:18:06.396"
"7265","서울시립대로18가길","일반도로","국지도로","소로","6m미만","2026-03-01 11:18:06.396"
"7266","서울시립대로18길","일반도로","국지도로","소로3류","폭6-8m","2026-03-01 11:18:06.396"
"7267","서울시립대로19길","일반도로","국지도로","소로","6m미만","2026-03-01 11:18:06.396"
"7268","서울시립대로21길","일반도로","국지도로","소로","6m미만","2026-03-01 11:18:06.396"
"7269","서울시립대로23길","일반도로","국지도로","소로","6m미만","2026-03-01 11:18:06.396"
"7270","서울시립대로25길","일반도로","국지도로","소로","6m미만","2026-03-01 11:18:06.396"
"7271","서울시립대로27길","일반도로","국지도로","소로","6m미만","2026-03-01 11:18:06.401"
"7272","서울시립대로28가길","일반도로","국지도로","소로","6m미만","2026-03-01 11:18:06.401"
"7273","서울시립대로28길","일반도로","국지도로","소로","6m미만","2026-03-01 11:18:06.401"
"7274","서울시립대로28나길","일반도로","국지도로","소로","6m미만","2026-03-01 11:18:06.401"
"7275","서울시립대로29가길","일반도로","국지도로","소로","6m미만","2026-03-01 11:18:06.401"
"7276","서울시립대로29길","일반도로","국지도로","소로","6m미만","2026-03-01 11:18:06.401"
"7277","서울시립대로29나길","일반도로","국지도로","소로","6m미만","2026-03-01 11:18:06.401"
"7278","서울시립대로2길","일반도로","국지도로","소로","6m미만","2026-03-01 11:18:06.401"
"7279","서울시립대로3길","일반도로","국지도로","소로","6m미만","2026-03-01 11:18:06.401"
"7280","서울시립대로4길","일반도로","국지도로","소로","6m미만","2026-03-01 11:18:06.401"
"7281","서울시립대로5길","일반도로","국지도로","소로","6m미만","2026-03-01 11:18:06.405"
"7282","서울시립대로7길","일반도로","국지도로","소로3류","폭6-8m","2026-03-01 11:18:06.405"
"7283","서울시립대로8길","일반도로","국지도로","소로","6m미만","2026-03-01 11:18:06.405"
"7284","서울시립대로9길","일반도로","국지도로","소로2류","폭8-10m","2026-03-01 11:18:06.405"
"7285","서울양양고속도로","일반도로","기타","확인","불가","2026-03-01 11:18:06.405"
"7286","서원10길","일반도로","국지도로","소로","6m미만","2026-03-01 11:18:06.405"
"7287","서원1길","일반도로","국지도로","소로","6m미만","2026-03-01 11:18:06.405"
"7288","서원2길","일반도로","국지도로","소로","6m미만","2026-03-01 11:18:06.405"
"7289","서원3길","일반도로","국지도로","소로","6m미만","2026-03-01 11:18:06.405"
"7290","서원4길","일반도로","국지도로","소로","6m미만","2026-03-01 11:18:06.405"
"7291","서원5길","일반도로","국지도로","소로3류","폭6-8m","2026-03-01 11:18:06.41"
"7292","서원6길","일반도로","국지도로","소로","6m미만","2026-03-01 11:18:06.41"
"7293","서원7길","일반도로","국지도로","소로","6m미만","2026-03-01 11:18:06.41"
"7294","서원8길","일반도로","국지도로","소로","6m미만","2026-03-01 11:18:06.41"
"7295","서원길","일반도로","국지도로","소로2류","폭8-10m","2026-03-01 11:18:06.41"
"7296","서초~개포선","일반도로","보조간선도로","대로1류","폭35-40m","2026-03-01 11:18:06.411"
"7297","서초~청담선","일반도로","보조간선도로","대로3류","폭25-30m","2026-03-01 11:18:06.411"
"7298","서초대로","일반도로","국지도로","소로3류","폭6-8m","2026-03-01 11:18:06.411"
"7299","서초대로15길","일반도로","국지도로","소로","6m미만","2026-03-01 11:18:06.411"
"7300","서초대로16길","일반도로","국지도로","소로","6m미만","2026-03-01 11:18:06.411"
"7301","서초대로18길","일반도로","국지도로","소로3류","폭6-8m","2026-03-01 11:18:06.416"
"7302","서초대로19길","일반도로","국지도로","소로","6m미만","2026-03-01 11:18:06.416"
"7303","서초대로1길","일반도로","국지도로","소로","6m미만","2026-03-01 11:18:06.416"
"7304","서초대로22길","일반도로","국지도로","소로","6m미만","2026-03-01 11:18:06.416"
"7305","서초대로23길","일반도로","국지도로","소로","6m미만","2026-03-01 11:18:06.416"
"7306","서초대로24길","일반도로","국지도로","소로","6m미만","2026-03-01 11:18:06.416"
"7307","서초대로25길","일반도로","국지도로","소로","6m미만","2026-03-01 11:18:06.416"
"7308","서초대로26길","일반도로","국지도로","소로3류","폭6-8m","2026-03-01 11:18:06.416"
"7309","서초대로27길","일반도로","국지도로","소로","6m미만","2026-03-01 11:18:06.416"
"7310","서초대로28길","일반도로","국지도로","소로","6m미만","2026-03-01 11:18:06.416"
"7311","서초대로29길","일반도로","국지도로","소로","6m미만","2026-03-01 11:18:06.421"
"7312","서초대로2길","일반도로","국지도로","소로","6m미만","2026-03-01 11:18:06.421"
"7313","서초대로30길","일반도로","국지도로","소로","6m미만","2026-03-01 11:18:06.421"
"7314","서초대로32길","일반도로","국지도로","소로","6m미만","2026-03-01 11:18:06.421"
"7315","서초대로33길","일반도로","국지도로","소로3류","폭6-8m","2026-03-01 11:18:06.421"
"7316","서초대로34가길","일반도로","국지도로","소로2류","폭8-10m","2026-03-01 11:18:06.421"
"7317","서초대로34길","일반도로","국지도로","소로","6m미만","2026-03-01 11:18:06.421"
"7318","서초대로38길","일반도로","국지도로","소로2류","폭8-10m","2026-03-01 11:18:06.421"
"7319","서초대로3길","일반도로","국지도로","소로","6m미만","2026-03-01 11:18:06.421"
"7320","서초대로40길","일반도로","국지도로","소로2류","폭8-10m","2026-03-01 11:18:06.421"
"7321","서초대로41길","일반도로","국지도로","소로3류","폭6-8m","2026-03-01 11:18:06.426"
"7322","서초대로42길","일반도로","국지도로","소로3류","폭6-8m","2026-03-01 11:18:06.426"
"7323","서초대로45길","일반도로","국지도로","소로2류","폭8-10m","2026-03-01 11:18:06.426"
"7324","서초대로46길","일반도로","국지도로","소로","6m미만","2026-03-01 11:18:06.426"
"7325","서초대로48길","일반도로","국지도로","소로","6m미만","2026-03-01 11:18:06.426"
"7326","서초대로49길","일반도로","국지도로","소로1류","폭10-12m","2026-03-01 11:18:06.426"
"7327","서초대로4길","일반도로","국지도로","소로3류","폭6-8m","2026-03-01 11:18:06.426"
"7328","서초대로50길","일반도로","국지도로","소로2류","폭8-10m","2026-03-01 11:18:06.426"
"7329","서초대로51길","일반도로","국지도로","소로2류","폭8-10m","2026-03-01 11:18:06.426"
"7330","서초대로52길","일반도로","국지도로","소로3류","폭6-8m","2026-03-01 11:18:06.426"
"7331","서초대로53길","일반도로","국지도로","소로3류","폭6-8m","2026-03-01 11:18:06.431"
"7332","서초대로54길","일반도로","국지도로","소로","6m미만","2026-03-01 11:18:06.431"
"7333","서초대로55길","일반도로","국지도로","소로","6m미만","2026-03-01 11:18:06.431"
"7334","서초대로56길","일반도로","국지도로","소로3류","폭6-8m","2026-03-01 11:18:06.431"
"7335","서초대로58길","일반도로","국지도로","소로3류","폭6-8m","2026-03-01 11:18:06.431"
"7336","서초대로60길","일반도로","국지도로","소로","6m미만","2026-03-01 11:18:06.431"
"7337","서초대로62길","일반도로","국지도로","소로","6m미만","2026-03-01 11:18:06.431"
"7338","서초대로64길","일반도로","국지도로","소로3류","폭6-8m","2026-03-01 11:18:06.431"
"7339","서초대로65길","일반도로","국지도로","소로1류","폭10-12m","2026-03-01 11:18:06.431"
"7340","서초대로66길","일반도로","국지도로","소로2류","폭8-10m","2026-03-01 11:18:06.431"
"7341","서초대로68길","일반도로","국지도로","소로","6m미만","2026-03-01 11:18:06.436"
"7342","서초대로70길","일반도로","국지도로","소로3류","폭6-8m","2026-03-01 11:18:06.436"
"7343","서초대로71길","일반도로","국지도로","소로2류","폭8-10m","2026-03-01 11:18:06.436"
"7344","서초대로72길","일반도로","국지도로","중로2류","폭15-20m","2026-03-01 11:18:06.436"
"7345","서초대로73길","일반도로","국지도로","중로2류","폭15-20m","2026-03-01 11:18:06.436"
"7346","서초대로74길","일반도로","국지도로","중로2류","폭15-20m","2026-03-01 11:18:06.436"
"7347","서초대로75길","일반도로","국지도로","소로","6m미만","2026-03-01 11:18:06.436"
"7348","서초대로77길","일반도로","국지도로","소로2류","폭8-10m","2026-03-01 11:18:06.436"
"7349","서초대로78길","일반도로","국지도로","중로2류","폭15-20m","2026-03-01 11:18:06.436"
"7350","서초대로7길","일반도로","국지도로","소로","6m미만","2026-03-01 11:18:06.436"
"7351","서초중앙로","일반도로","국지도로","소로3류","폭6-8m","2026-03-01 11:18:06.441"
"7352","서초중앙로12길","일반도로","국지도로","소로","6m미만","2026-03-01 11:18:06.442"
"7353","서초중앙로18길","일반도로","국지도로","소로3류","폭6-8m","2026-03-01 11:18:06.442"
"7354","서초중앙로20길","일반도로","국지도로","소로","6m미만","2026-03-01 11:18:06.442"
"7355","서초중앙로22길","일반도로","국지도로","소로3류","폭6-8m","2026-03-01 11:18:06.442"
"7356","서초중앙로24길","일반도로","국지도로","중로1류","폭20-25m","2026-03-01 11:18:06.442"
"7357","서초중앙로26길","일반도로","국지도로","소로3류","폭6-8m","2026-03-01 11:18:06.442"
"7358","서초중앙로28길","일반도로","국지도로","중로1류","폭20-25m","2026-03-01 11:18:06.442"
"7359","서초중앙로29길","일반도로","국지도로","소로2류","폭8-10m","2026-03-01 11:18:06.442"
"7360","서초중앙로2길","일반도로","국지도로","소로3류","폭6-8m","2026-03-01 11:18:06.442"
"7361","서초중앙로31길","일반도로","국지도로","소로3류","폭6-8m","2026-03-01 11:18:06.447"
"7362","서초중앙로33길","일반도로","국지도로","소로3류","폭6-8m","2026-03-01 11:18:06.447"
"7363","서초중앙로5길","일반도로","국지도로","소로3류","폭6-8m","2026-03-01 11:18:06.447"
"7364","서초중앙로6길","일반도로","국지도로","소로","6m미만","2026-03-01 11:18:06.447"
"7365","서초중앙로8길","일반도로","국지도로","소로","6m미만","2026-03-01 11:18:06.447"
"7366","서해안고속도로","일반도로","기타","중로1류","폭20-25m","2026-03-01 11:18:06.447"
"7367","서해안로","일반도로","국지도로","소로","6m미만","2026-03-01 11:18:06.447"
"7368","서해안로18길","일반도로","국지도로","소로","6m미만","2026-03-01 11:18:06.447"
"7369","서해안로20길","일반도로","국지도로","소로3류","폭6-8m","2026-03-01 11:18:06.447"
"7370","서해안로21길","일반도로","국지도로","소로3류","폭6-8m","2026-03-01 11:18:06.447"
"7371","서해안로24길","일반도로","국지도로","소로2류","폭8-10m","2026-03-01 11:18:06.452"
"7372","서해안로26길","일반도로","국지도로","소로","6m미만","2026-03-01 11:18:06.452"
"7373","서해안로28길","일반도로","국지도로","소로","6m미만","2026-03-01 11:18:06.452"
"7374","서해안로30길","일반도로","국지도로","소로","6m미만","2026-03-01 11:18:06.452"
"7375","서해안로32길","일반도로","국지도로","소로","6m미만","2026-03-01 11:18:06.452"
"7376","서해안로34가길","일반도로","국지도로","소로","6m미만","2026-03-01 11:18:06.452"
"7377","서해안로34길","일반도로","국지도로","소로","6m미만","2026-03-01 11:18:06.452"
"7378","석계로","일반도로","국지도로","소로","6m미만","2026-03-01 11:18:06.452"
"7379","석계로11길","일반도로","국지도로","소로","6m미만","2026-03-01 11:18:06.452"
"7380","석계로13길","일반도로","국지도로","소로3류","폭6-8m","2026-03-01 11:18:06.452"
"7381","석계로15길","일반도로","국지도로","소로3류","폭6-8m","2026-03-01 11:18:06.457"
"7382","석계로18길","일반도로","국지도로","소로","6m미만","2026-03-01 11:18:06.457"
"7383","석계로1길","일반도로","국지도로","소로3류","폭6-8m","2026-03-01 11:18:06.457"
"7384","석계로3길","일반도로","국지도로","소로","6m미만","2026-03-01 11:18:06.457"
"7385","석계로5길","일반도로","국지도로","소로","6m미만","2026-03-01 11:18:06.457"
"7386","석계로7길","일반도로","국지도로","소로","6m미만","2026-03-01 11:18:06.457"
"7387","석계로8가길","일반도로","국지도로","소로","6m미만","2026-03-01 11:18:06.457"
"7388","석계로8길","일반도로","국지도로","소로2류","폭8-10m","2026-03-01 11:18:06.457"
"7389","석계로9길","일반도로","국지도로","소로3류","폭6-8m","2026-03-01 11:18:06.457"
"7390","석촌호수로","일반도로","국지도로","중로1류","폭20-25m","2026-03-01 11:18:06.457"
"7391","석촌호수로12길","일반도로","국지도로","소로","6m미만","2026-03-01 11:18:06.462"
"7392","석촌호수로18길","일반도로","국지도로","소로3류","폭6-8m","2026-03-01 11:18:06.462"
"7393","석촌호수로20길","일반도로","국지도로","소로","6m미만","2026-03-01 11:18:06.462"
"7394","선릉로","일반도로","국지도로","대로3류","폭25-30m","2026-03-01 11:18:06.462"
"7395","선릉로100길","일반도로","국지도로","소로1류","폭10-12m","2026-03-01 11:18:06.462"
"7396","선릉로103길","일반도로","국지도로","소로","6m미만","2026-03-01 11:18:06.462"
"7397","선릉로105길","일반도로","국지도로","소로","6m미만","2026-03-01 11:18:06.462"
"7398","선릉로107길","일반도로","국지도로","소로","6m미만","2026-03-01 11:18:06.462"
"7399","선릉로108길","일반도로","국지도로","소로","6m미만","2026-03-01 11:18:06.462"
"7400","선릉로10길","일반도로","국지도로","소로","6m미만","2026-03-01 11:18:06.462"
"7401","선릉로111길","일반도로","국지도로","소로3류","폭6-8m","2026-03-01 11:18:06.467"
"7402","선릉로112길","일반도로","국지도로","소로3류","폭6-8m","2026-03-01 11:18:06.467"
"7403","선릉로115길","일반도로","국지도로","소로","6m미만","2026-03-01 11:18:06.467"
"7404","선릉로116길","일반도로","국지도로","소로","6m미만","2026-03-01 11:18:06.467"
"7405","선릉로118길","일반도로","국지도로","소로","6m미만","2026-03-01 11:18:06.467"
"7406","선릉로119길","일반도로","국지도로","소로","6m미만","2026-03-01 11:18:06.467"
"7407","선릉로120길","일반도로","국지도로","소로3류","폭6-8m","2026-03-01 11:18:06.467"
"7408","선릉로121길","일반도로","국지도로","소로3류","폭6-8m","2026-03-01 11:18:06.467"
"7409","선릉로122길","일반도로","국지도로","소로","6m미만","2026-03-01 11:18:06.467"
"7410","선릉로125길","일반도로","국지도로","소로","6m미만","2026-03-01 11:18:06.467"
"7411","선릉로126길","일반도로","국지도로","소로2류","폭8-10m","2026-03-01 11:18:06.472"
"7412","선릉로127길","일반도로","국지도로","소로","6m미만","2026-03-01 11:18:06.472"
"7413","선릉로129길","일반도로","국지도로","소로3류","폭6-8m","2026-03-01 11:18:06.472"
"7414","선릉로12길","일반도로","국지도로","소로","6m미만","2026-03-01 11:18:06.472"
"7415","선릉로130길","일반도로","국지도로","소로2류","폭8-10m","2026-03-01 11:18:06.472"
"7416","선릉로131길","일반도로","국지도로","소로3류","폭6-8m","2026-03-01 11:18:06.472"
"7417","선릉로132길","일반도로","국지도로","소로","6m미만","2026-03-01 11:18:06.472"
"7418","선릉로133길","일반도로","국지도로","소로","6m미만","2026-03-01 11:18:06.472"
"7419","선릉로134길","일반도로","국지도로","소로","6m미만","2026-03-01 11:18:06.472"
"7420","선릉로135길","일반도로","국지도로","소로","6m미만","2026-03-01 11:18:06.472"
"7421","선릉로137길","일반도로","국지도로","소로","6m미만","2026-03-01 11:18:06.477"
"7422","선릉로138길","일반도로","국지도로","소로","6m미만","2026-03-01 11:18:06.477"
"7423","선릉로141길","일반도로","국지도로","소로","6m미만","2026-03-01 11:18:06.477"
"7424","선릉로145길","일반도로","국지도로","소로2류","폭8-10m","2026-03-01 11:18:06.477"
"7425","선릉로146길","일반도로","국지도로","소로","6m미만","2026-03-01 11:18:06.477"
"7426","선릉로148길","일반도로","국지도로","소로3류","폭6-8m","2026-03-01 11:18:06.477"
"7427","선릉로14길","일반도로","국지도로","소로","6m미만","2026-03-01 11:18:06.477"
"7428","선릉로152길","일반도로","국지도로","소로2류","폭8-10m","2026-03-01 11:18:06.477"
"7429","선릉로153길","일반도로","국지도로","소로2류","폭8-10m","2026-03-01 11:18:06.477"
"7430","선릉로155길","일반도로","국지도로","소로","6m미만","2026-03-01 11:18:06.477"
"7431","선릉로157길","일반도로","국지도로","소로","6m미만","2026-03-01 11:18:06.482"
"7432","선릉로158길","일반도로","국지도로","소로2류","폭8-10m","2026-03-01 11:18:06.482"
"7433","선릉로160길","일반도로","국지도로","소로","6m미만","2026-03-01 11:18:06.482"
"7434","선릉로161길","일반도로","국지도로","소로","6m미만","2026-03-01 11:18:06.482"
"7435","선릉로162길","일반도로","국지도로","소로3류","폭6-8m","2026-03-01 11:18:06.482"
"7436","선릉로16길","일반도로","국지도로","소로","6m미만","2026-03-01 11:18:06.482"
"7437","선릉로189길","일반도로","국지도로","중로1류","폭20-25m","2026-03-01 11:18:06.482"
"7438","선릉로18길","일반도로","국지도로","소로","6m미만","2026-03-01 11:18:06.482"
"7439","선릉로190길","일반도로","국지도로","중로1류","폭20-25m","2026-03-01 11:18:06.482"
"7440","선릉로4길","일반도로","국지도로","중로1류","폭20-25m","2026-03-01 11:18:06.482"
"7441","선릉로62길","일반도로","국지도로","소로","6m미만","2026-03-01 11:18:06.487"
"7442","선릉로63길","일반도로","국지도로","소로3류","폭6-8m","2026-03-01 11:18:06.487"
"7443","선릉로64길","일반도로","국지도로","소로3류","폭6-8m","2026-03-01 11:18:06.487"
"7444","선릉로66길","일반도로","국지도로","소로","6m미만","2026-03-01 11:18:06.487"
"7445","선릉로68길","일반도로","국지도로","소로","6m미만","2026-03-01 11:18:06.487"
"7446","선릉로69길","일반도로","국지도로","소로2류","폭8-10m","2026-03-01 11:18:06.487"
"7447","선릉로6길","일반도로","국지도로","소로","6m미만","2026-03-01 11:18:06.487"
"7448","선릉로72길","일반도로","국지도로","소로","6m미만","2026-03-01 11:18:06.487"
"7449","선릉로76길","일반도로","국지도로","소로3류","폭6-8m","2026-03-01 11:18:06.487"
"7450","선릉로82길","일반도로","국지도로","소로","6m미만","2026-03-01 11:18:06.487"
"7451","선릉로85길","일반도로","국지도로","소로1류","폭10-12m","2026-03-01 11:18:06.492"
"7452","선릉로86길","일반도로","국지도로","소로3류","폭6-8m","2026-03-01 11:18:06.492"
"7453","선릉로87길","일반도로","국지도로","소로","6m미만","2026-03-01 11:18:06.492"
"7454","선릉로89길","일반도로","국지도로","소로","6m미만","2026-03-01 11:18:06.492"
"7455","선릉로8길","일반도로","국지도로","소로","6m미만","2026-03-01 11:18:06.492"
"7456","선릉로90길","일반도로","국지도로","소로","6m미만","2026-03-01 11:18:06.492"
"7457","선릉로91길","일반도로","국지도로","소로","6m미만","2026-03-01 11:18:06.492"
"7458","선릉로92길","일반도로","국지도로","소로","6m미만","2026-03-01 11:18:06.492"
"7459","선릉로93길","일반도로","국지도로","소로2류","폭8-10m","2026-03-01 11:18:06.492"
"7460","선릉로94길","일반도로","국지도로","소로1류","폭10-12m","2026-03-01 11:18:06.492"
"7461","선릉로96길","일반도로","국지도로","소로","6m미만","2026-03-01 11:18:06.497"
"7462","선릉로99길","일반도로","국지도로","소로","6m미만","2026-03-01 11:18:06.497"
"7463","선사로","일반도로","국지도로","소로1류","폭10-12m","2026-03-01 11:18:06.497"
"7464","선사로10길","일반도로","국지도로","소로","6m미만","2026-03-01 11:18:06.497"
"7465","선사로6길","일반도로","국지도로","소로","6m미만","2026-03-01 11:18:06.497"
"7466","선유동1로","일반도로","국지도로","소로3류","폭6-8m","2026-03-01 11:18:06.497"
"7467","선유동1로2길","일반도로","국지도로","소로","6m미만","2026-03-01 11:18:06.497"
"7468","선유동2로","일반도로","국지도로","중로2류","폭15-20m","2026-03-01 11:18:06.497"
"7469","선유로","일반도로","국지도로","소로3류","폭6-8m","2026-03-01 11:18:06.497"
"7470","선유로11길","일반도로","국지도로","소로2류","폭8-10m","2026-03-01 11:18:06.497"
"7471","선유로13길","일반도로","국지도로","소로2류","폭8-10m","2026-03-01 11:18:06.502"
"7472","선유로17길","일반도로","국지도로","소로2류","폭8-10m","2026-03-01 11:18:06.502"
"7473","선유로22길","일반도로","국지도로","소로","6m미만","2026-03-01 11:18:06.502"
"7474","선유로23길","일반도로","국지도로","소로","6m미만","2026-03-01 11:18:06.502"
"7475","선유로24길","일반도로","국지도로","소로3류","폭6-8m","2026-03-01 11:18:06.502"
"7476","선유로25길","일반도로","국지도로","소로3류","폭6-8m","2026-03-01 11:18:06.502"
"7477","선유로27길","일반도로","국지도로","소로","6m미만","2026-03-01 11:18:06.502"
"7478","선유로28길","일반도로","국지도로","소로","6m미만","2026-03-01 11:18:06.502"
"7479","선유로33길","일반도로","국지도로","소로3류","폭6-8m","2026-03-01 11:18:06.502"
"7480","선유로35길","일반도로","국지도로","소로3류","폭6-8m","2026-03-01 11:18:06.502"
"7481","선유로39길","일반도로","국지도로","소로2류","폭8-10m","2026-03-01 11:18:06.507"
"7482","선유로3길","일반도로","국지도로","소로2류","폭8-10m","2026-03-01 11:18:06.507"
"7483","선유로40길","일반도로","국지도로","소로","6m미만","2026-03-01 11:18:06.507"
"7484","선유로42길","일반도로","국지도로","소로","6m미만","2026-03-01 11:18:06.507"
"7485","선유로43가길","일반도로","국지도로","소로2류","폭8-10m","2026-03-01 11:18:06.507"
"7486","선유로43길","일반도로","국지도로","중로1류","폭20-25m","2026-03-01 11:18:06.507"
"7487","선유로43나길","일반도로","국지도로","소로3류","폭6-8m","2026-03-01 11:18:06.507"
"7488","선유로44길","일반도로","국지도로","중로1류","폭20-25m","2026-03-01 11:18:06.507"
"7489","선유로45길","일반도로","국지도로","소로3류","폭6-8m","2026-03-01 11:18:06.507"
"7490","선유로47길","일반도로","국지도로","소로3류","폭6-8m","2026-03-01 11:18:06.507"
"7491","선유로49길","일반도로","국지도로","소로","6m미만","2026-03-01 11:18:06.511"
"7492","선유로51길","일반도로","국지도로","소로","6m미만","2026-03-01 11:18:06.511"
"7493","선유로52길","일반도로","국지도로","소로3류","폭6-8m","2026-03-01 11:18:06.511"
"7494","선유로53길","일반도로","국지도로","소로","6m미만","2026-03-01 11:18:06.511"
"7495","선유로54길","일반도로","국지도로","소로","6m미만","2026-03-01 11:18:06.511"
"7496","선유로55길","일반도로","국지도로","소로","6m미만","2026-03-01 11:18:06.511"
"7497","선유로5길","일반도로","국지도로","소로2류","폭8-10m","2026-03-01 11:18:06.511"
"7498","선유로9가길","일반도로","국지도로","소로1류","폭10-12m","2026-03-01 11:18:06.511"
"7499","선유로9길","일반도로","국지도로","중로1류","폭20-25m","2026-03-01 11:18:06.511"
"7500","선유로9나길","일반도로","국지도로","소로3류","폭6-8m","2026-03-01 11:18:06.511"
"7501","선유로9다길","일반도로","국지도로","소로","6m미만","2026-03-01 11:18:06.516"
"7502","선유서로","일반도로","국지도로","중로2류","폭15-20m","2026-03-01 11:18:06.516"
"7503","선유서로11길","일반도로","국지도로","소로2류","폭8-10m","2026-03-01 11:18:06.516"
"7504","선유서로13길","일반도로","국지도로","소로2류","폭8-10m","2026-03-01 11:18:06.516"
"7505","선유서로21길","일반도로","국지도로","소로1류","폭10-12m","2026-03-01 11:18:06.516"
"7506","선유서로24길","일반도로","국지도로","소로","6m미만","2026-03-01 11:18:06.516"
"7507","선유서로25길","일반도로","국지도로","소로","6m미만","2026-03-01 11:18:06.516"
"7508","선유서로26길","일반도로","국지도로","소로2류","폭8-10m","2026-03-01 11:18:06.516"
"7509","선유서로28길","일반도로","국지도로","소로","6m미만","2026-03-01 11:18:06.516"
"7510","선유서로30길","일반도로","국지도로","소로","6m미만","2026-03-01 11:18:06.516"
"7511","선유서로31길","일반도로","국지도로","소로","6m미만","2026-03-01 11:18:06.521"
"7512","선유서로32길","일반도로","국지도로","소로2류","폭8-10m","2026-03-01 11:18:06.521"
"7513","선유서로34길","일반도로","국지도로","소로2류","폭8-10m","2026-03-01 11:18:06.521"
"7514","선유서로35길","일반도로","국지도로","소로","6m미만","2026-03-01 11:18:06.521"
"7515","선유서로9길","일반도로","국지도로","중로2류","폭15-20m","2026-03-01 11:18:06.521"
"7516","선잠로","일반도로","국지도로","소로","6m미만","2026-03-01 11:18:06.521"
"7517","선잠로2가길","일반도로","국지도로","소로","6m미만","2026-03-01 11:18:06.521"
"7518","선잠로2길","일반도로","국지도로","소로","6m미만","2026-03-01 11:18:06.521"
"7519","선잠로2나길","일반도로","국지도로","소로3류","폭6-8m","2026-03-01 11:18:06.521"
"7520","선잠로2다길","일반도로","국지도로","소로","6m미만","2026-03-01 11:18:06.521"
"7521","선잠로2라길","일반도로","국지도로","소로","6m미만","2026-03-01 11:18:06.526"
"7522","선잠로3가길","일반도로","국지도로","소로","6m미만","2026-03-01 11:18:06.526"
"7523","선잠로3길","일반도로","국지도로","소로","6m미만","2026-03-01 11:18:06.526"
"7524","선잠로5가길","일반도로","국지도로","소로","6m미만","2026-03-01 11:18:06.526"
"7525","선잠로5길","일반도로","국지도로","소로3류","폭6-8m","2026-03-01 11:18:06.526"
"7526","선잠로5나길","일반도로","국지도로","소로","6m미만","2026-03-01 11:18:06.526"
"7527","선잠로5다길","일반도로","국지도로","소로","6m미만","2026-03-01 11:18:06.526"
"7528","선잠로5라길","일반도로","국지도로","소로","6m미만","2026-03-01 11:18:06.526"
"7529","선잠로5마길","일반도로","국지도로","소로3류","폭6-8m","2026-03-01 11:18:06.526"
"7530","선잠로7길","일반도로","국지도로","소로","6m미만","2026-03-01 11:18:06.526"
"7531","선잠로8길","일반도로","국지도로","소로","6m미만","2026-03-01 11:18:06.531"
"7532","섬밭로","일반도로","국지도로","중로2류","폭15-20m","2026-03-01 11:18:06.531"
"7533","성균관로","일반도로","국지도로","소로","6m미만","2026-03-01 11:18:06.531"
"7534","성균관로10길","일반도로","국지도로","소로","6m미만","2026-03-01 11:18:06.531"
"7535","성균관로13길","일반도로","국지도로","소로","6m미만","2026-03-01 11:18:06.531"
"7536","성균관로14길","일반도로","국지도로","소로","6m미만","2026-03-01 11:18:06.531"
"7537","성균관로15가길","일반도로","국지도로","소로","6m미만","2026-03-01 11:18:06.531"
"7538","성균관로15길","일반도로","국지도로","소로","6m미만","2026-03-01 11:18:06.531"
"7539","성균관로15나길","일반도로","국지도로","소로","6m미만","2026-03-01 11:18:06.531"
"7540","성균관로16길","일반도로","국지도로","소로","6m미만","2026-03-01 11:18:06.531"
"7541","성균관로17길","일반도로","국지도로","소로","6m미만","2026-03-01 11:18:06.536"
"7542","성균관로1길","일반도로","국지도로","소로","6m미만","2026-03-01 11:18:06.536"
"7543","성균관로3길","일반도로","국지도로","소로3류","폭6-8m","2026-03-01 11:18:06.536"
"7544","성균관로4길","일반도로","국지도로","소로","6m미만","2026-03-01 11:18:06.536"
"7545","성균관로5가길","일반도로","국지도로","소로","6m미만","2026-03-01 11:18:06.536"
"7546","성균관로5길","일반도로","국지도로","소로","6m미만","2026-03-01 11:18:06.536"
"7547","성균관로6길","일반도로","국지도로","소로","6m미만","2026-03-01 11:18:06.536"
"7548","성균관로7길","일반도로","국지도로","소로","6m미만","2026-03-01 11:18:06.536"
"7549","성균관로9길","일반도로","국지도로","소로","6m미만","2026-03-01 11:18:06.536"
"7550","성남대로","일반도로","국지도로","중로1류","폭20-25m","2026-03-01 11:18:06.536"
"7551","성내로","일반도로","국지도로","중로2류","폭15-20m","2026-03-01 11:18:06.541"
"7552","성내로10길","일반도로","국지도로","소로2류","폭8-10m","2026-03-01 11:18:06.541"
"7553","성내로12길","일반도로","국지도로","소로2류","폭8-10m","2026-03-01 11:18:06.541"
"7554","성내로13길","일반도로","국지도로","소로2류","폭8-10m","2026-03-01 11:18:06.541"
"7555","성내로14길","일반도로","국지도로","소로2류","폭8-10m","2026-03-01 11:18:06.541"
"7556","성내로15길","일반도로","국지도로","소로2류","폭8-10m","2026-03-01 11:18:06.541"
"7557","성내로17길","일반도로","국지도로","소로2류","폭8-10m","2026-03-01 11:18:06.541"
"7558","성내로18길","일반도로","국지도로","소로2류","폭8-10m","2026-03-01 11:18:06.541"
"7559","성내로3가길","일반도로","국지도로","소로3류","폭6-8m","2026-03-01 11:18:06.541"
"7560","성내로3길","일반도로","국지도로","소로","6m미만","2026-03-01 11:18:06.541"
"7561","성내로5길","일반도로","국지도로","소로3류","폭6-8m","2026-03-01 11:18:06.546"
"7562","성내로6가길","일반도로","국지도로","소로3류","폭6-8m","2026-03-01 11:18:06.546"
"7563","성내로6길","일반도로","국지도로","중로1류","폭20-25m","2026-03-01 11:18:06.546"
"7564","성내로6나길","일반도로","국지도로","소로3류","폭6-8m","2026-03-01 11:18:06.546"
"7565","성내로6다길","일반도로","국지도로","소로3류","폭6-8m","2026-03-01 11:18:06.546"
"7566","성내로8길","일반도로","국지도로","소로2류","폭8-10m","2026-03-01 11:18:06.546"
"7567","성내로9길","일반도로","국지도로","소로3류","폭6-8m","2026-03-01 11:18:06.546"
"7568","성내천로","일반도로","국지도로","소로3류","폭6-8m","2026-03-01 11:18:06.546"
"7569","성내천로10길","일반도로","국지도로","소로2류","폭8-10m","2026-03-01 11:18:06.546"
"7570","성내천로12길","일반도로","국지도로","소로3류","폭6-8m","2026-03-01 11:18:06.546"
"7571","성내천로14길","일반도로","국지도로","소로3류","폭6-8m","2026-03-01 11:18:06.551"
"7572","성내천로16길","일반도로","국지도로","소로3류","폭6-8m","2026-03-01 11:18:06.551"
"7573","성내천로18길","일반도로","국지도로","소로3류","폭6-8m","2026-03-01 11:18:06.551"
"7574","성내천로20길","일반도로","국지도로","소로","6m미만","2026-03-01 11:18:06.551"
"7575","성내천로21길","일반도로","국지도로","소로3류","폭6-8m","2026-03-01 11:18:06.551"
"7576","성내천로22길","일반도로","국지도로","소로3류","폭6-8m","2026-03-01 11:18:06.551"
"7577","성내천로23가길","일반도로","국지도로","소로","6m미만","2026-03-01 11:18:06.551"
"7578","성내천로23길","일반도로","국지도로","소로3류","폭6-8m","2026-03-01 11:18:06.551"
"7579","성내천로24길","일반도로","국지도로","소로2류","폭8-10m","2026-03-01 11:18:06.551"
"7580","성내천로25길","일반도로","국지도로","소로3류","폭6-8m","2026-03-01 11:18:06.551"
"7581","성내천로27길","일반도로","국지도로","소로","6m미만","2026-03-01 11:18:06.556"
"7582","성내천로29가길","일반도로","국지도로","소로","6m미만","2026-03-01 11:18:06.556"
"7583","성내천로29길","일반도로","국지도로","소로","6m미만","2026-03-01 11:18:06.556"
"7584","성내천로29나길","일반도로","국지도로","소로","6m미만","2026-03-01 11:18:06.556"
"7585","성내천로29다길","일반도로","국지도로","소로","6m미만","2026-03-01 11:18:06.556"
"7586","성내천로30길","일반도로","국지도로","소로","6m미만","2026-03-01 11:18:06.556"
"7587","성내천로32가길","일반도로","국지도로","소로","6m미만","2026-03-01 11:18:06.556"
"7588","성내천로32길","일반도로","국지도로","소로","6m미만","2026-03-01 11:18:06.556"
"7589","성내천로32나길","일반도로","국지도로","소로","6m미만","2026-03-01 11:18:06.556"
"7590","성내천로33가길","일반도로","국지도로","소로","6m미만","2026-03-01 11:18:06.556"
"7591","성내천로33길","일반도로","국지도로","소로","6m미만","2026-03-01 11:18:06.561"
"7592","성내천로33나길","일반도로","국지도로","소로","6m미만","2026-03-01 11:18:06.561"
"7593","성내천로33다길","일반도로","국지도로","소로","6m미만","2026-03-01 11:18:06.561"
"7594","성내천로34가길","일반도로","국지도로","소로","6m미만","2026-03-01 11:18:06.561"
"7595","성내천로34길","일반도로","국지도로","소로","6m미만","2026-03-01 11:18:06.561"
"7596","성내천로35길","일반도로","국지도로","소로3류","폭6-8m","2026-03-01 11:18:06.561"
"7597","성내천로37길","일반도로","국지도로","중로1류","폭20-25m","2026-03-01 11:18:06.561"
"7598","성내천로38길","일반도로","국지도로","소로","6m미만","2026-03-01 11:18:06.561"
"7599","성내천로39길","일반도로","국지도로","소로","6m미만","2026-03-01 11:18:06.561"
"7600","성내천로41길","일반도로","국지도로","소로","6m미만","2026-03-01 11:18:06.561"
"7601","성내천로42길","일반도로","국지도로","소로","6m미만","2026-03-01 11:18:06.566"
"7602","성내천로43가길","일반도로","국지도로","소로","6m미만","2026-03-01 11:18:06.566"
"7603","성내천로43길","일반도로","국지도로","소로","6m미만","2026-03-01 11:18:06.566"
"7604","성내천로43나길","일반도로","국지도로","소로","6m미만","2026-03-01 11:18:06.566"
"7605","성내천로43다길","일반도로","국지도로","소로","6m미만","2026-03-01 11:18:06.566"
"7606","성내천로43라길","일반도로","국지도로","소로","6m미만","2026-03-01 11:18:06.566"
"7607","성내천로43마길","일반도로","국지도로","중로2류","폭15-20m","2026-03-01 11:18:06.566"
"7608","성내천로43바길","일반도로","국지도로","소로3류","폭6-8m","2026-03-01 11:18:06.566"
"7609","성내천로44길","일반도로","국지도로","소로","6m미만","2026-03-01 11:18:06.566"
"7610","성내천로46길","일반도로","국지도로","소로","6m미만","2026-03-01 11:18:06.566"
"7611","성내천로47길","일반도로","국지도로","소로3류","폭6-8m","2026-03-01 11:18:06.57"
"7612","성내천로49길","일반도로","국지도로","소로","6m미만","2026-03-01 11:18:06.571"
"7613","성내천로51길","일반도로","국지도로","소로","6m미만","2026-03-01 11:18:06.571"
"7614","성내천로53길","일반도로","국지도로","소로","6m미만","2026-03-01 11:18:06.571"
"7615","성내천로55길","일반도로","국지도로","소로","6m미만","2026-03-01 11:18:06.571"
"7616","성내천로57길","일반도로","국지도로","소로","6m미만","2026-03-01 11:18:06.571"
"7617","성내천로59길","일반도로","국지도로","소로","6m미만","2026-03-01 11:18:06.571"
"7618","성내천로63길","일반도로","국지도로","소로","6m미만","2026-03-01 11:18:06.571"
"7619","성내천로6길","일반도로","국지도로","소로3류","폭6-8m","2026-03-01 11:18:06.571"
"7620","성내천로8가길","일반도로","국지도로","소로","6m미만","2026-03-01 11:18:06.571"
"7621","성내천로8길","일반도로","국지도로","소로3류","폭6-8m","2026-03-01 11:18:06.576"
"7622","성대로","일반도로","국지도로","소로","6m미만","2026-03-01 11:18:06.576"
"7623","성대로10가길","일반도로","국지도로","소로","6m미만","2026-03-01 11:18:06.576"
"7624","성대로10길","일반도로","국지도로","소로","6m미만","2026-03-01 11:18:06.576"
"7625","성대로10나길","일반도로","국지도로","소로","6m미만","2026-03-01 11:18:06.576"
"7626","성대로10다길","일반도로","국지도로","소로","6m미만","2026-03-01 11:18:06.576"
"7627","성대로11가길","일반도로","국지도로","소로","6m미만","2026-03-01 11:18:06.576"
"7628","성대로11길","일반도로","국지도로","소로","6m미만","2026-03-01 11:18:06.576"
"7629","성대로11나길","일반도로","국지도로","소로","6m미만","2026-03-01 11:18:06.576"
"7630","성대로12가길","일반도로","국지도로","소로","6m미만","2026-03-01 11:18:06.576"
"7631","성대로12길","일반도로","국지도로","소로","6m미만","2026-03-01 11:18:06.58"
"7632","성대로14길","일반도로","국지도로","소로","6m미만","2026-03-01 11:18:06.58"
"7633","성대로16길","일반도로","국지도로","소로","6m미만","2026-03-01 11:18:06.58"
"7634","성대로17길","일반도로","국지도로","소로","6m미만","2026-03-01 11:18:06.58"
"7635","성대로19가길","일반도로","국지도로","소로","6m미만","2026-03-01 11:18:06.58"
"7636","성대로19길","일반도로","국지도로","소로","6m미만","2026-03-01 11:18:06.58"
"7637","성대로1가길","일반도로","국지도로","소로","6m미만","2026-03-01 11:18:06.58"
"7638","성대로1길","일반도로","국지도로","소로","6m미만","2026-03-01 11:18:06.58"
"7639","성대로21가길","일반도로","국지도로","소로","6m미만","2026-03-01 11:18:06.58"
"7640","성대로21길","일반도로","국지도로","소로","6m미만","2026-03-01 11:18:06.58"
"7641","성대로21나길","일반도로","국지도로","소로","6m미만","2026-03-01 11:18:06.585"
"7642","성대로21다길","일반도로","국지도로","소로","6m미만","2026-03-01 11:18:06.585"
"7643","성대로25가길","일반도로","국지도로","소로","6m미만","2026-03-01 11:18:06.585"
"7644","성대로25길","일반도로","국지도로","소로","6m미만","2026-03-01 11:18:06.585"
"7645","성대로27길","일반도로","국지도로","소로","6m미만","2026-03-01 11:18:06.585"
"7646","성대로29길","일반도로","국지도로","소로","6m미만","2026-03-01 11:18:06.585"
"7647","성대로2길","일반도로","국지도로","소로","6m미만","2026-03-01 11:18:06.585"
"7648","성대로31길","일반도로","국지도로","소로","6m미만","2026-03-01 11:18:06.585"
"7649","성대로37길","일반도로","국지도로","소로","6m미만","2026-03-01 11:18:06.585"
"7650","성대로39길","일반도로","국지도로","소로","6m미만","2026-03-01 11:18:06.585"
"7651","성대로3길","일반도로","국지도로","소로","6m미만","2026-03-01 11:18:06.59"
"7652","성대로5길","일반도로","국지도로","소로","6m미만","2026-03-01 11:18:06.59"
"7653","성대로6가길","일반도로","국지도로","소로","6m미만","2026-03-01 11:18:06.59"
"7654","성대로6길","일반도로","국지도로","소로","6m미만","2026-03-01 11:18:06.59"
"7655","성대로6나길","일반도로","국지도로","소로","6m미만","2026-03-01 11:18:06.59"
"7656","성대로6다길","일반도로","국지도로","소로","6m미만","2026-03-01 11:18:06.59"
"7657","성대로6라길","일반도로","국지도로","소로","6m미만","2026-03-01 11:18:06.59"
"7658","성대로6마길","일반도로","국지도로","소로","6m미만","2026-03-01 11:18:06.59"
"7659","성대로6바길","일반도로","국지도로","소로","6m미만","2026-03-01 11:18:06.59"
"7660","성대로6사길","일반도로","국지도로","소로","6m미만","2026-03-01 11:18:06.59"
"7661","성대로6아길","일반도로","국지도로","소로","6m미만","2026-03-01 11:18:06.594"
"7662","성대로6자길","일반도로","국지도로","소로","6m미만","2026-03-01 11:18:06.594"
"7663","성대로8길","일반도로","국지도로","소로","6m미만","2026-03-01 11:18:06.594"
"7664","성덕정11길","일반도로","국지도로","소로","6m미만","2026-03-01 11:18:06.594"
"7665","성덕정13길","일반도로","국지도로","소로","6m미만","2026-03-01 11:18:06.594"
"7666","성덕정15길","일반도로","국지도로","소로","6m미만","2026-03-01 11:18:06.594"
"7667","성덕정17가길","일반도로","국지도로","소로","6m미만","2026-03-01 11:18:06.594"
"7668","성덕정17길","일반도로","국지도로","소로","6m미만","2026-03-01 11:18:06.594"
"7669","성덕정19가길","일반도로","국지도로","소로","6m미만","2026-03-01 11:18:06.594"
"7670","성덕정19길","일반도로","국지도로","소로","6m미만","2026-03-01 11:18:06.594"
"7671","성덕정1길","일반도로","국지도로","소로3류","폭6-8m","2026-03-01 11:18:06.599"
"7672","성덕정21길","일반도로","국지도로","소로3류","폭6-8m","2026-03-01 11:18:06.599"
"7673","성덕정23길","일반도로","국지도로","소로1류","폭10-12m","2026-03-01 11:18:06.599"
"7674","성덕정3가길","일반도로","국지도로","소로","6m미만","2026-03-01 11:18:06.599"
"7675","성덕정3길","일반도로","국지도로","소로","6m미만","2026-03-01 11:18:06.599"
"7676","성덕정5길","일반도로","국지도로","소로","6m미만","2026-03-01 11:18:06.599"
"7677","성덕정7길","일반도로","국지도로","소로","6m미만","2026-03-01 11:18:06.599"
"7678","성덕정9가길","일반도로","국지도로","소로","6m미만","2026-03-01 11:18:06.599"
"7679","성덕정9길","일반도로","국지도로","소로3류","폭6-8m","2026-03-01 11:18:06.599"
"7680","성덕정길","일반도로","국지도로","소로","6m미만","2026-03-01 11:18:06.599"
"7681","성미산로","일반도로","국지도로","소로3류","폭6-8m","2026-03-01 11:18:06.604"
"7682","성미산로10길","일반도로","국지도로","소로","6m미만","2026-03-01 11:18:06.604"
"7683","성미산로11길","일반도로","국지도로","소로","6m미만","2026-03-01 11:18:06.604"
"7684","성미산로13길","일반도로","국지도로","소로","6m미만","2026-03-01 11:18:06.604"
"7685","성미산로15길","일반도로","국지도로","소로","6m미만","2026-03-01 11:18:06.604"
"7686","성미산로16길","일반도로","국지도로","소로","6m미만","2026-03-01 11:18:06.604"
"7687","성미산로17길","일반도로","국지도로","소로","6m미만","2026-03-01 11:18:06.604"
"7688","성미산로18길","일반도로","국지도로","소로","6m미만","2026-03-01 11:18:06.604"
"7689","성미산로19길","일반도로","국지도로","소로","6m미만","2026-03-01 11:18:06.604"
"7690","성미산로1길","일반도로","국지도로","소로","6m미만","2026-03-01 11:18:06.604"
"7691","성미산로22길","일반도로","국지도로","소로","6m미만","2026-03-01 11:18:06.609"
"7692","성미산로23길","일반도로","국지도로","소로","6m미만","2026-03-01 11:18:06.609"
"7693","성미산로23안길","일반도로","국지도로","소로","6m미만","2026-03-01 11:18:06.609"
"7694","성미산로26길","일반도로","국지도로","소로","6m미만","2026-03-01 11:18:06.609"
"7695","성미산로27길","일반도로","국지도로","소로","6m미만","2026-03-01 11:18:06.609"
"7696","성미산로28길","일반도로","국지도로","소로","6m미만","2026-03-01 11:18:06.609"
"7697","성미산로29길","일반도로","국지도로","소로","6m미만","2026-03-01 11:18:06.609"
"7698","성미산로29안길","일반도로","국지도로","소로","6m미만","2026-03-01 11:18:06.609"
"7699","성미산로2길","일반도로","국지도로","소로3류","폭6-8m","2026-03-01 11:18:06.609"
"7700","성미산로31길","일반도로","국지도로","소로","6m미만","2026-03-01 11:18:06.609"
"7701","성미산로32길","일반도로","국지도로","소로","6m미만","2026-03-01 11:18:06.613"
"7702","성미산로3가길","일반도로","국지도로","소로","6m미만","2026-03-01 11:18:06.613"
"7703","성미산로3길","일반도로","국지도로","소로3류","폭6-8m","2026-03-01 11:18:06.613"
"7704","성미산로3나길","일반도로","국지도로","소로","6m미만","2026-03-01 11:18:06.613"
"7705","성미산로5길","일반도로","국지도로","소로","6m미만","2026-03-01 11:18:06.613"
"7706","성미산로5안길","일반도로","국지도로","소로","6m미만","2026-03-01 11:18:06.613"
"7707","성미산로6길","일반도로","국지도로","소로","6m미만","2026-03-01 11:18:06.613"
"7708","성미산로7길","일반도로","국지도로","소로","6m미만","2026-03-01 11:18:06.613"
"7709","성미산로7안길","일반도로","국지도로","소로","6m미만","2026-03-01 11:18:06.613"
"7710","성북로","일반도로","국지도로","소로","6m미만","2026-03-01 11:18:06.613"
"7711","성북로10가길","일반도로","국지도로","소로","6m미만","2026-03-01 11:18:06.618"
"7712","성북로10길","일반도로","국지도로","소로","6m미만","2026-03-01 11:18:06.618"
"7713","성북로10나길","일반도로","국지도로","소로","6m미만","2026-03-01 11:18:06.618"
"7714","성북로10다길","일반도로","국지도로","소로","6m미만","2026-03-01 11:18:06.618"
"7715","성북로12길","일반도로","국지도로","소로","6m미만","2026-03-01 11:18:06.618"
"7716","성북로13길","일반도로","국지도로","소로","6m미만","2026-03-01 11:18:06.618"
"7717","성북로14가길","일반도로","국지도로","소로","6m미만","2026-03-01 11:18:06.618"
"7718","성북로14길","일반도로","국지도로","소로","6m미만","2026-03-01 11:18:06.618"
"7719","성북로14나길","일반도로","국지도로","소로","6m미만","2026-03-01 11:18:06.618"
"7720","성북로14다길","일반도로","국지도로","소로","6m미만","2026-03-01 11:18:06.618"
"7721","성북로14라길","일반도로","국지도로","소로","6m미만","2026-03-01 11:18:06.623"
"7722","성북로15길","일반도로","국지도로","소로","6m미만","2026-03-01 11:18:06.623"
"7723","성북로16가길","일반도로","국지도로","소로","6m미만","2026-03-01 11:18:06.623"
"7724","성북로16길","일반도로","국지도로","소로","6m미만","2026-03-01 11:18:06.623"
"7725","성북로18길","일반도로","국지도로","소로","6m미만","2026-03-01 11:18:06.623"
"7726","성북로19길","일반도로","국지도로","소로","6m미만","2026-03-01 11:18:06.623"
"7727","성북로21길","일반도로","국지도로","소로","6m미만","2026-03-01 11:18:06.623"
"7728","성북로23가길","일반도로","국지도로","소로","6m미만","2026-03-01 11:18:06.623"
"7729","성북로23길","일반도로","국지도로","소로","6m미만","2026-03-01 11:18:06.623"
"7730","성북로23나길","일반도로","국지도로","소로","6m미만","2026-03-01 11:18:06.623"
"7731","성북로23다길","일반도로","국지도로","소로","6m미만","2026-03-01 11:18:06.628"
"7732","성북로23라길","일반도로","국지도로","소로","6m미만","2026-03-01 11:18:06.628"
"7733","성북로23마길","일반도로","국지도로","소로","6m미만","2026-03-01 11:18:06.628"
"7734","성북로23바길","일반도로","국지도로","소로","6m미만","2026-03-01 11:18:06.628"
"7735","성북로24가길","일반도로","국지도로","소로","6m미만","2026-03-01 11:18:06.628"
"7736","성북로24길","일반도로","국지도로","소로","6m미만","2026-03-01 11:18:06.628"
"7737","성북로26가길","일반도로","국지도로","소로","6m미만","2026-03-01 11:18:06.628"
"7738","성북로26길","일반도로","국지도로","소로","6m미만","2026-03-01 11:18:06.628"
"7739","성북로27길","일반도로","국지도로","소로","6m미만","2026-03-01 11:18:06.628"
"7740","성북로28가길","일반도로","국지도로","소로","6m미만","2026-03-01 11:18:06.628"
"7741","성북로28길","일반도로","국지도로","소로","6m미만","2026-03-01 11:18:06.633"
"7742","성북로29길","일반도로","국지도로","소로","6m미만","2026-03-01 11:18:06.633"
"7743","성북로2길","일반도로","국지도로","소로3류","폭6-8m","2026-03-01 11:18:06.633"
"7744","성북로31가길","일반도로","국지도로","확인","불가","2026-03-01 11:18:06.633"
"7745","성북로31길","일반도로","국지도로","소로","6m미만","2026-03-01 11:18:06.633"
"7746","성북로4길","일반도로","국지도로","소로2류","폭8-10m","2026-03-01 11:18:06.633"
"7747","성북로5길","일반도로","국지도로","소로","6m미만","2026-03-01 11:18:06.633"
"7748","성북로6가길","일반도로","국지도로","소로","6m미만","2026-03-01 11:18:06.633"
"7749","성북로6길","일반도로","국지도로","소로","6m미만","2026-03-01 11:18:06.633"
"7750","성북로7길","일반도로","국지도로","소로","6m미만","2026-03-01 11:18:06.633"
"7751","성북로8가길","일반도로","국지도로","소로","6m미만","2026-03-01 11:18:06.637"
"7752","성북로8길","일반도로","국지도로","소로","6m미만","2026-03-01 11:18:06.637"
"7753","성북로8나길","일반도로","국지도로","소로","6m미만","2026-03-01 11:18:06.637"
"7754","성북로8다길","일반도로","국지도로","소로","6m미만","2026-03-01 11:18:06.637"
"7755","성북로8라길","일반도로","국지도로","소로","6m미만","2026-03-01 11:18:06.637"
"7756","성북로9길","일반도로","국지도로","소로","6m미만","2026-03-01 11:18:06.637"
"7757","성산~진관외선","일반도로","보조간선도로","대로3류","폭25-30m","2026-03-01 11:18:06.637"
"7758","성산~홍제선","일반도로","보조간선도로","중로1류","폭20-25m","2026-03-01 11:18:06.637"
"7759","성산로","일반도로","국지도로","소로","6m미만","2026-03-01 11:18:06.637"
"7760","성산로11길","일반도로","국지도로","소로3류","폭6-8m","2026-03-01 11:18:06.637"
"7761","성산로13길","일반도로","국지도로","소로","6m미만","2026-03-01 11:18:06.642"
"7762","성산로14길","일반도로","국지도로","소로","6m미만","2026-03-01 11:18:06.642"
"7763","성산로16길","일반도로","국지도로","소로","6m미만","2026-03-01 11:18:06.642"
"7764","성산로17길","일반도로","국지도로","소로","6m미만","2026-03-01 11:18:06.642"
"7765","성산로18길","일반도로","국지도로","소로","6m미만","2026-03-01 11:18:06.642"
"7766","성산로20길","일반도로","국지도로","소로","6m미만","2026-03-01 11:18:06.642"
"7767","성산로22길","일반도로","국지도로","소로","6m미만","2026-03-01 11:18:06.642"
"7768","성산로24길","일반도로","국지도로","소로","6m미만","2026-03-01 11:18:06.642"
"7769","성산로2길","일반도로","국지도로","소로","6m미만","2026-03-01 11:18:06.642"
"7770","성산로4길","일반도로","국지도로","소로3류","폭6-8m","2026-03-01 11:18:06.642"
"7771","성산로4안길","일반도로","국지도로","소로","6m미만","2026-03-01 11:18:06.647"
"7772","성산로6길","일반도로","국지도로","소로","6m미만","2026-03-01 11:18:06.647"
"7773","성산로7길","일반도로","국지도로","소로","6m미만","2026-03-01 11:18:06.647"
"7774","성산로7안길","일반도로","국지도로","소로","6m미만","2026-03-01 11:18:06.647"
"7775","성산로8길","일반도로","국지도로","소로3류","폭6-8m","2026-03-01 11:18:06.647"
"7776","성산로9길","일반도로","국지도로","소로","6m미만","2026-03-01 11:18:06.647"
"7777","성수~자양선","일반도로","보조간선도로","중로2류","폭15-20m","2026-03-01 11:18:06.647"
"7778","성수동1가선","일반도로","보조간선도로","중로2류","폭15-20m","2026-03-01 11:18:06.647"
"7779","성수선","일반도로","보조간선도로","대로2류","폭30-35m","2026-03-01 11:18:06.647"
"7780","성수이로","일반도로","국지도로","중로2류","폭15-20m","2026-03-01 11:18:06.647"
"7781","성수이로10길","일반도로","국지도로","소로","6m미만","2026-03-01 11:18:06.652"
"7782","성수이로12길","일반도로","국지도로","소로3류","폭6-8m","2026-03-01 11:18:06.652"
"7783","성수이로14길","일반도로","국지도로","소로3류","폭6-8m","2026-03-01 11:18:06.652"
"7784","성수이로16길","일반도로","국지도로","소로3류","폭6-8m","2026-03-01 11:18:06.652"
"7785","성수이로18길","일반도로","국지도로","소로3류","폭6-8m","2026-03-01 11:18:06.652"
"7786","성수이로20길","일반도로","국지도로","소로3류","폭6-8m","2026-03-01 11:18:06.652"
"7787","성수이로22길","일반도로","국지도로","소로2류","폭8-10m","2026-03-01 11:18:06.652"
"7788","성수이로24길","일반도로","국지도로","소로3류","폭6-8m","2026-03-01 11:18:06.652"
"7789","성수이로26길","일반도로","국지도로","소로2류","폭8-10m","2026-03-01 11:18:06.652"
"7790","성수이로2길","일반도로","국지도로","소로","6m미만","2026-03-01 11:18:06.652"
"7791","성수이로3길","일반도로","국지도로","소로3류","폭6-8m","2026-03-01 11:18:06.656"
"7792","성수이로5길","일반도로","국지도로","소로","6m미만","2026-03-01 11:18:06.656"
"7793","성수이로6길","일반도로","국지도로","소로","6m미만","2026-03-01 11:18:06.656"
"7794","성수이로7가길","일반도로","국지도로","소로","6m미만","2026-03-01 11:18:06.656"
"7795","성수이로7길","일반도로","국지도로","소로3류","폭6-8m","2026-03-01 11:18:06.656"
"7796","성수이로8길","일반도로","국지도로","소로3류","폭6-8m","2026-03-01 11:18:06.656"
"7797","성수일로","일반도로","국지도로","중로2류","폭15-20m","2026-03-01 11:18:06.656"
"7798","성수일로10가길","일반도로","국지도로","소로","6m미만","2026-03-01 11:18:06.656"
"7799","성수일로10길","일반도로","국지도로","소로3류","폭6-8m","2026-03-01 11:18:06.656"
"7800","성수일로11길","일반도로","국지도로","소로3류","폭6-8m","2026-03-01 11:18:06.656"
"7801","성수일로12가길","일반도로","국지도로","소로","6m미만","2026-03-01 11:18:06.661"
"7802","성수일로12길","일반도로","국지도로","소로3류","폭6-8m","2026-03-01 11:18:06.661"
"7803","성수일로1길","일반도로","국지도로","소로","6m미만","2026-03-01 11:18:06.661"
"7804","성수일로3길","일반도로","국지도로","소로","6m미만","2026-03-01 11:18:06.661"
"7805","성수일로4가길","일반도로","국지도로","소로","6m미만","2026-03-01 11:18:06.661"
"7806","성수일로4길","일반도로","국지도로","소로3류","폭6-8m","2026-03-01 11:18:06.661"
"7807","성수일로6길","일반도로","국지도로","소로2류","폭8-10m","2026-03-01 11:18:06.661"
"7808","성수일로8길","일반도로","국지도로","소로2류","폭8-10m","2026-03-01 11:18:06.661"
"7809","성안로","일반도로","국지도로","소로2류","폭8-10m","2026-03-01 11:18:06.661"
"7810","성안로13길","일반도로","국지도로","소로3류","폭6-8m","2026-03-01 11:18:06.661"
"7811","성안로25길","일반도로","국지도로","소로3류","폭6-8m","2026-03-01 11:18:06.666"
"7812","성안로27길","일반도로","국지도로","소로","6m미만","2026-03-01 11:18:06.666"
"7813","성안로31가길","일반도로","국지도로","소로","6m미만","2026-03-01 11:18:06.666"
"7814","성안로31길","일반도로","국지도로","소로","6m미만","2026-03-01 11:18:06.666"
"7815","성안로31나길","일반도로","국지도로","소로","6m미만","2026-03-01 11:18:06.666"
"7816","성안로31다길","일반도로","국지도로","소로","6m미만","2026-03-01 11:18:06.666"
"7817","성안로31라길","일반도로","국지도로","소로","6m미만","2026-03-01 11:18:06.666"
"7818","성안로31마길","일반도로","국지도로","소로","6m미만","2026-03-01 11:18:06.666"
"7819","성안로3길","일반도로","국지도로","소로3류","폭6-8m","2026-03-01 11:18:06.666"
"7820","성안로7길","일반도로","국지도로","소로1류","폭10-12m","2026-03-01 11:18:06.666"
"7821","성안로9길","일반도로","국지도로","소로3류","폭6-8m","2026-03-01 11:18:06.671"
"7822","성암로","일반도로","국지도로","소로2류","폭8-10m","2026-03-01 11:18:06.671"
"7823","성암로11길","일반도로","국지도로","소로","6m미만","2026-03-01 11:18:06.671"
"7824","성암로13길","일반도로","국지도로","소로3류","폭6-8m","2026-03-01 11:18:06.671"
"7825","성암로15길","일반도로","국지도로","소로","6m미만","2026-03-01 11:18:06.671"
"7826","성암로1길","일반도로","국지도로","소로3류","폭6-8m","2026-03-01 11:18:06.671"
"7827","성암로3가길","일반도로","국지도로","소로","6m미만","2026-03-01 11:18:06.671"
"7828","성암로3길","일반도로","국지도로","소로","6m미만","2026-03-01 11:18:06.671"
"7829","성암로3나길","일반도로","국지도로","소로","6m미만","2026-03-01 11:18:06.671"
"7830","성암로5길","일반도로","국지도로","소로","6m미만","2026-03-01 11:18:06.671"
"7831","성암로5안길","일반도로","국지도로","소로","6m미만","2026-03-01 11:18:06.675"
"7832","성암로7길","일반도로","국지도로","소로","6m미만","2026-03-01 11:18:06.675"
"7833","성암로9길","일반도로","국지도로","소로3류","폭6-8m","2026-03-01 11:18:06.675"
"7834","성암로9안길","일반도로","국지도로","소로","6m미만","2026-03-01 11:18:06.675"
"7835","성중길","일반도로","국지도로","소로2류","폭8-10m","2026-03-01 11:18:06.675"
"7836","성지1길","일반도로","국지도로","소로","6m미만","2026-03-01 11:18:06.675"
"7837","성지3길","일반도로","국지도로","소로","6m미만","2026-03-01 11:18:06.675"
"7838","성지5길","일반도로","국지도로","소로","6m미만","2026-03-01 11:18:06.675"
"7839","성지길","일반도로","국지도로","소로","6m미만","2026-03-01 11:18:06.675"
"7840","성촌1길","일반도로","국지도로","중로2류","폭15-20m","2026-03-01 11:18:06.675"
"7841","성촌3길","일반도로","국지도로","중로1류","폭20-25m","2026-03-01 11:18:06.68"
"7842","성촌4길","일반도로","국지도로","소로2류","폭8-10m","2026-03-01 11:18:06.68"
"7843","성촌5길","일반도로","국지도로","소로3류","폭6-8m","2026-03-01 11:18:06.68"
"7844","성촌6길","일반도로","국지도로","소로3류","폭6-8m","2026-03-01 11:18:06.68"
"7845","성촌7길","일반도로","국지도로","소로3류","폭6-8m","2026-03-01 11:18:06.68"
"7846","성촌8길","일반도로","국지도로","소로2류","폭8-10m","2026-03-01 11:18:06.68"
"7847","성촌길","일반도로","국지도로","중로1류","폭20-25m","2026-03-01 11:18:06.68"
"7848","성현로","일반도로","국지도로","중로1류","폭20-25m","2026-03-01 11:18:06.68"
"7849","세검정로","일반도로","국지도로","소로3류","폭6-8m","2026-03-01 11:18:06.68"
"7850","세검정로1길","일반도로","국지도로","소로","6m미만","2026-03-01 11:18:06.68"
"7851","세검정로3길","일반도로","국지도로","소로","6m미만","2026-03-01 11:18:06.685"
"7852","세검정로4가길","일반도로","국지도로","소로","6m미만","2026-03-01 11:18:06.685"
"7853","세검정로4길","일반도로","국지도로","소로","6m미만","2026-03-01 11:18:06.685"
"7854","세검정로4나길","일반도로","국지도로","소로","6m미만","2026-03-01 11:18:06.685"
"7855","세검정로4다길","일반도로","국지도로","소로","6m미만","2026-03-01 11:18:06.685"
"7856","세검정로6길","일반도로","국지도로","소로","6m미만","2026-03-01 11:18:06.685"
"7857","세검정로6나길","일반도로","국지도로","소로","6m미만","2026-03-01 11:18:06.685"
"7858","세검정로6다길","일반도로","국지도로","소로","6m미만","2026-03-01 11:18:06.685"
"7859","세검정로6라길","일반도로","국지도로","소로","6m미만","2026-03-01 11:18:06.685"
"7860","세검정로7가길","일반도로","국지도로","소로","6m미만","2026-03-01 11:18:06.685"
"7861","세검정로7길","일반도로","국지도로","소로","6m미만","2026-03-01 11:18:06.69"
"7862","세검정로7나길","일반도로","국지도로","소로","6m미만","2026-03-01 11:18:06.69"
"7863","세검정로9길","일반도로","국지도로","소로","6m미만","2026-03-01 11:18:06.69"
"7864","세곡~상계선","일반도로","주간선도로","대로3류","폭25-30m","2026-03-01 11:18:06.69"
"7865","세무서10길","일반도로","국지도로","소로","6m미만","2026-03-01 11:18:06.69"
"7866","세무서1길","일반도로","국지도로","소로","6m미만","2026-03-01 11:18:06.69"
"7867","세무서2길","일반도로","국지도로","소로","6m미만","2026-03-01 11:18:06.69"
"7868","세무서3길","일반도로","국지도로","소로","6m미만","2026-03-01 11:18:06.69"
"7869","세무서5길","일반도로","국지도로","소로","6m미만","2026-03-01 11:18:06.69"
"7870","세무서7길","일반도로","국지도로","소로","6m미만","2026-03-01 11:18:06.69"
"7871","세무서8길","일반도로","국지도로","소로","6m미만","2026-03-01 11:18:06.695"
"7872","세무서9길","일반도로","국지도로","소로","6m미만","2026-03-01 11:18:06.695"
"7873","세무서길","일반도로","국지도로","소로","6m미만","2026-03-01 11:18:06.695"
"7874","세종대로","일반도로","국지도로","소로","6m미만","2026-03-01 11:18:06.695"
"7875","세종대로11길","일반도로","국지도로","소로","6m미만","2026-03-01 11:18:06.695"
"7876","세종대로12길","일반도로","국지도로","소로","6m미만","2026-03-01 11:18:06.695"
"7877","세종대로14길","일반도로","국지도로","소로","6m미만","2026-03-01 11:18:06.695"
"7878","세종대로16길","일반도로","국지도로","소로","6m미만","2026-03-01 11:18:06.695"
"7879","세종대로18길","일반도로","국지도로","소로1류","폭10-12m","2026-03-01 11:18:06.695"
"7880","세종대로19길","일반도로","국지도로","소로1류","폭10-12m","2026-03-01 11:18:06.695"
"7881","세종대로1길","일반도로","국지도로","소로2류","폭8-10m","2026-03-01 11:18:06.7"
"7882","세종대로20길","일반도로","국지도로","소로2류","폭8-10m","2026-03-01 11:18:06.7"
"7883","세종대로21길","일반도로","국지도로","소로2류","폭8-10m","2026-03-01 11:18:06.7"
"7884","세종대로22길","일반도로","국지도로","소로2류","폭8-10m","2026-03-01 11:18:06.7"
"7885","세종대로23길","일반도로","국지도로","중로1류","폭20-25m","2026-03-01 11:18:06.7"
"7886","세종대로2가길","일반도로","국지도로","소로","6m미만","2026-03-01 11:18:06.7"
"7887","세종대로2길","일반도로","국지도로","소로1류","폭10-12m","2026-03-01 11:18:06.7"
"7888","세종대로2나길","일반도로","국지도로","소로","6m미만","2026-03-01 11:18:06.7"
"7889","세종대로4길","일반도로","국지도로","소로3류","폭6-8m","2026-03-01 11:18:06.7"
"7890","세종대로5길","일반도로","국지도로","소로2류","폭8-10m","2026-03-01 11:18:06.7"
"7891","세종대로7길","일반도로","국지도로","소로1류","폭10-12m","2026-03-01 11:18:06.704"
"7892","세종대로9길","일반도로","국지도로","소로3류","폭6-8m","2026-03-01 11:18:06.705"
"7893","소공로","일반도로","국지도로","소로3류","폭6-8m","2026-03-01 11:18:06.705"
"7894","소공로1길","일반도로","국지도로","소로","6m미만","2026-03-01 11:18:06.705"
"7895","소공로3길","일반도로","국지도로","소로","6m미만","2026-03-01 11:18:06.705"
"7896","소공로4길","일반도로","국지도로","소로","6m미만","2026-03-01 11:18:06.705"
"7897","소공로6가길","일반도로","국지도로","소로","6m미만","2026-03-01 11:18:06.705"
"7898","소공로6길","일반도로","국지도로","소로","6m미만","2026-03-01 11:18:06.705"
"7899","소공로6나길","일반도로","국지도로","소로","6m미만","2026-03-01 11:18:06.705"
"7900","소공로7길","일반도로","국지도로","중로1류","폭20-25m","2026-03-01 11:18:06.705"
"7901","소월로","일반도로","국지도로","소로","6m미만","2026-03-01 11:18:06.71"
"7902","소월로1길","일반도로","국지도로","소로","6m미만","2026-03-01 11:18:06.71"
"7903","소월로20길","일반도로","국지도로","소로","6m미만","2026-03-01 11:18:06.71"
"7904","소월로26길","일반도로","국지도로","소로","6m미만","2026-03-01 11:18:06.71"
"7905","소월로2가길","일반도로","국지도로","소로","6m미만","2026-03-01 11:18:06.71"
"7906","소월로2길","일반도로","국지도로","소로","6m미만","2026-03-01 11:18:06.71"
"7907","소월로2나길","일반도로","국지도로","소로","6m미만","2026-03-01 11:18:06.71"
"7908","소월로2다길","일반도로","국지도로","소로","6m미만","2026-03-01 11:18:06.71"
"7909","소월로30길","일반도로","국지도로","소로","6m미만","2026-03-01 11:18:06.71"
"7910","소월로38가길","일반도로","국지도로","소로","6m미만","2026-03-01 11:18:06.71"
"7911","소월로38길","일반도로","국지도로","소로3류","폭6-8m","2026-03-01 11:18:06.715"
"7912","소월로3길","일반도로","국지도로","소로2류","폭8-10m","2026-03-01 11:18:06.715"
"7913","소월로40길","일반도로","국지도로","소로","6m미만","2026-03-01 11:18:06.715"
"7914","소월로44가길","일반도로","국지도로","소로","6m미만","2026-03-01 11:18:06.715"
"7915","소월로44길","일반도로","국지도로","소로","6m미만","2026-03-01 11:18:06.715"
"7916","소파로","일반도로","국지도로","소로","6m미만","2026-03-01 11:18:06.715"
"7917","소파로4길","일반도로","국지도로","소로3류","폭6-8m","2026-03-01 11:18:06.715"
"7918","손기정로","일반도로","국지도로","소로2류","폭8-10m","2026-03-01 11:18:06.715"
"7919","손기정로10길","일반도로","국지도로","소로","6m미만","2026-03-01 11:18:06.715"
"7920","손기정로12길","일반도로","국지도로","소로","6m미만","2026-03-01 11:18:06.715"
"7921","손기정로1길","일반도로","국지도로","소로","6m미만","2026-03-01 11:18:06.72"
"7922","손기정로3길","일반도로","국지도로","소로","6m미만","2026-03-01 11:18:06.72"
"7923","손기정로4길","일반도로","국지도로","소로","6m미만","2026-03-01 11:18:06.72"
"7924","손기정로4안길","일반도로","국지도로","소로","6m미만","2026-03-01 11:18:06.72"
"7925","손기정로5길","일반도로","국지도로","소로","6m미만","2026-03-01 11:18:06.72"
"7926","손기정로6길","일반도로","국지도로","소로","6m미만","2026-03-01 11:18:06.72"
"7927","손기정로7길","일반도로","국지도로","소로","6m미만","2026-03-01 11:18:06.72"
"7928","솔매로","일반도로","국지도로","소로","6m미만","2026-03-01 11:18:06.72"
"7929","솔매로10길","일반도로","국지도로","소로","6m미만","2026-03-01 11:18:06.72"
"7930","솔매로17가길","일반도로","국지도로","소로","6m미만","2026-03-01 11:18:06.72"
"7931","솔매로17길","일반도로","국지도로","소로","6m미만","2026-03-01 11:18:06.725"
"7932","솔매로22가길","일반도로","국지도로","소로","6m미만","2026-03-01 11:18:06.725"
"7933","솔매로22길","일반도로","국지도로","소로","6m미만","2026-03-01 11:18:06.725"
"7934","솔매로28길","일반도로","국지도로","소로","6m미만","2026-03-01 11:18:06.725"
"7935","솔매로30길","일반도로","국지도로","소로","6m미만","2026-03-01 11:18:06.725"
"7936","솔매로31길","일반도로","국지도로","소로","6m미만","2026-03-01 11:18:06.725"
"7937","솔매로35길","일반도로","국지도로","소로","6m미만","2026-03-01 11:18:06.725"
"7938","솔매로36길","일반도로","국지도로","소로","6m미만","2026-03-01 11:18:06.725"
"7939","솔매로37길","일반도로","국지도로","소로","6m미만","2026-03-01 11:18:06.725"
"7940","솔매로39길","일반도로","국지도로","소로","6m미만","2026-03-01 11:18:06.725"
"7941","솔매로40길","일반도로","국지도로","소로","6m미만","2026-03-01 11:18:06.73"
"7942","솔매로41길","일반도로","국지도로","소로","6m미만","2026-03-01 11:18:06.73"
"7943","솔매로43길","일반도로","국지도로","소로","6m미만","2026-03-01 11:18:06.73"
"7944","솔매로44길","일반도로","국지도로","소로","6m미만","2026-03-01 11:18:06.73"
"7945","솔매로45길","일반도로","국지도로","소로","6m미만","2026-03-01 11:18:06.73"
"7946","솔매로46길","일반도로","국지도로","소로3류","폭6-8m","2026-03-01 11:18:06.73"
"7947","솔매로49길","일반도로","국지도로","소로2류","폭8-10m","2026-03-01 11:18:06.73"
"7948","솔매로50가길","일반도로","국지도로","소로","6m미만","2026-03-01 11:18:06.73"
"7949","솔매로50길","일반도로","국지도로","소로","6m미만","2026-03-01 11:18:06.73"
"7950","솔매로51길","일반도로","국지도로","소로","6m미만","2026-03-01 11:18:06.73"
"7951","솔매로52길","일반도로","국지도로","소로","6m미만","2026-03-01 11:18:06.735"
"7952","솔매로54길","일반도로","국지도로","소로","6m미만","2026-03-01 11:18:06.735"
"7953","솔매로6길","일반도로","국지도로","소로","6m미만","2026-03-01 11:18:06.735"
"7954","솔매로7가길","일반도로","국지도로","소로","6m미만","2026-03-01 11:18:06.735"
"7955","솔매로7길","일반도로","국지도로","소로","6m미만","2026-03-01 11:18:06.735"
"7956","솔매로7나길","일반도로","국지도로","소로","6m미만","2026-03-01 11:18:06.735"
"7957","솔매로7다길","일반도로","국지도로","소로","6m미만","2026-03-01 11:18:06.735"
"7958","솔매로9길","일반도로","국지도로","소로","6m미만","2026-03-01 11:18:06.735"
"7959","솔밭로","일반도로","국지도로","소로2류","폭8-10m","2026-03-01 11:18:06.735"
"7960","솔밭로2길","일반도로","국지도로","소로","6m미만","2026-03-01 11:18:06.735"
"7961","솔밭로4길","일반도로","국지도로","소로","6m미만","2026-03-01 11:18:06.74"
"7962","솔밭로5길","일반도로","국지도로","소로","6m미만","2026-03-01 11:18:06.74"
"7963","솔밭로7길","일반도로","국지도로","소로","6m미만","2026-03-01 11:18:06.74"
"7964","솔샘로","일반도로","국지도로","소로","6m미만","2026-03-01 11:18:06.74"
"7965","솔샘로11길","일반도로","국지도로","소로","6m미만","2026-03-01 11:18:06.74"
"7966","솔샘로12길","일반도로","국지도로","소로","6m미만","2026-03-01 11:18:06.74"
"7967","솔샘로14가길","일반도로","국지도로","소로","6m미만","2026-03-01 11:18:06.74"
"7968","솔샘로14길","일반도로","국지도로","소로","6m미만","2026-03-01 11:18:06.74"
"7969","솔샘로15가길","일반도로","국지도로","소로","6m미만","2026-03-01 11:18:06.74"
"7970","솔샘로15길","일반도로","국지도로","소로","6m미만","2026-03-01 11:18:06.74"
"7971","솔샘로15나길","일반도로","국지도로","소로","6m미만","2026-03-01 11:18:06.745"
"7972","솔샘로15다길","일반도로","국지도로","소로","6m미만","2026-03-01 11:18:06.745"
"7973","솔샘로15라길","일반도로","국지도로","소로","6m미만","2026-03-01 11:18:06.745"
"7974","솔샘로16길","일반도로","국지도로","소로","6m미만","2026-03-01 11:18:06.745"
"7975","솔샘로17가길","일반도로","국지도로","소로","6m미만","2026-03-01 11:18:06.745"
"7976","솔샘로17길","일반도로","국지도로","소로","6m미만","2026-03-01 11:18:06.745"
"7977","솔샘로18길","일반도로","국지도로","소로","6m미만","2026-03-01 11:18:06.745"
"7978","솔샘로1길","일반도로","국지도로","소로2류","폭8-10m","2026-03-01 11:18:06.745"
"7979","솔샘로20길","일반도로","국지도로","소로","6m미만","2026-03-01 11:18:06.745"
"7980","솔샘로24길","일반도로","국지도로","소로","6m미만","2026-03-01 11:18:06.745"
"7981","솔샘로25가길","일반도로","국지도로","중로2류","폭15-20m","2026-03-01 11:18:06.75"
"7982","솔샘로25길","일반도로","국지도로","소로1류","폭10-12m","2026-03-01 11:18:06.75"
"7983","솔샘로31길","일반도로","국지도로","소로","6m미만","2026-03-01 11:18:06.75"
"7984","솔샘로35가길","일반도로","국지도로","소로","6m미만","2026-03-01 11:18:06.75"
"7985","솔샘로35길","일반도로","국지도로","소로","6m미만","2026-03-01 11:18:06.75"
"7986","솔샘로3길","일반도로","국지도로","소로","6m미만","2026-03-01 11:18:06.75"
"7987","솔샘로40길","일반도로","국지도로","소로3류","폭6-8m","2026-03-01 11:18:06.75"
"7988","솔샘로43길","일반도로","국지도로","소로","6m미만","2026-03-01 11:18:06.75"
"7989","솔샘로47가길","일반도로","국지도로","소로","6m미만","2026-03-01 11:18:06.75"
"7990","솔샘로47길","일반도로","국지도로","소로","6m미만","2026-03-01 11:18:06.75"
"7991","솔샘로47나길","일반도로","국지도로","소로","6m미만","2026-03-01 11:18:06.755"
"7992","솔샘로48길","일반도로","국지도로","소로","6m미만","2026-03-01 11:18:06.755"
"7993","솔샘로4길","일반도로","국지도로","소로","6m미만","2026-03-01 11:18:06.755"
"7994","솔샘로50길","일반도로","국지도로","소로","6m미만","2026-03-01 11:18:06.755"
"7995","솔샘로53길","일반도로","국지도로","소로","6m미만","2026-03-01 11:18:06.755"
"7996","솔샘로58길","일반도로","국지도로","소로","6m미만","2026-03-01 11:18:06.755"
"7997","솔샘로59가길","일반도로","국지도로","소로","6m미만","2026-03-01 11:18:06.755"
"7998","솔샘로59길","일반도로","국지도로","소로","6m미만","2026-03-01 11:18:06.755"
"7999","솔샘로5가길","일반도로","국지도로","소로","6m미만","2026-03-01 11:18:06.755"
"8000","솔샘로5길","일반도로","국지도로","소로","6m미만","2026-03-01 11:18:06.755"
"8001","솔샘로60가길","일반도로","국지도로","소로","6m미만","2026-03-01 11:18:06.76"
"8002","솔샘로60길","일반도로","국지도로","소로","6m미만","2026-03-01 11:18:06.76"
"8003","솔샘로60나길","일반도로","국지도로","소로","6m미만","2026-03-01 11:18:06.76"
"8004","솔샘로64가길","일반도로","국지도로","소로","6m미만","2026-03-01 11:18:06.76"
"8005","솔샘로64길","일반도로","국지도로","소로","6m미만","2026-03-01 11:18:06.76"
"8006","솔샘로64나길","일반도로","국지도로","소로","6m미만","2026-03-01 11:18:06.76"
"8007","솔샘로64다길","일반도로","국지도로","소로","6m미만","2026-03-01 11:18:06.76"
"8008","솔샘로65길","일반도로","국지도로","소로","6m미만","2026-03-01 11:18:06.76"
"8009","솔샘로67길","일반도로","국지도로","소로1류","폭10-12m","2026-03-01 11:18:06.76"
"8010","솔샘로68길","일반도로","국지도로","소로","6m미만","2026-03-01 11:18:06.76"
"8011","솔샘로6가길","일반도로","국지도로","소로","6m미만","2026-03-01 11:18:06.765"
"8012","솔샘로6길","일반도로","국지도로","소로","6m미만","2026-03-01 11:18:06.765"
"8013","솔샘로6나길","일반도로","국지도로","소로","6m미만","2026-03-01 11:18:06.765"
"8014","솔샘로6다길","일반도로","국지도로","소로","6m미만","2026-03-01 11:18:06.765"
"8015","솔샘로6라길","일반도로","국지도로","소로","6m미만","2026-03-01 11:18:06.765"
"8016","솔샘로6마길","일반도로","국지도로","소로","6m미만","2026-03-01 11:18:06.765"
"8017","솔샘로7길","일반도로","국지도로","소로","6m미만","2026-03-01 11:18:06.765"
"8018","솔샘로9길","일반도로","국지도로","소로","6m미만","2026-03-01 11:18:06.765"
"8019","송동길","일반도로","국지도로","소로","6m미만","2026-03-01 11:18:06.765"
"8020","송림길","일반도로","국지도로","소로","6m미만","2026-03-01 11:18:06.765"
"8021","송월1길","일반도로","국지도로","소로3류","폭6-8m","2026-03-01 11:18:06.77"
"8022","송월길","일반도로","국지도로","소로3류","폭6-8m","2026-03-01 11:18:06.77"
"8023","송이로","일반도로","국지도로","중로1류","폭20-25m","2026-03-01 11:18:06.77"
"8024","송이로10길","일반도로","국지도로","소로","6m미만","2026-03-01 11:18:06.77"
"8025","송이로12길","일반도로","국지도로","소로","6m미만","2026-03-01 11:18:06.77"
"8026","송이로14길","일반도로","국지도로","소로2류","폭8-10m","2026-03-01 11:18:06.77"
"8027","송이로15길","일반도로","국지도로","소로2류","폭8-10m","2026-03-01 11:18:06.77"
"8028","송이로17길","일반도로","국지도로","소로3류","폭6-8m","2026-03-01 11:18:06.77"
"8029","송이로19길","일반도로","국지도로","소로3류","폭6-8m","2026-03-01 11:18:06.77"
"8030","송이로20길","일반도로","국지도로","소로3류","폭6-8m","2026-03-01 11:18:06.77"
"8031","송이로21길","일반도로","국지도로","소로3류","폭6-8m","2026-03-01 11:18:06.775"
"8032","송이로23길","일반도로","국지도로","소로3류","폭6-8m","2026-03-01 11:18:06.775"
"8033","송이로24길","일반도로","국지도로","소로2류","폭8-10m","2026-03-01 11:18:06.775"
"8034","송이로26길","일반도로","국지도로","소로3류","폭6-8m","2026-03-01 11:18:06.775"
"8035","송이로27길","일반도로","국지도로","소로3류","폭6-8m","2026-03-01 11:18:06.775"
"8036","송이로28길","일반도로","국지도로","소로3류","폭6-8m","2026-03-01 11:18:06.775"
"8037","송이로2길","일반도로","국지도로","소로","6m미만","2026-03-01 11:18:06.775"
"8038","송이로30길","일반도로","국지도로","소로2류","폭8-10m","2026-03-01 11:18:06.775"
"8039","송이로31길","일반도로","국지도로","소로2류","폭8-10m","2026-03-01 11:18:06.775"
"8040","송이로32길","일반도로","국지도로","소로3류","폭6-8m","2026-03-01 11:18:06.775"
"8041","송이로33길","일반도로","국지도로","소로3류","폭6-8m","2026-03-01 11:18:06.78"
"8042","송이로34길","일반도로","국지도로","소로3류","폭6-8m","2026-03-01 11:18:06.78"
"8043","송이로36길","일반도로","국지도로","소로3류","폭6-8m","2026-03-01 11:18:06.78"
"8044","송이로37가길","일반도로","국지도로","소로2류","폭8-10m","2026-03-01 11:18:06.78"
"8045","송이로37길","일반도로","국지도로","소로3류","폭6-8m","2026-03-01 11:18:06.78"
"8046","송이로38길","일반도로","국지도로","소로2류","폭8-10m","2026-03-01 11:18:06.78"
"8047","송이로4길","일반도로","국지도로","소로","6m미만","2026-03-01 11:18:06.78"
"8048","송이로6길","일반도로","국지도로","소로","6m미만","2026-03-01 11:18:06.78"
"8049","송이로8길","일반도로","국지도로","소로","6m미만","2026-03-01 11:18:06.78"
"8050","송정10길","일반도로","국지도로","소로","6m미만","2026-03-01 11:18:06.78"
"8051","송정12가길","일반도로","국지도로","소로","6m미만","2026-03-01 11:18:06.785"
"8052","송정12길","일반도로","국지도로","소로","6m미만","2026-03-01 11:18:06.785"
"8053","송정12나길","일반도로","국지도로","소로","6m미만","2026-03-01 11:18:06.785"
"8054","송정12다길","일반도로","국지도로","소로","6m미만","2026-03-01 11:18:06.785"
"8055","송정12라길","일반도로","국지도로","소로","6m미만","2026-03-01 11:18:06.785"
"8056","송정12마길","일반도로","국지도로","소로","6m미만","2026-03-01 11:18:06.785"
"8057","송정12바길","일반도로","국지도로","소로","6m미만","2026-03-01 11:18:06.785"
"8058","송정14길","일반도로","국지도로","소로","6m미만","2026-03-01 11:18:06.785"
"8059","송정16길","일반도로","국지도로","소로","6m미만","2026-03-01 11:18:06.785"
"8060","송정18가길","일반도로","국지도로","소로","6m미만","2026-03-01 11:18:06.785"
"8061","송정18길","일반도로","국지도로","소로","6m미만","2026-03-01 11:18:06.79"
"8062","송정2길","일반도로","국지도로","소로","6m미만","2026-03-01 11:18:06.79"
"8063","송정4가길","일반도로","국지도로","소로","6m미만","2026-03-01 11:18:06.79"
"8064","송정4길","일반도로","국지도로","소로","6m미만","2026-03-01 11:18:06.79"
"8065","송정6길","일반도로","국지도로","소로","6m미만","2026-03-01 11:18:06.79"
"8066","송정8길","일반도로","국지도로","소로","6m미만","2026-03-01 11:18:06.79"
"8067","송정~상봉선","일반도로","보조간선도로","중로3류","폭12-15m","2026-03-01 11:18:06.79"
"8068","송정길","일반도로","국지도로","소로","6m미만","2026-03-01 11:18:06.79"
"8069","송정로","일반도로","국지도로","소로","6m미만","2026-03-01 11:18:06.79"
"8070","송정로1길","일반도로","국지도로","소로","6m미만","2026-03-01 11:18:06.79"
"8071","송정로3길","일반도로","국지도로","소로","6m미만","2026-03-01 11:18:06.795"
"8072","송정로4길","일반도로","국지도로","소로","6m미만","2026-03-01 11:18:06.795"
"8073","송정로6길","일반도로","국지도로","소로","6m미만","2026-03-01 11:18:06.795"
"8074","송죽길","일반도로","국지도로","소로","6m미만","2026-03-01 11:18:06.795"
"8075","송파대로","일반도로","국지도로","소로","6m미만","2026-03-01 11:18:06.795"
"8076","송파대로14길","일반도로","국지도로","소로2류","폭8-10m","2026-03-01 11:18:06.795"
"8077","송파대로16길","일반도로","국지도로","소로","6m미만","2026-03-01 11:18:06.795"
"8078","송파대로18길","일반도로","국지도로","소로3류","폭6-8m","2026-03-01 11:18:06.795"
"8079","송파대로20길","일반도로","국지도로","소로2류","폭8-10m","2026-03-01 11:18:06.795"
"8080","송파대로22길","일반도로","국지도로","소로3류","폭6-8m","2026-03-01 11:18:06.795"
"8081","송파대로24길","일반도로","국지도로","소로2류","폭8-10m","2026-03-01 11:18:06.8"
"8082","송파대로26길","일반도로","국지도로","소로1류","폭10-12m","2026-03-01 11:18:06.8"
"8083","송파대로27길","일반도로","국지도로","소로3류","폭6-8m","2026-03-01 11:18:06.8"
"8084","송파대로28길","일반도로","국지도로","중로1류","폭20-25m","2026-03-01 11:18:06.8"
"8085","송파대로30길","일반도로","국지도로","소로2류","폭8-10m","2026-03-01 11:18:06.8"
"8086","송파대로32길","일반도로","국지도로","소로2류","폭8-10m","2026-03-01 11:18:06.8"
"8087","송파대로34가길","일반도로","국지도로","소로3류","폭6-8m","2026-03-01 11:18:06.8"
"8088","송파대로34길","일반도로","국지도로","소로3류","폭6-8m","2026-03-01 11:18:06.8"
"8089","송파대로36가길","일반도로","국지도로","소로3류","폭6-8m","2026-03-01 11:18:06.8"
"8090","송파대로36길","일반도로","국지도로","소로3류","폭6-8m","2026-03-01 11:18:06.8"
"8091","송파대로37길","일반도로","국지도로","소로1류","폭10-12m","2026-03-01 11:18:06.804"
"8092","송파대로38길","일반도로","국지도로","소로3류","폭6-8m","2026-03-01 11:18:06.805"
"8093","송파대로39길","일반도로","국지도로","소로","6m미만","2026-03-01 11:18:06.805"
"8094","송파대로40길","일반도로","국지도로","소로","6m미만","2026-03-01 11:18:06.805"
"8095","송파대로42길","일반도로","국지도로","소로","6m미만","2026-03-01 11:18:06.805"
"8096","송파대로43길","일반도로","국지도로","소로","6m미만","2026-03-01 11:18:06.805"
"8097","송파대로44길","일반도로","국지도로","소로","6m미만","2026-03-01 11:18:06.805"
"8098","송파대로45길","일반도로","국지도로","소로","6m미만","2026-03-01 11:18:06.805"
"8099","송파대로46길","일반도로","국지도로","소로","6m미만","2026-03-01 11:18:06.805"
"8100","송파대로47길","일반도로","국지도로","소로","6m미만","2026-03-01 11:18:06.805"
"8101","송파대로48길","일반도로","국지도로","소로3류","폭6-8m","2026-03-01 11:18:06.809"
"8102","송파대로49길","일반도로","국지도로","소로3류","폭6-8m","2026-03-01 11:18:06.809"
"8103","송파대로60길","일반도로","국지도로","확인","불가","2026-03-01 11:18:06.809"
"8104","송파대로6길","일반도로","국지도로","중로2류","폭15-20m","2026-03-01 11:18:06.809"
"8105","송파대로8길","일반도로","국지도로","중로1류","폭20-25m","2026-03-01 11:18:06.809"
"8106","송파둘레길","일반도로","국지도로","소로","6m미만","2026-03-01 11:18:06.809"
"8107","수도권제1순환고속도로","일반도로","기타","대로3류","폭25-30m","2026-03-01 11:18:06.809"
"8108","수락산로","일반도로","국지도로","소로2류","폭8-10m","2026-03-01 11:18:06.809"
"8109","수락산로2길","일반도로","국지도로","확인","불가","2026-03-01 11:18:06.809"
"8110","수락산로8가길","일반도로","국지도로","소로","6m미만","2026-03-01 11:18:06.809"
"8111","수락산로8길","일반도로","국지도로","소로3류","폭6-8m","2026-03-01 11:18:06.814"
"8112","수명로","일반도로","국지도로","중로2류","폭15-20m","2026-03-01 11:18:06.814"
"8113","수명로1길","일반도로","국지도로","중로1류","폭20-25m","2026-03-01 11:18:06.814"
"8114","수명로2가길","일반도로","국지도로","소로1류","폭10-12m","2026-03-01 11:18:06.814"
"8115","수명로2길","일반도로","국지도로","중로2류","폭15-20m","2026-03-01 11:18:06.814"
"8116","수명로6길","일반도로","국지도로","중로1류","폭20-25m","2026-03-01 11:18:06.814"
"8117","수색로","일반도로","국지도로","소로","6m미만","2026-03-01 11:18:06.814"
"8118","수색로10길","일반도로","국지도로","소로","6m미만","2026-03-01 11:18:06.814"
"8119","수색로12길","일반도로","국지도로","소로","6m미만","2026-03-01 11:18:06.814"
"8120","수색로14길","일반도로","국지도로","소로3류","폭6-8m","2026-03-01 11:18:06.814"
"8121","수색로16길","일반도로","국지도로","중로1류","폭20-25m","2026-03-01 11:18:06.82"
"8122","수색로18길","일반도로","국지도로","소로1류","폭10-12m","2026-03-01 11:18:06.82"
"8123","수색로22가길","일반도로","국지도로","소로3류","폭6-8m","2026-03-01 11:18:06.82"
"8124","수색로22길","일반도로","국지도로","소로","6m미만","2026-03-01 11:18:06.82"
"8125","수색로22나길","일반도로","국지도로","소로","6m미만","2026-03-01 11:18:06.82"
"8126","수색로24길","일반도로","국지도로","중로1류","폭20-25m","2026-03-01 11:18:06.82"
"8127","수색로2길","일반도로","국지도로","소로2류","폭8-10m","2026-03-01 11:18:06.82"
"8128","수색로4가길","일반도로","국지도로","소로3류","폭6-8m","2026-03-01 11:18:06.82"
"8129","수색로4길","일반도로","국지도로","소로","6m미만","2026-03-01 11:18:06.82"
"8130","수색로4나길","일반도로","국지도로","소로2류","폭8-10m","2026-03-01 11:18:06.82"
"8131","수색로6길","일반도로","국지도로","중로1류","폭20-25m","2026-03-01 11:18:06.824"
"8132","수색로8가길","일반도로","국지도로","소로","6m미만","2026-03-01 11:18:06.824"
"8133","수색로8길","일반도로","국지도로","소로","6m미만","2026-03-01 11:18:06.824"
"8134","수색로8나길","일반도로","국지도로","소로","6m미만","2026-03-01 11:18:06.824"
"8135","수서~오금선","일반도로","보조간선도로","대로1류","폭35-40m","2026-03-01 11:18:06.824"
"8136","수유~상계7선","일반도로","보조간선도로","대로2류","폭30-35m","2026-03-01 11:18:06.824"
"8137","수유~상계선","일반도로","보조간선도로","대로2류","폭30-35m","2026-03-01 11:18:06.824"
"8138","수유로","일반도로","국지도로","소로3류","폭6-8m","2026-03-01 11:18:06.824"
"8139","수유로12가길","일반도로","국지도로","소로","6m미만","2026-03-01 11:18:06.824"
"8140","수유로12길","일반도로","국지도로","소로3류","폭6-8m","2026-03-01 11:18:06.824"
"8141","수유로13길","일반도로","국지도로","소로","6m미만","2026-03-01 11:18:06.829"
"8142","수유로17가길","일반도로","국지도로","소로","6m미만","2026-03-01 11:18:06.829"
"8143","수유로17길","일반도로","국지도로","소로","6m미만","2026-03-01 11:18:06.829"
"8144","수유로17나길","일반도로","국지도로","소로","6m미만","2026-03-01 11:18:06.829"
"8145","수유로21길","일반도로","국지도로","소로","6m미만","2026-03-01 11:18:06.829"
"8146","수유로23가길","일반도로","국지도로","소로","6m미만","2026-03-01 11:18:06.829"
"8147","수유로23길","일반도로","국지도로","소로","6m미만","2026-03-01 11:18:06.829"
"8148","수유로4길","일반도로","국지도로","소로","6m미만","2026-03-01 11:18:06.829"
"8149","수유로5길","일반도로","국지도로","소로","6m미만","2026-03-01 11:18:06.829"
"8150","수유로8길","일반도로","국지도로","소로","6m미만","2026-03-01 11:18:06.829"
"8151","수표로","일반도로","국지도로","소로","6m미만","2026-03-01 11:18:06.834"
"8152","수표로10길","일반도로","국지도로","소로","6m미만","2026-03-01 11:18:06.834"
"8153","수표로12길","일반도로","국지도로","소로3류","폭6-8m","2026-03-01 11:18:06.834"
"8154","수표로18가길","일반도로","국지도로","소로","6m미만","2026-03-01 11:18:06.834"
"8155","수표로18길","일반도로","국지도로","소로","6m미만","2026-03-01 11:18:06.834"
"8156","수표로20길","일반도로","국지도로","소로","6m미만","2026-03-01 11:18:06.834"
"8157","수표로22길","일반도로","국지도로","소로","6m미만","2026-03-01 11:18:06.834"
"8158","수표로26길","일반도로","국지도로","소로","6m미만","2026-03-01 11:18:06.834"
"8159","수표로28길","일반도로","국지도로","소로","6m미만","2026-03-01 11:18:06.834"
"8160","수표로2길","일반도로","국지도로","소로1류","폭10-12m","2026-03-01 11:18:06.834"
"8161","수표로4길","일반도로","국지도로","소로","6m미만","2026-03-01 11:18:06.839"
"8162","수표로6길","일반도로","국지도로","소로3류","폭6-8m","2026-03-01 11:18:06.839"
"8163","숙선옹주로","일반도로","국지도로","소로1류","폭10-12m","2026-03-01 11:18:06.839"
"8164","숙선옹주로3길","일반도로","국지도로","소로","6m미만","2026-03-01 11:18:06.839"
"8165","숙선옹주로5길","일반도로","국지도로","소로","6m미만","2026-03-01 11:18:06.839"
"8166","숙선옹주로7길","일반도로","국지도로","소로1류","폭10-12m","2026-03-01 11:18:06.839"
"8167","숙선옹주로9길","일반도로","국지도로","중로2류","폭15-20m","2026-03-01 11:18:06.839"
"8168","숭문16가길","일반도로","국지도로","소로","6m미만","2026-03-01 11:18:06.839"
"8169","숭문16길","일반도로","국지도로","소로","6m미만","2026-03-01 11:18:06.839"
"8170","숭문16나길","일반도로","국지도로","소로3류","폭6-8m","2026-03-01 11:18:06.839"
"8171","숭문16다길","일반도로","국지도로","소로","6m미만","2026-03-01 11:18:06.843"
"8172","숭문2길","일반도로","국지도로","소로","6m미만","2026-03-01 11:18:06.843"
"8173","숭문4길","일반도로","국지도로","소로","6m미만","2026-03-01 11:18:06.843"
"8174","숭문4안길","일반도로","국지도로","소로","6m미만","2026-03-01 11:18:06.843"
"8175","숭문5길","일반도로","국지도로","소로","6m미만","2026-03-01 11:18:06.843"
"8176","숭문6길","일반도로","국지도로","중로2류","폭15-20m","2026-03-01 11:18:06.843"
"8177","숭문길","일반도로","국지도로","소로","6m미만","2026-03-01 11:18:06.843"
"8178","숭인동1가길","일반도로","국지도로","소로","6m미만","2026-03-01 11:18:06.843"
"8179","숭인동1길","일반도로","국지도로","소로","6m미만","2026-03-01 11:18:06.843"
"8180","숭인동1나길","일반도로","국지도로","소로","6m미만","2026-03-01 11:18:06.843"
"8181","숭인동1다길","일반도로","국지도로","소로","6m미만","2026-03-01 11:18:06.848"
"8182","숭인동2길","일반도로","국지도로","소로","6m미만","2026-03-01 11:18:06.848"
"8183","숭인동길","일반도로","국지도로","소로","6m미만","2026-03-01 11:18:06.848"
"8184","숭인로","일반도로","국지도로","소로","6m미만","2026-03-01 11:18:06.848"
"8185","숭인로13길","일반도로","국지도로","소로3류","폭6-8m","2026-03-01 11:18:06.848"
"8186","숭인로16가길","일반도로","국지도로","소로","6m미만","2026-03-01 11:18:06.848"
"8187","숭인로16길","일반도로","국지도로","소로","6m미만","2026-03-01 11:18:06.848"
"8188","숭인로2길","일반도로","국지도로","소로3류","폭6-8m","2026-03-01 11:18:06.848"
"8189","숭인로3길","일반도로","국지도로","소로","6m미만","2026-03-01 11:18:06.848"
"8190","숭인로5길","일반도로","국지도로","소로","6m미만","2026-03-01 11:18:06.848"
"8191","숭인로7가길","일반도로","국지도로","소로1류","폭10-12m","2026-03-01 11:18:06.853"
"8192","숭인로7길","일반도로","국지도로","소로","6m미만","2026-03-01 11:18:06.853"
"8193","숭인로7나길","일반도로","국지도로","소로","6m미만","2026-03-01 11:18:06.853"
"8194","숭인로8길","일반도로","국지도로","중로1류","폭20-25m","2026-03-01 11:18:06.853"
"8195","숯골길","일반도로","국지도로","소로","6m미만","2026-03-01 11:18:06.853"
"8196","승방10길","일반도로","국지도로","소로","6m미만","2026-03-01 11:18:06.853"
"8197","승방1길","일반도로","국지도로","소로","6m미만","2026-03-01 11:18:06.853"
"8198","승방2길","일반도로","국지도로","소로3류","폭6-8m","2026-03-01 11:18:06.853"
"8199","승방3가길","일반도로","국지도로","소로3류","폭6-8m","2026-03-01 11:18:06.853"
"8200","승방3길","일반도로","국지도로","소로3류","폭6-8m","2026-03-01 11:18:06.853"
"8201","승방3나길","일반도로","국지도로","소로3류","폭6-8m","2026-03-01 11:18:06.858"
"8202","승방4길","일반도로","국지도로","소로3류","폭6-8m","2026-03-01 11:18:06.858"
"8203","승방6길","일반도로","국지도로","소로3류","폭6-8m","2026-03-01 11:18:06.858"
"8204","승방7길","일반도로","국지도로","소로3류","폭6-8m","2026-03-01 11:18:06.858"
"8205","승방9길","일반도로","국지도로","소로","6m미만","2026-03-01 11:18:06.858"
"8206","승방길","일반도로","국지도로","소로3류","폭6-8m","2026-03-01 11:18:06.858"
"8207","시루봉로","일반도로","국지도로","소로","6m미만","2026-03-01 11:18:06.858"
"8208","시루봉로11길","일반도로","국지도로","소로","6m미만","2026-03-01 11:18:06.858"
"8209","시루봉로12길","일반도로","국지도로","소로","6m미만","2026-03-01 11:18:06.858"
"8210","시루봉로13가길","일반도로","국지도로","소로","6m미만","2026-03-01 11:18:06.858"
"8211","시루봉로13길","일반도로","국지도로","소로","6m미만","2026-03-01 11:18:06.863"
"8212","시루봉로15가길","일반도로","국지도로","소로","6m미만","2026-03-01 11:18:06.863"
"8213","시루봉로15길","일반도로","국지도로","소로","6m미만","2026-03-01 11:18:06.863"
"8214","시루봉로15나길","일반도로","국지도로","소로","6m미만","2026-03-01 11:18:06.863"
"8215","시루봉로15다길","일반도로","국지도로","소로3류","폭6-8m","2026-03-01 11:18:06.863"
"8216","시루봉로15라길","일반도로","국지도로","소로","6m미만","2026-03-01 11:18:06.863"
"8217","시루봉로15마길","일반도로","국지도로","소로","6m미만","2026-03-01 11:18:06.863"
"8218","시루봉로15바길","일반도로","국지도로","소로","6m미만","2026-03-01 11:18:06.863"
"8219","시루봉로15아길","일반도로","국지도로","소로","6m미만","2026-03-01 11:18:06.863"
"8220","시루봉로15자길","일반도로","국지도로","소로","6m미만","2026-03-01 11:18:06.863"
"8221","시루봉로17가길","일반도로","국지도로","소로","6m미만","2026-03-01 11:18:06.868"
"8222","시루봉로17길","일반도로","국지도로","소로","6m미만","2026-03-01 11:18:06.868"
"8223","시루봉로19길","일반도로","국지도로","소로","6m미만","2026-03-01 11:18:06.868"
"8224","시루봉로1길","일반도로","국지도로","소로","6m미만","2026-03-01 11:18:06.868"
"8225","시루봉로21길","일반도로","국지도로","소로","6m미만","2026-03-01 11:18:06.868"
"8226","시루봉로22길","일반도로","국지도로","소로","6m미만","2026-03-01 11:18:06.868"
"8227","시루봉로23가길","일반도로","국지도로","소로","6m미만","2026-03-01 11:18:06.868"
"8228","시루봉로23길","일반도로","국지도로","소로","6m미만","2026-03-01 11:18:06.868"
"8229","시루봉로23나길","일반도로","국지도로","소로","6m미만","2026-03-01 11:18:06.868"
"8230","시루봉로23다길","일반도로","국지도로","소로","6m미만","2026-03-01 11:18:06.868"
"8231","시루봉로25길","일반도로","국지도로","소로2류","폭8-10m","2026-03-01 11:18:06.872"
"8232","시루봉로27가길","일반도로","국지도로","소로","6m미만","2026-03-01 11:18:06.872"
"8233","시루봉로27길","일반도로","국지도로","소로3류","폭6-8m","2026-03-01 11:18:06.872"
"8234","시루봉로27나길","일반도로","국지도로","소로","6m미만","2026-03-01 11:18:06.872"
"8235","시루봉로29길","일반도로","국지도로","소로","6m미만","2026-03-01 11:18:06.872"
"8236","시루봉로2길","일반도로","국지도로","소로1류","폭10-12m","2026-03-01 11:18:06.872"
"8237","시루봉로5길","일반도로","국지도로","소로2류","폭8-10m","2026-03-01 11:18:06.872"
"8238","시루봉로6길","일반도로","국지도로","소로2류","폭8-10m","2026-03-01 11:18:06.872"
"8239","시흥~독산본선","일반도로","보조간선도로","중로2류","폭15-20m","2026-03-01 11:18:06.872"
"8240","시흥~신림선","일반도로","보조간선도로","중로1류","폭20-25m","2026-03-01 11:18:06.872"
"8241","시흥~중림선","일반도로","주간선도로","대로1류","폭35-40m","2026-03-01 11:18:06.877"
"8242","시흥대로","일반도로","국지도로","소로3류","폭6-8m","2026-03-01 11:18:06.877"
"8243","시흥대로100길","일반도로","국지도로","소로","6m미만","2026-03-01 11:18:06.877"
"8244","시흥대로101길","일반도로","국지도로","소로","6m미만","2026-03-01 11:18:06.877"
"8245","시흥대로102길","일반도로","국지도로","소로","6m미만","2026-03-01 11:18:06.877"
"8246","시흥대로103길","일반도로","국지도로","소로","6m미만","2026-03-01 11:18:06.877"
"8247","시흥대로104가길","일반도로","국지도로","소로","6m미만","2026-03-01 11:18:06.877"
"8248","시흥대로104길","일반도로","국지도로","소로","6m미만","2026-03-01 11:18:06.877"
"8249","시흥대로104나길","일반도로","국지도로","소로","6m미만","2026-03-01 11:18:06.877"
"8250","시흥대로104다길","일반도로","국지도로","소로","6m미만","2026-03-01 11:18:06.877"
"8251","시흥대로105길","일반도로","국지도로","소로","6m미만","2026-03-01 11:18:06.882"
"8252","시흥대로106길","일반도로","국지도로","소로","6m미만","2026-03-01 11:18:06.882"
"8253","시흥대로10길","일반도로","국지도로","소로2류","폭8-10m","2026-03-01 11:18:06.882"
"8254","시흥대로110길","일반도로","국지도로","소로","6m미만","2026-03-01 11:18:06.882"
"8255","시흥대로112길","일반도로","국지도로","소로3류","폭6-8m","2026-03-01 11:18:06.882"
"8256","시흥대로114길","일반도로","국지도로","소로2류","폭8-10m","2026-03-01 11:18:06.882"
"8257","시흥대로115길","일반도로","국지도로","중로2류","폭15-20m","2026-03-01 11:18:06.882"
"8258","시흥대로116길","일반도로","국지도로","소로3류","폭6-8m","2026-03-01 11:18:06.882"
"8259","시흥대로118길","일반도로","국지도로","소로","6m미만","2026-03-01 11:18:06.882"
"8260","시흥대로120길","일반도로","국지도로","소로","6m미만","2026-03-01 11:18:06.882"
"8261","시흥대로122길","일반도로","국지도로","소로3류","폭6-8m","2026-03-01 11:18:06.887"
"8262","시흥대로123길","일반도로","국지도로","소로3류","폭6-8m","2026-03-01 11:18:06.887"
"8263","시흥대로124길","일반도로","국지도로","소로3류","폭6-8m","2026-03-01 11:18:06.887"
"8264","시흥대로126길","일반도로","국지도로","소로","6m미만","2026-03-01 11:18:06.887"
"8265","시흥대로128길","일반도로","국지도로","소로","6m미만","2026-03-01 11:18:06.887"
"8266","시흥대로12길","일반도로","국지도로","소로3류","폭6-8m","2026-03-01 11:18:06.887"
"8267","시흥대로130길","일반도로","국지도로","소로","6m미만","2026-03-01 11:18:06.887"
"8268","시흥대로134길","일반도로","국지도로","소로","6m미만","2026-03-01 11:18:06.887"
"8269","시흥대로136길","일반도로","국지도로","소로","6m미만","2026-03-01 11:18:06.887"
"8270","시흥대로138길","일반도로","국지도로","소로3류","폭6-8m","2026-03-01 11:18:06.887"
"8271","시흥대로139길","일반도로","국지도로","소로1류","폭10-12m","2026-03-01 11:18:06.892"
"8272","시흥대로140길","일반도로","국지도로","소로3류","폭6-8m","2026-03-01 11:18:06.892"
"8273","시흥대로141길","일반도로","국지도로","소로3류","폭6-8m","2026-03-01 11:18:06.892"
"8274","시흥대로142길","일반도로","국지도로","소로","6m미만","2026-03-01 11:18:06.892"
"8275","시흥대로143길","일반도로","국지도로","소로","6m미만","2026-03-01 11:18:06.892"
"8276","시흥대로144길","일반도로","국지도로","소로","6m미만","2026-03-01 11:18:06.892"
"8277","시흥대로145길","일반도로","국지도로","소로3류","폭6-8m","2026-03-01 11:18:06.892"
"8278","시흥대로146길","일반도로","국지도로","소로","6m미만","2026-03-01 11:18:06.892"
"8279","시흥대로147길","일반도로","국지도로","소로","6m미만","2026-03-01 11:18:06.892"
"8280","시흥대로148길","일반도로","국지도로","소로","6m미만","2026-03-01 11:18:06.892"
"8281","시흥대로149가길","일반도로","국지도로","소로","6m미만","2026-03-01 11:18:06.896"
"8282","시흥대로149길","일반도로","국지도로","소로3류","폭6-8m","2026-03-01 11:18:06.896"
"8283","시흥대로14길","일반도로","국지도로","소로3류","폭6-8m","2026-03-01 11:18:06.896"
"8284","시흥대로150길","일반도로","국지도로","소로","6m미만","2026-03-01 11:18:06.896"
"8285","시흥대로151길","일반도로","국지도로","소로","6m미만","2026-03-01 11:18:06.896"
"8286","시흥대로152길","일반도로","국지도로","소로","6m미만","2026-03-01 11:18:06.896"
"8287","시흥대로153길","일반도로","국지도로","소로3류","폭6-8m","2026-03-01 11:18:06.896"
"8288","시흥대로158가길","일반도로","국지도로","소로","6m미만","2026-03-01 11:18:06.896"
"8289","시흥대로158길","일반도로","국지도로","소로","6m미만","2026-03-01 11:18:06.896"
"8290","시흥대로160길","일반도로","국지도로","소로3류","폭6-8m","2026-03-01 11:18:06.896"
"8291","시흥대로161가길","일반도로","국지도로","소로","6m미만","2026-03-01 11:18:06.901"
"8292","시흥대로161길","일반도로","국지도로","소로","6m미만","2026-03-01 11:18:06.901"
"8293","시흥대로162길","일반도로","국지도로","소로","6m미만","2026-03-01 11:18:06.902"
"8294","시흥대로163길","일반도로","국지도로","소로3류","폭6-8m","2026-03-01 11:18:06.902"
"8295","시흥대로164길","일반도로","국지도로","소로","6m미만","2026-03-01 11:18:06.902"
"8296","시흥대로166길","일반도로","국지도로","소로","6m미만","2026-03-01 11:18:06.902"
"8297","시흥대로16길","일반도로","국지도로","소로3류","폭6-8m","2026-03-01 11:18:06.902"
"8298","시흥대로173길","일반도로","국지도로","중로1류","폭20-25m","2026-03-01 11:18:06.902"
"8299","시흥대로175가길","일반도로","국지도로","소로","6m미만","2026-03-01 11:18:06.902"
"8300","시흥대로175길","일반도로","국지도로","소로","6m미만","2026-03-01 11:18:06.902"
"8301","시흥대로177길","일반도로","국지도로","소로","6m미만","2026-03-01 11:18:06.906"
"8302","시흥대로17길","일반도로","국지도로","소로3류","폭6-8m","2026-03-01 11:18:06.907"
"8303","시흥대로181길","일반도로","국지도로","소로","6m미만","2026-03-01 11:18:06.907"
"8304","시흥대로183길","일반도로","국지도로","소로","6m미만","2026-03-01 11:18:06.907"
"8305","시흥대로185길","일반도로","국지도로","소로","6m미만","2026-03-01 11:18:06.907"
"8306","시흥대로187길","일반도로","국지도로","소로3류","폭6-8m","2026-03-01 11:18:06.907"
"8307","시흥대로18길","일반도로","국지도로","소로3류","폭6-8m","2026-03-01 11:18:06.907"
"8308","시흥대로20길","일반도로","국지도로","소로2류","폭8-10m","2026-03-01 11:18:06.907"
"8309","시흥대로22길","일반도로","국지도로","소로3류","폭6-8m","2026-03-01 11:18:06.907"
"8310","시흥대로24길","일반도로","국지도로","소로3류","폭6-8m","2026-03-01 11:18:06.907"
"8311","시흥대로26길","일반도로","국지도로","소로","6m미만","2026-03-01 11:18:06.911"
"8312","시흥대로27길","일반도로","국지도로","소로3류","폭6-8m","2026-03-01 11:18:06.912"
"8313","시흥대로28길","일반도로","국지도로","소로","6m미만","2026-03-01 11:18:06.912"
"8314","시흥대로2가길","일반도로","국지도로","소로3류","폭6-8m","2026-03-01 11:18:06.912"
"8315","시흥대로2길","일반도로","국지도로","소로3류","폭6-8m","2026-03-01 11:18:06.912"
"8316","시흥대로2나길","일반도로","국지도로","소로3류","폭6-8m","2026-03-01 11:18:06.912"
"8317","시흥대로30길","일반도로","국지도로","소로3류","폭6-8m","2026-03-01 11:18:06.912"
"8318","시흥대로32길","일반도로","국지도로","소로3류","폭6-8m","2026-03-01 11:18:06.912"
"8319","시흥대로34길","일반도로","국지도로","소로3류","폭6-8m","2026-03-01 11:18:06.912"
"8320","시흥대로36길","일반도로","국지도로","소로","6m미만","2026-03-01 11:18:06.912"
"8321","시흥대로37길","일반도로","국지도로","소로3류","폭6-8m","2026-03-01 11:18:06.917"
"8322","시흥대로38길","일반도로","국지도로","소로3류","폭6-8m","2026-03-01 11:18:06.917"
"8323","시흥대로39길","일반도로","국지도로","소로","6m미만","2026-03-01 11:18:06.917"
"8324","시흥대로40가길","일반도로","국지도로","소로","6m미만","2026-03-01 11:18:06.917"
"8325","시흥대로40길","일반도로","국지도로","소로","6m미만","2026-03-01 11:18:06.917"
"8326","시흥대로40나길","일반도로","국지도로","소로","6m미만","2026-03-01 11:18:06.917"
"8327","시흥대로40다길","일반도로","국지도로","소로","6m미만","2026-03-01 11:18:06.917"
"8328","시흥대로40라길","일반도로","국지도로","소로","6m미만","2026-03-01 11:18:06.917"
"8329","시흥대로40마길","일반도로","국지도로","소로","6m미만","2026-03-01 11:18:06.917"
"8330","시흥대로41길","일반도로","국지도로","소로","6m미만","2026-03-01 11:18:06.917"
"8331","시흥대로45길","일반도로","국지도로","소로3류","폭6-8m","2026-03-01 11:18:06.921"
"8332","시흥대로47길","일반도로","국지도로","소로","6m미만","2026-03-01 11:18:06.921"
"8333","시흥대로48길","일반도로","국지도로","소로","6m미만","2026-03-01 11:18:06.922"
"8334","시흥대로4길","일반도로","국지도로","소로3류","폭6-8m","2026-03-01 11:18:06.922"
"8335","시흥대로50길","일반도로","국지도로","소로","6m미만","2026-03-01 11:18:06.922"
"8336","시흥대로51길","일반도로","국지도로","소로3류","폭6-8m","2026-03-01 11:18:06.922"
"8337","시흥대로52길","일반도로","국지도로","소로3류","폭6-8m","2026-03-01 11:18:06.922"
"8338","시흥대로54길","일반도로","국지도로","소로","6m미만","2026-03-01 11:18:06.922"
"8339","시흥대로56길","일반도로","국지도로","소로","6m미만","2026-03-01 11:18:06.922"
"8340","시흥대로57길","일반도로","국지도로","소로","6m미만","2026-03-01 11:18:06.922"
"8341","시흥대로58길","일반도로","국지도로","소로","6m미만","2026-03-01 11:18:06.926"
"8342","시흥대로59길","일반도로","국지도로","소로2류","폭8-10m","2026-03-01 11:18:06.926"
"8343","시흥대로61길","일반도로","국지도로","소로","6m미만","2026-03-01 11:18:06.926"
"8344","시흥대로62가길","일반도로","국지도로","소로","6m미만","2026-03-01 11:18:06.926"
"8345","시흥대로62길","일반도로","국지도로","소로","6m미만","2026-03-01 11:18:06.926"
"8346","시흥대로63길","일반도로","국지도로","소로3류","폭6-8m","2026-03-01 11:18:06.926"
"8347","시흥대로64길","일반도로","국지도로","소로2류","폭8-10m","2026-03-01 11:18:06.926"
"8348","시흥대로66길","일반도로","국지도로","소로","6m미만","2026-03-01 11:18:06.927"
"8349","시흥대로68길","일반도로","국지도로","소로","6m미만","2026-03-01 11:18:06.927"
"8350","시흥대로6가길","일반도로","국지도로","소로3류","폭6-8m","2026-03-01 11:18:06.927"
"8351","시흥대로6길","일반도로","국지도로","소로2류","폭8-10m","2026-03-01 11:18:06.931"
"8352","시흥대로70길","일반도로","국지도로","소로","6m미만","2026-03-01 11:18:06.931"
"8353","시흥대로71길","일반도로","국지도로","소로","6m미만","2026-03-01 11:18:06.931"
"8354","시흥대로72길","일반도로","국지도로","소로","6m미만","2026-03-01 11:18:06.931"
"8355","시흥대로73길","일반도로","국지도로","중로1류","폭20-25m","2026-03-01 11:18:06.931"
"8356","시흥대로74가길","일반도로","국지도로","소로3류","폭6-8m","2026-03-01 11:18:06.931"
"8357","시흥대로74길","일반도로","국지도로","소로","6m미만","2026-03-01 11:18:06.931"
"8358","시흥대로74나길","일반도로","국지도로","소로","6m미만","2026-03-01 11:18:06.931"
"8359","시흥대로75길","일반도로","국지도로","소로","6m미만","2026-03-01 11:18:06.931"
"8360","시흥대로76길","일반도로","국지도로","소로","6m미만","2026-03-01 11:18:06.931"
"8361","시흥대로77길","일반도로","국지도로","소로1류","폭10-12m","2026-03-01 11:18:06.936"
"8362","시흥대로78길","일반도로","국지도로","소로","6m미만","2026-03-01 11:18:06.936"
"8363","시흥대로79길","일반도로","국지도로","중로1류","폭20-25m","2026-03-01 11:18:06.936"
"8364","시흥대로80길","일반도로","국지도로","소로","6m미만","2026-03-01 11:18:06.936"
"8365","시흥대로82길","일반도로","국지도로","소로","6m미만","2026-03-01 11:18:06.936"
"8366","시흥대로84가길","일반도로","국지도로","소로","6m미만","2026-03-01 11:18:06.936"
"8367","시흥대로84길","일반도로","국지도로","소로","6m미만","2026-03-01 11:18:06.936"
"8368","시흥대로84나길","일반도로","국지도로","소로","6m미만","2026-03-01 11:18:06.936"
"8369","시흥대로84다길","일반도로","국지도로","소로","6m미만","2026-03-01 11:18:06.936"
"8370","시흥대로84라길","일반도로","국지도로","소로","6m미만","2026-03-01 11:18:06.937"
"8371","시흥대로84마길","일반도로","국지도로","소로","6m미만","2026-03-01 11:18:06.941"
"8372","시흥대로86길","일반도로","국지도로","소로","6m미만","2026-03-01 11:18:06.942"
"8373","시흥대로88가길","일반도로","국지도로","소로","6m미만","2026-03-01 11:18:06.942"
"8374","시흥대로88길","일반도로","국지도로","소로","6m미만","2026-03-01 11:18:06.942"
"8375","시흥대로8길","일반도로","국지도로","소로2류","폭8-10m","2026-03-01 11:18:06.942"
"8376","시흥대로90길","일반도로","국지도로","소로","6m미만","2026-03-01 11:18:06.942"
"8377","시흥대로92길","일반도로","국지도로","소로","6m미만","2026-03-01 11:18:06.942"
"8378","시흥대로94길","일반도로","국지도로","소로","6m미만","2026-03-01 11:18:06.942"
"8379","시흥대로96길","일반도로","국지도로","소로","6m미만","2026-03-01 11:18:06.942"
"8380","시흥대로98길","일반도로","국지도로","소로","6m미만","2026-03-01 11:18:06.942"
"8381","시흥선","일반도로","보조간선도로","대로3류","폭25-30m","2026-03-01 11:18:06.947"
"8382","식유촌길","일반도로","국지도로","소로","6m미만","2026-03-01 11:18:06.947"
"8383","신길로","일반도로","국지도로","소로","6m미만","2026-03-01 11:18:06.947"
"8384","신길로10길","일반도로","국지도로","소로3류","폭6-8m","2026-03-01 11:18:06.947"
"8385","신길로13가길","일반도로","국지도로","소로","6m미만","2026-03-01 11:18:06.947"
"8386","신길로13길","일반도로","국지도로","소로","6m미만","2026-03-01 11:18:06.947"
"8387","신길로15가길","일반도로","국지도로","소로","6m미만","2026-03-01 11:18:06.947"
"8388","신길로15길","일반도로","국지도로","소로","6m미만","2026-03-01 11:18:06.947"
"8389","신길로15나길","일반도로","국지도로","소로","6m미만","2026-03-01 11:18:06.947"
"8390","신길로15다길","일반도로","국지도로","소로","6m미만","2026-03-01 11:18:06.947"
"8391","신길로16길","일반도로","국지도로","소로","6m미만","2026-03-01 11:18:06.952"
"8392","신길로17길","일반도로","국지도로","소로","6m미만","2026-03-01 11:18:06.952"
"8393","신길로1길","일반도로","국지도로","소로2류","폭8-10m","2026-03-01 11:18:06.952"
"8394","신길로23가길","일반도로","국지도로","소로1류","폭10-12m","2026-03-01 11:18:06.952"
"8395","신길로23길","일반도로","국지도로","소로","6m미만","2026-03-01 11:18:06.952"
"8396","신길로25길","일반도로","국지도로","소로2류","폭8-10m","2026-03-01 11:18:06.952"
"8397","신길로28가길","일반도로","국지도로","소로1류","폭10-12m","2026-03-01 11:18:06.952"
"8398","신길로28길","일반도로","국지도로","소로1류","폭10-12m","2026-03-01 11:18:06.952"
"8399","신길로29가길","일반도로","국지도로","소로2류","폭8-10m","2026-03-01 11:18:06.952"
"8400","신길로29길","일반도로","국지도로","중로1류","폭20-25m","2026-03-01 11:18:06.952"
"8401","신길로33길","일반도로","국지도로","중로2류","폭15-20m","2026-03-01 11:18:06.957"
"8402","신길로34길","일반도로","국지도로","소로3류","폭6-8m","2026-03-01 11:18:06.957"
"8403","신길로37길","일반도로","국지도로","소로","6m미만","2026-03-01 11:18:06.957"
"8404","신길로38가길","일반도로","국지도로","소로","6m미만","2026-03-01 11:18:06.957"
"8405","신길로38길","일반도로","국지도로","소로","6m미만","2026-03-01 11:18:06.957"
"8406","신길로38나길","일반도로","국지도로","소로","6m미만","2026-03-01 11:18:06.957"
"8407","신길로39길","일반도로","국지도로","소로","6m미만","2026-03-01 11:18:06.957"
"8408","신길로40길","일반도로","국지도로","소로","6m미만","2026-03-01 11:18:06.957"
"8409","신길로41가길","일반도로","국지도로","소로","6m미만","2026-03-01 11:18:06.957"
"8410","신길로41길","일반도로","국지도로","소로","6m미만","2026-03-01 11:18:06.957"
"8411","신길로41나길","일반도로","국지도로","소로","6m미만","2026-03-01 11:18:06.962"
"8412","신길로41다길","일반도로","국지도로","소로","6m미만","2026-03-01 11:18:06.962"
"8413","신길로41라길","일반도로","국지도로","소로","6m미만","2026-03-01 11:18:06.962"
"8414","신길로42가길","일반도로","국지도로","소로","6m미만","2026-03-01 11:18:06.962"
"8415","신길로42길","일반도로","국지도로","소로","6m미만","2026-03-01 11:18:06.962"
"8416","신길로42나길","일반도로","국지도로","소로","6m미만","2026-03-01 11:18:06.962"
"8417","신길로42라길","일반도로","국지도로","소로","6m미만","2026-03-01 11:18:06.962"
"8418","신길로43길","일반도로","국지도로","소로","6m미만","2026-03-01 11:18:06.962"
"8419","신길로45길","일반도로","국지도로","소로","6m미만","2026-03-01 11:18:06.962"
"8420","신길로47길","일반도로","국지도로","소로","6m미만","2026-03-01 11:18:06.962"
"8421","신길로52길","일반도로","국지도로","소로","6m미만","2026-03-01 11:18:06.967"
"8422","신길로54길","일반도로","국지도로","소로","6m미만","2026-03-01 11:18:06.967"
"8423","신길로56길","일반도로","국지도로","소로","6m미만","2026-03-01 11:18:06.967"
"8424","신길로58길","일반도로","국지도로","소로","6m미만","2026-03-01 11:18:06.967"
"8425","신길로5길","일반도로","국지도로","소로1류","폭10-12m","2026-03-01 11:18:06.967"
"8426","신길로60가길","일반도로","국지도로","소로","6m미만","2026-03-01 11:18:06.967"
"8427","신길로60길","일반도로","국지도로","소로","6m미만","2026-03-01 11:18:06.967"
"8428","신길로60나길","일반도로","국지도로","소로","6m미만","2026-03-01 11:18:06.967"
"8429","신길로60다길","일반도로","국지도로","소로","6m미만","2026-03-01 11:18:06.967"
"8430","신길로60라길","일반도로","국지도로","소로","6m미만","2026-03-01 11:18:06.967"
"8431","신길로60마길","일반도로","국지도로","소로","6m미만","2026-03-01 11:18:06.971"
"8432","신길로60바길","일반도로","국지도로","소로","6m미만","2026-03-01 11:18:06.971"
"8433","신길로61길","일반도로","국지도로","소로2류","폭8-10m","2026-03-01 11:18:06.971"
"8434","신길로62가길","일반도로","국지도로","소로","6m미만","2026-03-01 11:18:06.971"
"8435","신길로62길","일반도로","국지도로","소로","6m미만","2026-03-01 11:18:06.971"
"8436","신길로62나길","일반도로","국지도로","소로","6m미만","2026-03-01 11:18:06.971"
"8437","신길로7길","일반도로","국지도로","소로2류","폭8-10m","2026-03-01 11:18:06.971"
"8438","신길로8길","일반도로","국지도로","소로","6m미만","2026-03-01 11:18:06.971"
"8439","신길로9길","일반도로","국지도로","소로3류","폭6-8m","2026-03-01 11:18:06.971"
"8440","신내로","일반도로","국지도로","소로","6m미만","2026-03-01 11:18:06.971"
"8441","신내로10가길","일반도로","국지도로","소로","6m미만","2026-03-01 11:18:06.976"
"8442","신내로10길","일반도로","국지도로","소로1류","폭10-12m","2026-03-01 11:18:06.976"
"8443","신내로12길","일반도로","국지도로","소로","6m미만","2026-03-01 11:18:06.976"
"8444","신내로14길","일반도로","국지도로","소로2류","폭8-10m","2026-03-01 11:18:06.976"
"8445","신내로15길","일반도로","국지도로","소로1류","폭10-12m","2026-03-01 11:18:06.976"
"8446","신내로16길","일반도로","국지도로","중로1류","폭20-25m","2026-03-01 11:18:06.976"
"8447","신내로17길","일반도로","국지도로","중로2류","폭15-20m","2026-03-01 11:18:06.976"
"8448","신내로18길","일반도로","국지도로","중로2류","폭15-20m","2026-03-01 11:18:06.976"
"8449","신내로19길","일반도로","국지도로","중로1류","폭20-25m","2026-03-01 11:18:06.976"
"8450","신내로1길","일반도로","국지도로","소로3류","폭6-8m","2026-03-01 11:18:06.976"
"8451","신내로21길","일반도로","국지도로","중로1류","폭20-25m","2026-03-01 11:18:06.981"
"8452","신내로23길","일반도로","국지도로","소로2류","폭8-10m","2026-03-01 11:18:06.981"
"8453","신내로25가길","일반도로","국지도로","소로2류","폭8-10m","2026-03-01 11:18:06.981"
"8454","신내로25길","일반도로","국지도로","소로1류","폭10-12m","2026-03-01 11:18:06.981"
"8455","신내로3길","일반도로","국지도로","소로","6m미만","2026-03-01 11:18:06.981"
"8456","신내로4길","일반도로","국지도로","소로","6m미만","2026-03-01 11:18:06.981"
"8457","신내로7가길","일반도로","국지도로","소로","6m미만","2026-03-01 11:18:06.981"
"8458","신내로7길","일반도로","국지도로","확인","불가","2026-03-01 11:18:06.981"
"8459","신내로7나길","일반도로","국지도로","소로","6m미만","2026-03-01 11:18:06.981"
"8460","신내로7다길","일반도로","국지도로","소로","6m미만","2026-03-01 11:18:06.981"
"8461","신내로8길","일반도로","국지도로","소로","6m미만","2026-03-01 11:18:06.986"
"8462","신내로9길","일반도로","국지도로","소로3류","폭6-8m","2026-03-01 11:18:06.986"
"8463","신내역로","일반도로","국지도로","대로3류","폭25-30m","2026-03-01 11:18:06.986"
"8464","신내역로1가길","일반도로","국지도로","소로3류","폭6-8m","2026-03-01 11:18:06.986"
"8465","신내역로1길","일반도로","국지도로","중로2류","폭15-20m","2026-03-01 11:18:06.986"
"8466","신내역로3길","일반도로","국지도로","중로2류","폭15-20m","2026-03-01 11:18:06.986"
"8467","신답지하도로","일반도로","국지도로","확인","불가","2026-03-01 11:18:06.986"
"8468","신대방11길","일반도로","국지도로","소로","6m미만","2026-03-01 11:18:06.986"
"8469","신대방12길","일반도로","국지도로","소로","6m미만","2026-03-01 11:18:06.986"
"8470","신대방13길","일반도로","국지도로","소로","6m미만","2026-03-01 11:18:06.986"
"8471","신대방14가길","일반도로","국지도로","소로","6m미만","2026-03-01 11:18:06.991"
"8472","신대방14길","일반도로","국지도로","소로","6m미만","2026-03-01 11:18:06.991"
"8473","신대방16가길","일반도로","국지도로","소로","6m미만","2026-03-01 11:18:06.991"
"8474","신대방16길","일반도로","국지도로","소로","6m미만","2026-03-01 11:18:06.991"
"8475","신대방16나길","일반도로","국지도로","소로3류","폭6-8m","2026-03-01 11:18:06.991"
"8476","신대방16다길","일반도로","국지도로","소로","6m미만","2026-03-01 11:18:06.991"
"8477","신대방16라길","일반도로","국지도로","소로","6m미만","2026-03-01 11:18:06.991"
"8478","신대방18길","일반도로","국지도로","소로","6m미만","2026-03-01 11:18:06.991"
"8479","신대방1가길","일반도로","국지도로","소로2류","폭8-10m","2026-03-01 11:18:06.991"
"8480","신대방1길","일반도로","국지도로","소로","6m미만","2026-03-01 11:18:06.991"
"8481","신대방1나길","일반도로","국지도로","소로","6m미만","2026-03-01 11:18:06.996"
"8482","신대방1다길","일반도로","국지도로","소로","6m미만","2026-03-01 11:18:06.996"
"8483","신대방2가길","일반도로","국지도로","소로","6m미만","2026-03-01 11:18:06.996"
"8484","신대방2길","일반도로","국지도로","소로","6m미만","2026-03-01 11:18:06.996"
"8485","신대방2나길","일반도로","국지도로","소로","6m미만","2026-03-01 11:18:06.996"
"8486","신대방3길","일반도로","국지도로","소로","6m미만","2026-03-01 11:18:06.996"
"8487","신대방4길","일반도로","국지도로","소로","6m미만","2026-03-01 11:18:06.996"
"8488","신대방6길","일반도로","국지도로","소로","6m미만","2026-03-01 11:18:06.996"
"8489","신대방7길","일반도로","국지도로","소로","6m미만","2026-03-01 11:18:06.996"
"8490","신대방9길","일반도로","국지도로","소로","6m미만","2026-03-01 11:18:06.996"
"8491","신대방~신림선","일반도로","보조간선도로","대로3류","폭25-30m","2026-03-01 11:18:07.001"
"8492","신대방길","일반도로","국지도로","소로","6m미만","2026-03-01 11:18:07.001"
"8493","신도림~구로선","일반도로","보조간선도로","중로1류","폭20-25m","2026-03-01 11:18:07.001"
"8494","신도림로","일반도로","국지도로","중로1류","폭20-25m","2026-03-01 11:18:07.001"
"8495","신도림로11가길","일반도로","국지도로","소로","6m미만","2026-03-01 11:18:07.001"
"8496","신도림로11길","일반도로","국지도로","소로","6m미만","2026-03-01 11:18:07.001"
"8497","신도림로11나길","일반도로","국지도로","소로","6m미만","2026-03-01 11:18:07.001"
"8498","신도림로11다길","일반도로","국지도로","소로","6m미만","2026-03-01 11:18:07.001"
"8499","신도림로11라길","일반도로","국지도로","소로","6m미만","2026-03-01 11:18:07.001"
"8500","신도림로13길","일반도로","국지도로","소로","6m미만","2026-03-01 11:18:07.001"
"8501","신도림로15가길","일반도로","국지도로","소로","6m미만","2026-03-01 11:18:07.005"
"8502","신도림로15길","일반도로","국지도로","소로","6m미만","2026-03-01 11:18:07.005"
"8503","신도림로17길","일반도로","국지도로","중로1류","폭20-25m","2026-03-01 11:18:07.005"
"8504","신도림로19길","일반도로","국지도로","소로3류","폭6-8m","2026-03-01 11:18:07.005"
"8505","신도림로21가길","일반도로","국지도로","소로","6m미만","2026-03-01 11:18:07.005"
"8506","신도림로21길","일반도로","국지도로","소로3류","폭6-8m","2026-03-01 11:18:07.005"
"8507","신도림로3길","일반도로","국지도로","소로","6m미만","2026-03-01 11:18:07.005"
"8508","신도림로5길","일반도로","국지도로","소로","6m미만","2026-03-01 11:18:07.005"
"8509","신도림로7길","일반도로","국지도로","소로","6m미만","2026-03-01 11:18:07.005"
"8510","신도림로9길","일반도로","국지도로","소로","6m미만","2026-03-01 11:18:07.005"
"8511","신림~노량진선","일반도로","보조간선도로","대로2류","폭30-35m","2026-03-01 11:18:07.01"
"8512","신림~봉천선","일반도로","보조간선도로","중로1류","폭20-25m","2026-03-01 11:18:07.01"
"8513","신림~진관내선","일반도로","주간선도로","대로1류","폭35-40m","2026-03-01 11:18:07.01"
"8514","신림동1길","일반도로","국지도로","소로","6m미만","2026-03-01 11:18:07.01"
"8515","신림동2길","일반도로","국지도로","소로","6m미만","2026-03-01 11:18:07.01"
"8516","신림동3길","일반도로","국지도로","소로","6m미만","2026-03-01 11:18:07.01"
"8517","신림동5가길","일반도로","국지도로","소로","6m미만","2026-03-01 11:18:07.01"
"8518","신림동5길","일반도로","국지도로","소로","6m미만","2026-03-01 11:18:07.01"
"8519","신림동5나길","일반도로","국지도로","소로","6m미만","2026-03-01 11:18:07.01"
"8520","신림동7길","일반도로","국지도로","소로3류","폭6-8m","2026-03-01 11:18:07.01"
"8521","신림동9길","일반도로","국지도로","소로","6m미만","2026-03-01 11:18:07.015"
"8522","신림동길","일반도로","국지도로","소로","6m미만","2026-03-01 11:18:07.015"
"8523","신림로","일반도로","국지도로","소로2류","폭8-10m","2026-03-01 11:18:07.015"
"8524","신림로11가길","일반도로","국지도로","소로","6m미만","2026-03-01 11:18:07.015"
"8525","신림로11길","일반도로","국지도로","소로","6m미만","2026-03-01 11:18:07.015"
"8526","신림로12길","일반도로","국지도로","소로","6m미만","2026-03-01 11:18:07.015"
"8527","신림로14길","일반도로","국지도로","소로","6m미만","2026-03-01 11:18:07.015"
"8528","신림로15길","일반도로","국지도로","소로","6m미만","2026-03-01 11:18:07.015"
"8529","신림로17길","일반도로","국지도로","소로","6m미만","2026-03-01 11:18:07.015"
"8530","신림로18가길","일반도로","국지도로","소로","6m미만","2026-03-01 11:18:07.015"
"8531","신림로18길","일반도로","국지도로","소로","6m미만","2026-03-01 11:18:07.02"
"8532","신림로19길","일반도로","국지도로","소로","6m미만","2026-03-01 11:18:07.02"
"8533","신림로21길","일반도로","국지도로","소로","6m미만","2026-03-01 11:18:07.02"
"8534","신림로22길","일반도로","국지도로","소로","6m미만","2026-03-01 11:18:07.02"
"8535","신림로23길","일반도로","국지도로","소로","6m미만","2026-03-01 11:18:07.02"
"8536","신림로26길","일반도로","국지도로","소로","6m미만","2026-03-01 11:18:07.02"
"8537","신림로28길","일반도로","국지도로","소로","6m미만","2026-03-01 11:18:07.02"
"8538","신림로29길","일반도로","국지도로","소로3류","폭6-8m","2026-03-01 11:18:07.02"
"8539","신림로30길","일반도로","국지도로","소로3류","폭6-8m","2026-03-01 11:18:07.02"
"8540","신림로31가길","일반도로","국지도로","소로","6m미만","2026-03-01 11:18:07.02"
"8541","신림로31길","일반도로","국지도로","소로","6m미만","2026-03-01 11:18:07.025"
"8542","신림로32길","일반도로","국지도로","소로","6m미만","2026-03-01 11:18:07.025"
"8543","신림로36길","일반도로","국지도로","소로","6m미만","2026-03-01 11:18:07.025"
"8544","신림로38길","일반도로","국지도로","소로","6m미만","2026-03-01 11:18:07.025"
"8545","신림로39길","일반도로","국지도로","소로","6m미만","2026-03-01 11:18:07.025"
"8546","신림로3가길","일반도로","국지도로","소로3류","폭6-8m","2026-03-01 11:18:07.025"
"8547","신림로3길","일반도로","국지도로","소로1류","폭10-12m","2026-03-01 11:18:07.025"
"8548","신림로41길","일반도로","국지도로","소로","6m미만","2026-03-01 11:18:07.025"
"8549","신림로43길","일반도로","국지도로","소로","6m미만","2026-03-01 11:18:07.025"
"8550","신림로44가길","일반도로","국지도로","소로","6m미만","2026-03-01 11:18:07.025"
"8551","신림로44길","일반도로","국지도로","소로","6m미만","2026-03-01 11:18:07.03"
"8552","신림로44나길","일반도로","국지도로","소로","6m미만","2026-03-01 11:18:07.03"
"8553","신림로44다길","일반도로","국지도로","소로","6m미만","2026-03-01 11:18:07.03"
"8554","신림로46길","일반도로","국지도로","소로","6m미만","2026-03-01 11:18:07.03"
"8555","신림로48가길","일반도로","국지도로","소로","6m미만","2026-03-01 11:18:07.03"
"8556","신림로48길","일반도로","국지도로","소로","6m미만","2026-03-01 11:18:07.03"
"8557","신림로48나길","일반도로","국지도로","소로","6m미만","2026-03-01 11:18:07.03"
"8558","신림로50길","일반도로","국지도로","소로","6m미만","2026-03-01 11:18:07.03"
"8559","신림로53가길","일반도로","국지도로","소로","6m미만","2026-03-01 11:18:07.03"
"8560","신림로53길","일반도로","국지도로","소로","6m미만","2026-03-01 11:18:07.03"
"8561","신림로54가길","일반도로","국지도로","소로","6m미만","2026-03-01 11:18:07.035"
"8562","신림로54길","일반도로","국지도로","소로","6m미만","2026-03-01 11:18:07.035"
"8563","신림로56길","일반도로","국지도로","소로","6m미만","2026-03-01 11:18:07.035"
"8564","신림로58가길","일반도로","국지도로","소로","6m미만","2026-03-01 11:18:07.035"
"8565","신림로58길","일반도로","국지도로","소로","6m미만","2026-03-01 11:18:07.035"
"8566","신림로59길","일반도로","국지도로","소로","6m미만","2026-03-01 11:18:07.035"
"8567","신림로63길","일반도로","국지도로","소로","6m미만","2026-03-01 11:18:07.035"
"8568","신림로64길","일반도로","국지도로","소로3류","폭6-8m","2026-03-01 11:18:07.035"
"8569","신림로65길","일반도로","국지도로","소로","6m미만","2026-03-01 11:18:07.035"
"8570","신림로66길","일반도로","국지도로","소로","6m미만","2026-03-01 11:18:07.035"
"8571","신림로67길","일반도로","국지도로","소로","6m미만","2026-03-01 11:18:07.039"
"8572","신림로68길","일반도로","국지도로","소로","6m미만","2026-03-01 11:18:07.04"
"8573","신림로70길","일반도로","국지도로","소로","6m미만","2026-03-01 11:18:07.04"
"8574","신림로71길","일반도로","국지도로","소로","6m미만","2026-03-01 11:18:07.04"
"8575","신림로73길","일반도로","국지도로","소로","6m미만","2026-03-01 11:18:07.04"
"8576","신림로7가길","일반도로","국지도로","소로","6m미만","2026-03-01 11:18:07.04"
"8577","신림로7길","일반도로","국지도로","소로2류","폭8-10m","2026-03-01 11:18:07.04"
"8578","신림로7나길","일반도로","국지도로","소로","6m미만","2026-03-01 11:18:07.04"
"8579","신림로8길","일반도로","국지도로","소로","6m미만","2026-03-01 11:18:07.04"
"8580","신목로","일반도로","국지도로","소로3류","폭6-8m","2026-03-01 11:18:07.04"
"8581","신목로10길","일반도로","국지도로","소로","6m미만","2026-03-01 11:18:07.044"
"8582","신목로12길","일반도로","국지도로","소로3류","폭6-8m","2026-03-01 11:18:07.044"
"8583","신목로14길","일반도로","국지도로","소로","6m미만","2026-03-01 11:18:07.044"
"8584","신목로2길","일반도로","국지도로","소로","6m미만","2026-03-01 11:18:07.045"
"8585","신목로4길","일반도로","국지도로","소로","6m미만","2026-03-01 11:18:07.045"
"8586","신목로5길","일반도로","국지도로","소로","6m미만","2026-03-01 11:18:07.045"
"8587","신목로6길","일반도로","국지도로","소로","6m미만","2026-03-01 11:18:07.045"
"8588","신목로7길","일반도로","국지도로","확인","불가","2026-03-01 11:18:07.045"
"8589","신반포로","일반도로","국지도로","소로1류","폭10-12m","2026-03-01 11:18:07.045"
"8590","신반포로15길","일반도로","국지도로","소로2류","폭8-10m","2026-03-01 11:18:07.045"
"8591","신반포로16길","일반도로","국지도로","중로1류","폭20-25m","2026-03-01 11:18:07.049"
"8592","신반포로19길","일반도로","국지도로","중로2류","폭15-20m","2026-03-01 11:18:07.049"
"8593","신반포로23길","일반도로","국지도로","중로2류","폭15-20m","2026-03-01 11:18:07.049"
"8594","신반포로33길","일반도로","국지도로","중로2류","폭15-20m","2026-03-01 11:18:07.049"
"8595","신반포로3길","일반도로","국지도로","중로1류","폭20-25m","2026-03-01 11:18:07.05"
"8596","신반포로40길","일반도로","국지도로","소로3류","폭6-8m","2026-03-01 11:18:07.05"
"8597","신반포로41길","일반도로","국지도로","소로3류","폭6-8m","2026-03-01 11:18:07.05"
"8598","신반포로42길","일반도로","국지도로","소로","6m미만","2026-03-01 11:18:07.05"
"8599","신반포로43길","일반도로","국지도로","소로","6m미만","2026-03-01 11:18:07.05"
"8600","신반포로45길","일반도로","국지도로","소로3류","폭6-8m","2026-03-01 11:18:07.05"
"8601","신반포로47길","일반도로","국지도로","소로3류","폭6-8m","2026-03-01 11:18:07.054"
"8602","신반포로49길","일반도로","국지도로","소로3류","폭6-8m","2026-03-01 11:18:07.054"
"8603","신사~청담선","일반도로","보조간선도로","광로3류","폭40-50m","2026-03-01 11:18:07.054"
"8604","신사~홍은선","일반도로","보조간선도로","중로1류","폭20-25m","2026-03-01 11:18:07.054"
"8605","신사로","일반도로","국지도로","소로2류","폭8-10m","2026-03-01 11:18:07.054"
"8606","신사로10길","일반도로","국지도로","소로","6m미만","2026-03-01 11:18:07.054"
"8607","신사로12길","일반도로","국지도로","소로","6m미만","2026-03-01 11:18:07.054"
"8608","신사로14길","일반도로","국지도로","소로","6m미만","2026-03-01 11:18:07.054"
"8609","신사로16길","일반도로","국지도로","소로","6m미만","2026-03-01 11:18:07.054"
"8610","신사로18길","일반도로","국지도로","소로","6m미만","2026-03-01 11:18:07.054"
"8611","신사로20길","일반도로","국지도로","소로3류","폭6-8m","2026-03-01 11:18:07.059"
"8612","신사로22길","일반도로","국지도로","소로","6m미만","2026-03-01 11:18:07.059"
"8613","신사로24길","일반도로","국지도로","소로","6m미만","2026-03-01 11:18:07.059"
"8614","신사로26길","일반도로","국지도로","소로","6m미만","2026-03-01 11:18:07.059"
"8615","신설~공릉선","일반도로","주간선도로","대로1류","폭35-40m","2026-03-01 11:18:07.059"
"8616","신설~답십리선","일반도로","보조간선도로","대로3류","폭25-30m","2026-03-01 11:18:07.059"
"8617","신수로","일반도로","국지도로","소로3류","폭6-8m","2026-03-01 11:18:07.059"
"8618","신수로13길","일반도로","국지도로","소로3류","폭6-8m","2026-03-01 11:18:07.059"
"8619","신수로2길","일반도로","국지도로","중로1류","폭20-25m","2026-03-01 11:18:07.059"
"8620","신수로3길","일반도로","국지도로","소로","6m미만","2026-03-01 11:18:07.059"
"8621","신수로6길","일반도로","국지도로","소로","6m미만","2026-03-01 11:18:07.064"
"8622","신수로8길","일반도로","국지도로","소로3류","폭6-8m","2026-03-01 11:18:07.064"
"8623","신영~동선동선","일반도로","보조간선도로","중로2류","폭15-20m","2026-03-01 11:18:07.064"
"8624","신우길","일반도로","국지도로","소로","6m미만","2026-03-01 11:18:07.064"
"8625","신원로","일반도로","국지도로","소로2류","폭8-10m","2026-03-01 11:18:07.064"
"8626","신원로1길","일반도로","국지도로","소로","6m미만","2026-03-01 11:18:07.064"
"8627","신원로2길","일반도로","국지도로","소로","6m미만","2026-03-01 11:18:07.064"
"8628","신원로3가길","일반도로","국지도로","소로","6m미만","2026-03-01 11:18:07.064"
"8629","신원로3길","일반도로","국지도로","소로","6m미만","2026-03-01 11:18:07.064"
"8630","신원로3나길","일반도로","국지도로","소로","6m미만","2026-03-01 11:18:07.064"
"8631","신원로3다길","일반도로","국지도로","소로","6m미만","2026-03-01 11:18:07.069"
"8632","신원로3라길","일반도로","국지도로","소로","6m미만","2026-03-01 11:18:07.069"
"8633","신원로3마길","일반도로","국지도로","소로","6m미만","2026-03-01 11:18:07.069"
"8634","신원로4길","일반도로","국지도로","소로","6m미만","2026-03-01 11:18:07.069"
"8635","신원로5길","일반도로","국지도로","소로","6m미만","2026-03-01 11:18:07.069"
"8636","신월~가양선","일반도로","보조간선도로","대로2류","폭30-35m","2026-03-01 11:18:07.069"
"8637","신월~노량진선","일반도로","보조간선도로","대로1류","폭35-40m","2026-03-01 11:18:07.069"
"8638","신월~목동선","일반도로","보조간선도로","중로2류","폭15-20m","2026-03-01 11:18:07.069"
"8639","신월~신당선","일반도로","주간선도로","대로1류","폭35-40m","2026-03-01 11:18:07.069"
"8640","신월~여의지하도로","자동차전용도로","도시고속도로","소로2류","폭8-10m","2026-03-01 11:18:07.069"
"8641","신월~화곡선","일반도로","보조간선도로","대로1류","폭35-40m","2026-03-01 11:18:07.073"
"8642","신월로","일반도로","국지도로","소로","6m미만","2026-03-01 11:18:07.073"
"8643","신월로10길","일반도로","국지도로","소로1류","폭10-12m","2026-03-01 11:18:07.073"
"8644","신월로11길","일반도로","국지도로","소로","6m미만","2026-03-01 11:18:07.073"
"8645","신월로12길","일반도로","국지도로","소로","6m미만","2026-03-01 11:18:07.073"
"8646","신월로13길","일반도로","국지도로","소로","6m미만","2026-03-01 11:18:07.073"
"8647","신월로15길","일반도로","국지도로","소로2류","폭8-10m","2026-03-01 11:18:07.073"
"8648","신월로16길","일반도로","국지도로","소로3류","폭6-8m","2026-03-01 11:18:07.073"
"8649","신월로17길","일반도로","국지도로","소로3류","폭6-8m","2026-03-01 11:18:07.073"
"8650","신월로19길","일반도로","국지도로","소로","6m미만","2026-03-01 11:18:07.073"
"8651","신월로20길","일반도로","국지도로","중로1류","폭20-25m","2026-03-01 11:18:07.078"
"8652","신월로22길","일반도로","국지도로","소로","6m미만","2026-03-01 11:18:07.078"
"8653","신월로24길","일반도로","국지도로","중로2류","폭15-20m","2026-03-01 11:18:07.078"
"8654","신월로27길","일반도로","국지도로","소로3류","폭6-8m","2026-03-01 11:18:07.078"
"8655","신월로35길","일반도로","국지도로","소로3류","폭6-8m","2026-03-01 11:18:07.078"
"8656","신월로36길","일반도로","국지도로","소로1류","폭10-12m","2026-03-01 11:18:07.078"
"8657","신월로38길","일반도로","국지도로","소로","6m미만","2026-03-01 11:18:07.078"
"8658","신월로5길","일반도로","국지도로","소로","6m미만","2026-03-01 11:18:07.078"
"8659","신월로7길","일반도로","국지도로","소로","6m미만","2026-03-01 11:18:07.078"
"8660","신월로9길","일반도로","국지도로","소로3류","폭6-8m","2026-03-01 11:18:07.078"
"8661","신월여의지하도로","자동차전용도로","국지도로","확인","불가","2026-03-01 11:18:07.083"
"8662","신이문로","일반도로","국지도로","소로","6m미만","2026-03-01 11:18:07.083"
"8663","신이문로12길","일반도로","국지도로","소로","6m미만","2026-03-01 11:18:07.083"
"8664","신이문로13길","일반도로","국지도로","소로","6m미만","2026-03-01 11:18:07.083"
"8665","신이문로16길","일반도로","국지도로","소로","6m미만","2026-03-01 11:18:07.083"
"8666","신이문로18길","일반도로","국지도로","소로","6m미만","2026-03-01 11:18:07.083"
"8667","신이문로20길","일반도로","국지도로","소로","6m미만","2026-03-01 11:18:07.083"
"8668","신이문로22길","일반도로","국지도로","소로","6m미만","2026-03-01 11:18:07.083"
"8669","신이문로23길","일반도로","국지도로","소로","6m미만","2026-03-01 11:18:07.083"
"8670","신이문로24가길","일반도로","국지도로","소로","6m미만","2026-03-01 11:18:07.083"
"8671","신이문로24길","일반도로","국지도로","소로","6m미만","2026-03-01 11:18:07.087"
"8672","신이문로25길","일반도로","국지도로","소로","6m미만","2026-03-01 11:18:07.087"
"8673","신이문로26길","일반도로","국지도로","소로","6m미만","2026-03-01 11:18:07.087"
"8674","신이문로28길","일반도로","국지도로","소로","6m미만","2026-03-01 11:18:07.087"
"8675","신이문로2길","일반도로","국지도로","소로","6m미만","2026-03-01 11:18:07.087"
"8676","신이문로4길","일반도로","국지도로","소로","6m미만","2026-03-01 11:18:07.087"
"8677","신이문로6길","일반도로","국지도로","소로","6m미만","2026-03-01 11:18:07.087"
"8678","신이문로8길","일반도로","국지도로","소로","6m미만","2026-03-01 11:18:07.087"
"8679","신이문로9길","일반도로","국지도로","소로","6m미만","2026-03-01 11:18:07.087"
"8680","신정~목동선","일반도로","보조간선도로","대로3류","폭25-30m","2026-03-01 11:18:07.087"
"8681","신정~봉천선","일반도로","주간선도로","중로2류","폭15-20m","2026-03-01 11:18:07.092"
"8682","신정로","일반도로","국지도로","소로1류","폭10-12m","2026-03-01 11:18:07.092"
"8683","신정로11길","일반도로","국지도로","소로1류","폭10-12m","2026-03-01 11:18:07.092"
"8684","신정로13가길","일반도로","국지도로","소로1류","폭10-12m","2026-03-01 11:18:07.092"
"8685","신정로13길","일반도로","국지도로","중로2류","폭15-20m","2026-03-01 11:18:07.092"
"8686","신정로14길","일반도로","국지도로","중로2류","폭15-20m","2026-03-01 11:18:07.092"
"8687","신정로5길","일반도로","국지도로","소로2류","폭8-10m","2026-03-01 11:18:07.092"
"8688","신정로6길","일반도로","국지도로","소로3류","폭6-8m","2026-03-01 11:18:07.092"
"8689","신정로7길","일반도로","국지도로","중로1류","폭20-25m","2026-03-01 11:18:07.092"
"8690","신정이펜1로","일반도로","국지도로","중로1류","폭20-25m","2026-03-01 11:18:07.092"
"8691","신정이펜2로","일반도로","국지도로","중로1류","폭20-25m","2026-03-01 11:18:07.097"
"8692","신정이펜하우스~목동","일반도로","보조간선도로","대로2류","폭30-35m","2026-03-01 11:18:07.097"
"8693","신정중앙로","일반도로","국지도로","중로1류","폭20-25m","2026-03-01 11:18:07.097"
"8694","신정중앙로10길","일반도로","국지도로","소로","6m미만","2026-03-01 11:18:07.097"
"8695","신정중앙로12길","일반도로","국지도로","소로","6m미만","2026-03-01 11:18:07.097"
"8696","신정중앙로14길","일반도로","국지도로","소로","6m미만","2026-03-01 11:18:07.097"
"8697","신정중앙로15길","일반도로","국지도로","소로","6m미만","2026-03-01 11:18:07.097"
"8698","신정중앙로16길","일반도로","국지도로","소로","6m미만","2026-03-01 11:18:07.097"
"8699","신정중앙로17길","일반도로","국지도로","소로","6m미만","2026-03-01 11:18:07.097"
"8700","신정중앙로19길","일반도로","국지도로","소로3류","폭6-8m","2026-03-01 11:18:07.097"
"8701","신정중앙로21길","일반도로","국지도로","소로","6m미만","2026-03-01 11:18:07.102"
"8702","신정중앙로23길","일반도로","국지도로","소로3류","폭6-8m","2026-03-01 11:18:07.102"
"8703","신정중앙로2길","일반도로","국지도로","소로","6m미만","2026-03-01 11:18:07.102"
"8704","신정중앙로4길","일반도로","국지도로","소로","6m미만","2026-03-01 11:18:07.102"
"8705","신정중앙로6길","일반도로","국지도로","소로","6m미만","2026-03-01 11:18:07.102"
"8706","신정중앙로8길","일반도로","국지도로","소로","6m미만","2026-03-01 11:18:07.102"
"8707","신천~거여선","일반도로","보조간선도로","대로2류","폭30-35m","2026-03-01 11:18:07.102"
"8708","신천동선","일반도로","보조간선도로","대로3류","폭25-30m","2026-03-01 11:18:07.102"
"8709","신촌로","일반도로","국지도로","소로","6m미만","2026-03-01 11:18:07.102"
"8710","신촌로10길","일반도로","국지도로","소로","6m미만","2026-03-01 11:18:07.102"
"8711","신촌로11길","일반도로","국지도로","소로","6m미만","2026-03-01 11:18:07.107"
"8712","신촌로12가길","일반도로","국지도로","소로3류","폭6-8m","2026-03-01 11:18:07.107"
"8713","신촌로12길","일반도로","국지도로","소로","6m미만","2026-03-01 11:18:07.107"
"8714","신촌로12나길","일반도로","국지도로","소로","6m미만","2026-03-01 11:18:07.107"
"8715","신촌로12다길","일반도로","국지도로","소로","6m미만","2026-03-01 11:18:07.107"
"8716","신촌로14길","일반도로","국지도로","소로","6m미만","2026-03-01 11:18:07.107"
"8717","신촌로14안길","일반도로","국지도로","소로","6m미만","2026-03-01 11:18:07.107"
"8718","신촌로16길","일반도로","국지도로","소로","6m미만","2026-03-01 11:18:07.107"
"8719","신촌로18길","일반도로","국지도로","소로","6m미만","2026-03-01 11:18:07.107"
"8720","신촌로1길","일반도로","국지도로","소로","6m미만","2026-03-01 11:18:07.107"
"8721","신촌로1안길","일반도로","국지도로","소로","6m미만","2026-03-01 11:18:07.112"
"8722","신촌로20길","일반도로","국지도로","소로","6m미만","2026-03-01 11:18:07.112"
"8723","신촌로22길","일반도로","국지도로","소로","6m미만","2026-03-01 11:18:07.112"
"8724","신촌로24길","일반도로","국지도로","소로","6m미만","2026-03-01 11:18:07.112"
"8725","신촌로24안길","일반도로","국지도로","소로","6m미만","2026-03-01 11:18:07.112"
"8726","신촌로26길","일반도로","국지도로","소로1류","폭10-12m","2026-03-01 11:18:07.112"
"8727","신촌로27길","일반도로","국지도로","소로1류","폭10-12m","2026-03-01 11:18:07.112"
"8728","신촌로27안길","일반도로","국지도로","소로","6m미만","2026-03-01 11:18:07.112"
"8729","신촌로28가길","일반도로","국지도로","소로3류","폭6-8m","2026-03-01 11:18:07.112"
"8730","신촌로28길","일반도로","국지도로","소로2류","폭8-10m","2026-03-01 11:18:07.112"
"8731","신촌로29가길","일반도로","국지도로","소로","6m미만","2026-03-01 11:18:07.117"
"8732","신촌로29길","일반도로","국지도로","중로1류","폭20-25m","2026-03-01 11:18:07.117"
"8733","신촌로2길","일반도로","국지도로","소로3류","폭6-8m","2026-03-01 11:18:07.117"
"8734","신촌로2안길","일반도로","국지도로","소로","6m미만","2026-03-01 11:18:07.117"
"8735","신촌로30길","일반도로","국지도로","소로","6m미만","2026-03-01 11:18:07.117"
"8736","신촌로31길","일반도로","국지도로","소로2류","폭8-10m","2026-03-01 11:18:07.117"
"8737","신촌로31안길","일반도로","국지도로","소로","6m미만","2026-03-01 11:18:07.117"
"8738","신촌로32길","일반도로","국지도로","소로","6m미만","2026-03-01 11:18:07.117"
"8739","신촌로33길","일반도로","국지도로","소로1류","폭10-12m","2026-03-01 11:18:07.117"
"8740","신촌로33안길","일반도로","국지도로","소로","6m미만","2026-03-01 11:18:07.117"
"8741","신촌로34길","일반도로","국지도로","소로2류","폭8-10m","2026-03-01 11:18:07.121"
"8742","신촌로35길","일반도로","국지도로","중로2류","폭15-20m","2026-03-01 11:18:07.121"
"8743","신촌로37길","일반도로","국지도로","소로","6m미만","2026-03-01 11:18:07.121"
"8744","신촌로3가길","일반도로","국지도로","소로","6m미만","2026-03-01 11:18:07.121"
"8745","신촌로3길","일반도로","국지도로","소로","6m미만","2026-03-01 11:18:07.121"
"8746","신촌로3나길","일반도로","국지도로","소로","6m미만","2026-03-01 11:18:07.121"
"8747","신촌로4길","일반도로","국지도로","소로3류","폭6-8m","2026-03-01 11:18:07.121"
"8748","신촌로6길","일반도로","국지도로","소로","6m미만","2026-03-01 11:18:07.121"
"8749","신촌로7길","일반도로","국지도로","소로","6m미만","2026-03-01 11:18:07.121"
"8750","신촌로7안길","일반도로","국지도로","소로","6m미만","2026-03-01 11:18:07.121"
"8751","신촌로8길","일반도로","국지도로","소로","6m미만","2026-03-01 11:18:07.126"
"8752","신촌로9길","일반도로","국지도로","소로","6m미만","2026-03-01 11:18:07.126"
"8753","신촌역로","일반도로","국지도로","소로","6m미만","2026-03-01 11:18:07.126"
"8754","신촌역선","일반도로","보조간선도로","중로1류","폭20-25m","2026-03-01 11:18:07.126"
"8755","신풍로","일반도로","국지도로","소로","6m미만","2026-03-01 11:18:07.126"
"8756","신풍로10길","일반도로","국지도로","소로","6m미만","2026-03-01 11:18:07.126"
"8757","신풍로11길","일반도로","국지도로","소로1류","폭10-12m","2026-03-01 11:18:07.126"
"8758","신풍로12가길","일반도로","국지도로","소로","6m미만","2026-03-01 11:18:07.126"
"8759","신풍로12길","일반도로","국지도로","소로2류","폭8-10m","2026-03-01 11:18:07.126"
"8760","신풍로12나길","일반도로","국지도로","소로","6m미만","2026-03-01 11:18:07.126"
"8761","신풍로14길","일반도로","국지도로","소로3류","폭6-8m","2026-03-01 11:18:07.131"
"8762","신풍로16길","일반도로","국지도로","소로","6m미만","2026-03-01 11:18:07.131"
"8763","신풍로17길","일반도로","국지도로","소로","6m미만","2026-03-01 11:18:07.131"
"8764","신풍로18길","일반도로","국지도로","소로","6m미만","2026-03-01 11:18:07.131"
"8765","신풍로19가길","일반도로","국지도로","소로","6m미만","2026-03-01 11:18:07.131"
"8766","신풍로19길","일반도로","국지도로","소로","6m미만","2026-03-01 11:18:07.131"
"8767","신풍로20길","일반도로","국지도로","소로","6m미만","2026-03-01 11:18:07.131"
"8768","신풍로22길","일반도로","국지도로","소로","6m미만","2026-03-01 11:18:07.131"
"8769","신풍로23길","일반도로","국지도로","소로3류","폭6-8m","2026-03-01 11:18:07.131"
"8770","신풍로24길","일반도로","국지도로","소로3류","폭6-8m","2026-03-01 11:18:07.131"
"8771","신풍로25가길","일반도로","국지도로","소로","6m미만","2026-03-01 11:18:07.136"
"8772","신풍로25길","일반도로","국지도로","소로3류","폭6-8m","2026-03-01 11:18:07.136"
"8773","신풍로26길","일반도로","국지도로","소로2류","폭8-10m","2026-03-01 11:18:07.136"
"8774","신풍로2길","일반도로","국지도로","소로","6m미만","2026-03-01 11:18:07.136"
"8775","신풍로6길","일반도로","국지도로","소로","6m미만","2026-03-01 11:18:07.136"
"8776","신풍로7길","일반도로","국지도로","소로2류","폭8-10m","2026-03-01 11:18:07.136"
"8777","신풍로8길","일반도로","국지도로","소로","6m미만","2026-03-01 11:18:07.136"
"8778","신흥로","일반도로","국지도로","소로","6m미만","2026-03-01 11:18:07.136"
"8779","신흥로11가길","일반도로","국지도로","소로","6m미만","2026-03-01 11:18:07.136"
"8780","신흥로11길","일반도로","국지도로","소로","6m미만","2026-03-01 11:18:07.136"
"8781","신흥로11나길","일반도로","국지도로","소로","6m미만","2026-03-01 11:18:07.141"
"8782","신흥로12길","일반도로","국지도로","소로","6m미만","2026-03-01 11:18:07.141"
"8783","신흥로14길","일반도로","국지도로","소로","6m미만","2026-03-01 11:18:07.141"
"8784","신흥로15길","일반도로","국지도로","소로","6m미만","2026-03-01 11:18:07.141"
"8785","신흥로16길","일반도로","국지도로","소로","6m미만","2026-03-01 11:18:07.141"
"8786","신흥로18길","일반도로","국지도로","소로","6m미만","2026-03-01 11:18:07.141"
"8787","신흥로20길","일반도로","국지도로","소로","6m미만","2026-03-01 11:18:07.141"
"8788","신흥로22가길","일반도로","국지도로","소로3류","폭6-8m","2026-03-01 11:18:07.141"
"8789","신흥로22길","일반도로","국지도로","소로","6m미만","2026-03-01 11:18:07.141"
"8790","신흥로23길","일반도로","국지도로","소로","6m미만","2026-03-01 11:18:07.141"
"8791","신흥로25가길","일반도로","국지도로","소로","6m미만","2026-03-01 11:18:07.146"
"8792","신흥로25길","일반도로","국지도로","소로","6m미만","2026-03-01 11:18:07.146"
"8793","신흥로26길","일반도로","국지도로","소로","6m미만","2026-03-01 11:18:07.146"
"8794","신흥로27길","일반도로","국지도로","소로","6m미만","2026-03-01 11:18:07.146"
"8795","신흥로29가길","일반도로","국지도로","소로","6m미만","2026-03-01 11:18:07.146"
"8796","신흥로29길","일반도로","국지도로","소로","6m미만","2026-03-01 11:18:07.146"
"8797","신흥로2길","일반도로","국지도로","소로","6m미만","2026-03-01 11:18:07.146"
"8798","신흥로30길","일반도로","국지도로","소로","6m미만","2026-03-01 11:18:07.146"
"8799","신흥로32길","일반도로","국지도로","소로","6m미만","2026-03-01 11:18:07.146"
"8800","신흥로34길","일반도로","국지도로","소로","6m미만","2026-03-01 11:18:07.146"
"8801","신흥로36가길","일반도로","국지도로","소로","6m미만","2026-03-01 11:18:07.151"
"8802","신흥로36길","일반도로","국지도로","소로","6m미만","2026-03-01 11:18:07.151"
"8803","신흥로3가길","일반도로","국지도로","소로","6m미만","2026-03-01 11:18:07.151"
"8804","신흥로3길","일반도로","국지도로","소로","6m미만","2026-03-01 11:18:07.151"
"8805","신흥로3나길","일반도로","국지도로","소로","6m미만","2026-03-01 11:18:07.151"
"8806","신흥로5길","일반도로","국지도로","소로","6m미만","2026-03-01 11:18:07.151"
"8807","신흥로7길","일반도로","국지도로","소로","6m미만","2026-03-01 11:18:07.151"
"8808","신흥로9길","일반도로","국지도로","소로","6m미만","2026-03-01 11:18:07.151"
"8809","신흥말길","일반도로","국지도로","소로","6m미만","2026-03-01 11:18:07.151"
"8810","신흥안길","일반도로","국지도로","소로","6m미만","2026-03-01 11:18:07.151"
"8811","쌍문~도봉선","일반도로","보조간선도로","중로2류","폭15-20m","2026-03-01 11:18:07.156"
"8812","쑥고개로","일반도로","국지도로","소로","6m미만","2026-03-01 11:18:07.156"
"8813","쑥고개로11길","일반도로","국지도로","소로","6m미만","2026-03-01 11:18:07.156"
"8814","쑥고개로13길","일반도로","국지도로","소로","6m미만","2026-03-01 11:18:07.156"
"8815","쑥고개로16길","일반도로","국지도로","중로2류","폭15-20m","2026-03-01 11:18:07.156"
"8816","쑥고개로1가길","일반도로","국지도로","소로","6m미만","2026-03-01 11:18:07.156"
"8817","쑥고개로1길","일반도로","국지도로","소로","6m미만","2026-03-01 11:18:07.156"
"8818","쑥고개로1나길","일반도로","국지도로","소로","6m미만","2026-03-01 11:18:07.156"
"8819","쑥고개로21길","일반도로","국지도로","소로","6m미만","2026-03-01 11:18:07.156"
"8820","쑥고개로22길","일반도로","국지도로","소로3류","폭6-8m","2026-03-01 11:18:07.156"
"8821","쑥고개로24길","일반도로","국지도로","소로","6m미만","2026-03-01 11:18:07.161"
"8822","쑥고개로26길","일반도로","국지도로","소로","6m미만","2026-03-01 11:18:07.161"
"8823","쑥고개로28길","일반도로","국지도로","소로","6m미만","2026-03-01 11:18:07.161"
"8824","쑥고개로2가길","일반도로","국지도로","소로","6m미만","2026-03-01 11:18:07.161"
"8825","쑥고개로2길","일반도로","국지도로","소로","6m미만","2026-03-01 11:18:07.161"
"8826","쑥고개로2나길","일반도로","국지도로","소로","6m미만","2026-03-01 11:18:07.161"
"8827","쑥고개로2다길","일반도로","국지도로","소로3류","폭6-8m","2026-03-01 11:18:07.161"
"8828","쑥고개로2라길","일반도로","국지도로","소로3류","폭6-8m","2026-03-01 11:18:07.161"
"8829","쑥고개로30길","일반도로","국지도로","소로","6m미만","2026-03-01 11:18:07.161"
"8830","쑥고개로3길","일반도로","국지도로","소로","6m미만","2026-03-01 11:18:07.162"
"8831","아리랑로","일반도로","국지도로","소로","6m미만","2026-03-01 11:18:07.166"
"8832","아리랑로12길","일반도로","국지도로","소로","6m미만","2026-03-01 11:18:07.167"
"8833","아리랑로16길","일반도로","국지도로","소로3류","폭6-8m","2026-03-01 11:18:07.167"
"8834","아리랑로18길","일반도로","국지도로","소로","6m미만","2026-03-01 11:18:07.167"
"8835","아리랑로19가길","일반도로","국지도로","소로2류","폭8-10m","2026-03-01 11:18:07.167"
"8836","아리랑로19길","일반도로","국지도로","소로","6m미만","2026-03-01 11:18:07.167"
"8837","아리랑로19나길","일반도로","국지도로","소로3류","폭6-8m","2026-03-01 11:18:07.167"
"8838","아리랑로19다길","일반도로","국지도로","소로","6m미만","2026-03-01 11:18:07.167"
"8839","아리랑로2길","일반도로","국지도로","소로","6m미만","2026-03-01 11:18:07.167"
"8840","아리랑로3길","일반도로","국지도로","소로","6m미만","2026-03-01 11:18:07.167"
"8841","아리랑로4가길","일반도로","국지도로","소로","6m미만","2026-03-01 11:18:07.171"
"8842","아리랑로4길","일반도로","국지도로","소로3류","폭6-8m","2026-03-01 11:18:07.171"
"8843","아리랑로5길","일반도로","국지도로","소로","6m미만","2026-03-01 11:18:07.172"
"8844","아리랑로5다길","일반도로","국지도로","소로","6m미만","2026-03-01 11:18:07.172"
"8845","아리랑로6가길","일반도로","국지도로","소로","6m미만","2026-03-01 11:18:07.172"
"8846","아리랑로6길","일반도로","국지도로","소로","6m미만","2026-03-01 11:18:07.172"
"8847","아리랑로6나길","일반도로","국지도로","소로","6m미만","2026-03-01 11:18:07.172"
"8848","아리랑로6다길","일반도로","국지도로","소로","6m미만","2026-03-01 11:18:07.172"
"8849","아리랑로7길","일반도로","국지도로","소로3류","폭6-8m","2026-03-01 11:18:07.172"
"8850","아리수로","일반도로","국지도로","소로","6m미만","2026-03-01 11:18:07.172"
"8851","아리수로13길","일반도로","국지도로","소로","6m미만","2026-03-01 11:18:07.176"
"8852","아리수로25가길","일반도로","국지도로","소로","6m미만","2026-03-01 11:18:07.176"
"8853","아리수로25길","일반도로","국지도로","소로","6m미만","2026-03-01 11:18:07.176"
"8854","아리수로25나길","일반도로","국지도로","소로","6m미만","2026-03-01 11:18:07.176"
"8855","아리수로27길","일반도로","국지도로","소로","6m미만","2026-03-01 11:18:07.176"
"8856","아리수로46길","일반도로","국지도로","중로2류","폭15-20m","2026-03-01 11:18:07.176"
"8857","아리수로50길","일반도로","국지도로","중로1류","폭20-25m","2026-03-01 11:18:07.176"
"8858","아리수로61길","일반도로","국지도로","소로","6m미만","2026-03-01 11:18:07.176"
"8859","아리수로62길","일반도로","국지도로","소로3류","폭6-8m","2026-03-01 11:18:07.176"
"8860","아리수로64길","일반도로","국지도로","소로2류","폭8-10m","2026-03-01 11:18:07.176"
"8861","아리수로65길","일반도로","국지도로","소로3류","폭6-8m","2026-03-01 11:18:07.181"
"8862","아리수로66길","일반도로","국지도로","소로2류","폭8-10m","2026-03-01 11:18:07.181"
"8863","아리수로68길","일반도로","국지도로","소로3류","폭6-8m","2026-03-01 11:18:07.181"
"8864","아리수로72길","일반도로","국지도로","소로3류","폭6-8m","2026-03-01 11:18:07.181"
"8865","아리수로74길","일반도로","국지도로","소로2류","폭8-10m","2026-03-01 11:18:07.181"
"8866","아리수로76길","일반도로","국지도로","소로2류","폭8-10m","2026-03-01 11:18:07.181"
"8867","아리수로78길","일반도로","국지도로","소로2류","폭8-10m","2026-03-01 11:18:07.181"
"8868","아리수로82길","일반도로","국지도로","소로3류","폭6-8m","2026-03-01 11:18:07.182"
"8869","아리수로84길","일반도로","국지도로","소로","6m미만","2026-03-01 11:18:07.182"
"8870","아리수로87가길","일반도로","국지도로","소로","6m미만","2026-03-01 11:18:07.182"
"8871","아리수로87길","일반도로","국지도로","소로2류","폭8-10m","2026-03-01 11:18:07.187"
"8872","아리수로91길","일반도로","국지도로","소로1류","폭10-12m","2026-03-01 11:18:07.187"
"8873","아리수로93가길","일반도로","국지도로","중로1류","폭20-25m","2026-03-01 11:18:07.187"
"8874","아리수로93길","일반도로","국지도로","중로1류","폭20-25m","2026-03-01 11:18:07.187"
"8875","아리수로93나길","일반도로","국지도로","중로1류","폭20-25m","2026-03-01 11:18:07.187"
"8876","아리수로93다길","일반도로","국지도로","중로1류","폭20-25m","2026-03-01 11:18:07.187"
"8877","아리수로94길","일반도로","국지도로","중로1류","폭20-25m","2026-03-01 11:18:07.187"
"8878","아리수로97길","일반도로","국지도로","대로3류","폭25-30m","2026-03-01 11:18:07.187"
"8879","아리수로98길","일반도로","국지도로","대로3류","폭25-30m","2026-03-01 11:18:07.187"
"8880","아차산로","일반도로","국지도로","소로","6m미만","2026-03-01 11:18:07.187"
"8881","아차산로11가길","일반도로","국지도로","소로3류","폭6-8m","2026-03-01 11:18:07.192"
"8882","아차산로11길","일반도로","국지도로","소로3류","폭6-8m","2026-03-01 11:18:07.192"
"8883","아차산로13길","일반도로","국지도로","소로1류","폭10-12m","2026-03-01 11:18:07.192"
"8884","아차산로15길","일반도로","국지도로","소로2류","폭8-10m","2026-03-01 11:18:07.192"
"8885","아차산로17길","일반도로","국지도로","소로2류","폭8-10m","2026-03-01 11:18:07.192"
"8886","아차산로1가길","일반도로","국지도로","소로","6m미만","2026-03-01 11:18:07.192"
"8887","아차산로1길","일반도로","국지도로","소로3류","폭6-8m","2026-03-01 11:18:07.192"
"8888","아차산로21길","일반도로","국지도로","소로","6m미만","2026-03-01 11:18:07.192"
"8889","아차산로22길","일반도로","국지도로","소로","6m미만","2026-03-01 11:18:07.192"
"8890","아차산로23길","일반도로","국지도로","소로","6m미만","2026-03-01 11:18:07.192"
"8891","아차산로24길","일반도로","국지도로","소로","6m미만","2026-03-01 11:18:07.197"
"8892","아차산로25길","일반도로","국지도로","소로","6m미만","2026-03-01 11:18:07.197"
"8893","아차산로26길","일반도로","국지도로","소로","6m미만","2026-03-01 11:18:07.197"
"8894","아차산로27길","일반도로","국지도로","소로","6m미만","2026-03-01 11:18:07.197"
"8895","아차산로28길","일반도로","국지도로","소로","6m미만","2026-03-01 11:18:07.197"
"8896","아차산로29길","일반도로","국지도로","소로","6m미만","2026-03-01 11:18:07.197"
"8897","아차산로30길","일반도로","국지도로","소로","6m미만","2026-03-01 11:18:07.197"
"8898","아차산로31길","일반도로","국지도로","소로","6m미만","2026-03-01 11:18:07.197"
"8899","아차산로32길","일반도로","국지도로","소로","6m미만","2026-03-01 11:18:07.197"
"8900","아차산로33길","일반도로","국지도로","소로","6m미만","2026-03-01 11:18:07.197"
"8901","아차산로34길","일반도로","국지도로","소로","6m미만","2026-03-01 11:18:07.202"
"8902","아차산로36길","일반도로","국지도로","중로1류","폭20-25m","2026-03-01 11:18:07.202"
"8903","아차산로38길","일반도로","국지도로","소로","6m미만","2026-03-01 11:18:07.202"
"8904","아차산로39가길","일반도로","국지도로","소로","6m미만","2026-03-01 11:18:07.203"
"8905","아차산로39길","일반도로","국지도로","소로","6m미만","2026-03-01 11:18:07.203"
"8906","아차산로3길","일반도로","국지도로","소로3류","폭6-8m","2026-03-01 11:18:07.203"
"8907","아차산로40길","일반도로","국지도로","소로","6m미만","2026-03-01 11:18:07.203"
"8908","아차산로41가길","일반도로","국지도로","소로","6m미만","2026-03-01 11:18:07.203"
"8909","아차산로41길","일반도로","국지도로","소로","6m미만","2026-03-01 11:18:07.203"
"8910","아차산로42길","일반도로","국지도로","소로","6m미만","2026-03-01 11:18:07.203"
"8911","아차산로44가길","일반도로","국지도로","소로","6m미만","2026-03-01 11:18:07.208"
"8912","아차산로44길","일반도로","국지도로","소로","6m미만","2026-03-01 11:18:07.208"
"8913","아차산로45길","일반도로","국지도로","소로3류","폭6-8m","2026-03-01 11:18:07.208"
"8914","아차산로46가길","일반도로","국지도로","소로","6m미만","2026-03-01 11:18:07.208"
"8915","아차산로46길","일반도로","국지도로","소로","6m미만","2026-03-01 11:18:07.208"
"8916","아차산로46나길","일반도로","국지도로","소로","6m미만","2026-03-01 11:18:07.208"
"8917","아차산로49길","일반도로","국지도로","소로","6m미만","2026-03-01 11:18:07.208"
"8918","아차산로51길","일반도로","국지도로","소로","6m미만","2026-03-01 11:18:07.208"
"8919","아차산로53길","일반도로","국지도로","소로","6m미만","2026-03-01 11:18:07.208"
"8920","아차산로55길","일반도로","국지도로","소로","6m미만","2026-03-01 11:18:07.208"
"8921","아차산로57길","일반도로","국지도로","소로","6m미만","2026-03-01 11:18:07.212"
"8922","아차산로58가길","일반도로","국지도로","소로","6m미만","2026-03-01 11:18:07.213"
"8923","아차산로58길","일반도로","국지도로","소로2류","폭8-10m","2026-03-01 11:18:07.213"
"8924","아차산로58나길","일반도로","국지도로","소로","6m미만","2026-03-01 11:18:07.213"
"8925","아차산로59길","일반도로","국지도로","소로","6m미만","2026-03-01 11:18:07.213"
"8926","아차산로5길","일반도로","국지도로","소로3류","폭6-8m","2026-03-01 11:18:07.213"
"8927","아차산로60길","일반도로","국지도로","소로","6m미만","2026-03-01 11:18:07.213"
"8928","아차산로61길","일반도로","국지도로","소로","6m미만","2026-03-01 11:18:07.213"
"8929","아차산로62길","일반도로","국지도로","소로","6m미만","2026-03-01 11:18:07.213"
"8930","아차산로63길","일반도로","국지도로","소로3류","폭6-8m","2026-03-01 11:18:07.213"
"8931","아차산로65길","일반도로","국지도로","소로","6m미만","2026-03-01 11:18:07.217"
"8932","아차산로66길","일반도로","국지도로","소로","6m미만","2026-03-01 11:18:07.217"
"8933","아차산로69길","일반도로","국지도로","소로1류","폭10-12m","2026-03-01 11:18:07.217"
"8934","아차산로70길","일반도로","국지도로","중로1류","폭20-25m","2026-03-01 11:18:07.217"
"8935","아차산로73길","일반도로","국지도로","소로3류","폭6-8m","2026-03-01 11:18:07.217"
"8936","아차산로75길","일반도로","국지도로","소로2류","폭8-10m","2026-03-01 11:18:07.217"
"8937","아차산로76가길","일반도로","국지도로","소로","6m미만","2026-03-01 11:18:07.217"
"8938","아차산로76길","일반도로","국지도로","중로1류","폭20-25m","2026-03-01 11:18:07.217"
"8939","아차산로78가길","일반도로","국지도로","소로","6m미만","2026-03-01 11:18:07.217"
"8940","아차산로78길","일반도로","국지도로","중로2류","폭15-20m","2026-03-01 11:18:07.217"
"8941","아차산로7가길","일반도로","국지도로","소로","6m미만","2026-03-01 11:18:07.222"
"8942","아차산로7길","일반도로","국지도로","소로","6m미만","2026-03-01 11:18:07.222"
"8943","아차산로7나길","일반도로","국지도로","소로2류","폭8-10m","2026-03-01 11:18:07.222"
"8944","아차산로9길","일반도로","국지도로","소로3류","폭6-8m","2026-03-01 11:18:07.222"
"8945","안곡로194번길","일반도로","국지도로","소로","6m미만","2026-03-01 11:18:07.222"
"8946","안골1길","일반도로","국지도로","소로","6m미만","2026-03-01 11:18:07.222"
"8947","안골2길","일반도로","국지도로","소로3류","폭6-8m","2026-03-01 11:18:07.222"
"8948","안골3길","일반도로","국지도로","소로3류","폭6-8m","2026-03-01 11:18:07.222"
"8949","안골4길","일반도로","국지도로","소로3류","폭6-8m","2026-03-01 11:18:07.222"
"8950","안골길","일반도로","국지도로","소로3류","폭6-8m","2026-03-01 11:18:07.222"
"8951","안암로","일반도로","국지도로","소로","6m미만","2026-03-01 11:18:07.226"
"8952","안암로12길","일반도로","국지도로","소로3류","폭6-8m","2026-03-01 11:18:07.226"
"8953","안암로14길","일반도로","국지도로","소로2류","폭8-10m","2026-03-01 11:18:07.226"
"8954","안암로16길","일반도로","국지도로","소로3류","폭6-8m","2026-03-01 11:18:07.226"
"8955","안암로18가길","일반도로","국지도로","소로","6m미만","2026-03-01 11:18:07.226"
"8956","안암로18길","일반도로","국지도로","소로","6m미만","2026-03-01 11:18:07.226"
"8957","안암로1길","일반도로","국지도로","소로3류","폭6-8m","2026-03-01 11:18:07.226"
"8958","안암로20가길","일반도로","국지도로","소로","6m미만","2026-03-01 11:18:07.227"
"8959","안암로20길","일반도로","국지도로","소로","6m미만","2026-03-01 11:18:07.227"
"8960","안암로22길","일반도로","국지도로","소로","6m미만","2026-03-01 11:18:07.227"
"8961","안암로24길","일반도로","국지도로","소로","6m미만","2026-03-01 11:18:07.231"
"8962","안암로26길","일반도로","국지도로","소로","6m미만","2026-03-01 11:18:07.231"
"8963","안암로3길","일반도로","국지도로","소로1류","폭10-12m","2026-03-01 11:18:07.231"
"8964","안암로4길","일반도로","국지도로","소로3류","폭6-8m","2026-03-01 11:18:07.231"
"8965","안암로5길","일반도로","국지도로","소로2류","폭8-10m","2026-03-01 11:18:07.231"
"8966","안암로6가길","일반도로","국지도로","소로","6m미만","2026-03-01 11:18:07.231"
"8967","안암로6길","일반도로","국지도로","소로","6m미만","2026-03-01 11:18:07.231"
"8968","안암로7길","일반도로","국지도로","소로3류","폭6-8m","2026-03-01 11:18:07.231"
"8969","안암로9가길","일반도로","국지도로","소로","6m미만","2026-03-01 11:18:07.231"
"8970","안암로9길","일반도로","국지도로","소로","6m미만","2026-03-01 11:18:07.231"
"8971","안암로9나길","일반도로","국지도로","소로","6m미만","2026-03-01 11:18:07.236"
"8972","안양천로","일반도로","국지도로","중로2류","폭15-20m","2026-03-01 11:18:07.236"
"8973","안양천로537가길","일반도로","국지도로","소로","6m미만","2026-03-01 11:18:07.236"
"8974","안양천로537나길","일반도로","국지도로","소로","6m미만","2026-03-01 11:18:07.236"
"8975","안양천로539길","일반도로","국지도로","소로1류","폭10-12m","2026-03-01 11:18:07.236"
"8976","알마타길","일반도로","국지도로","소로2류","폭8-10m","2026-03-01 11:18:07.236"
"8977","암사11길","일반도로","국지도로","소로","6m미만","2026-03-01 11:18:07.236"
"8978","암사13길","일반도로","국지도로","소로","6m미만","2026-03-01 11:18:07.236"
"8979","암사18길","일반도로","국지도로","소로","6m미만","2026-03-01 11:18:07.236"
"8980","암사19길","일반도로","국지도로","소로3류","폭6-8m","2026-03-01 11:18:07.236"
"8981","암사1가길","일반도로","국지도로","소로","6m미만","2026-03-01 11:18:07.241"
"8982","암사1길","일반도로","국지도로","소로3류","폭6-8m","2026-03-01 11:18:07.241"
"8983","암사5길","일반도로","국지도로","소로3류","폭6-8m","2026-03-01 11:18:07.241"
"8984","암사~강일선","일반도로","보조간선도로","대로2류","폭30-35m","2026-03-01 11:18:07.241"
"8985","암사~상일선","일반도로","보조간선도로","대로2류","폭30-35m","2026-03-01 11:18:07.241"
"8986","암사길","일반도로","국지도로","소로","6m미만","2026-03-01 11:18:07.241"
"8987","압구정로","일반도로","국지도로","소로","6m미만","2026-03-01 11:18:07.241"
"8988","압구정로10길","일반도로","국지도로","소로3류","폭6-8m","2026-03-01 11:18:07.241"
"8989","압구정로11길","일반도로","국지도로","중로2류","폭15-20m","2026-03-01 11:18:07.241"
"8990","압구정로14길","일반도로","국지도로","소로3류","폭6-8m","2026-03-01 11:18:07.241"
"8991","압구정로18길","일반도로","국지도로","소로3류","폭6-8m","2026-03-01 11:18:07.246"
"8992","압구정로20길","일반도로","국지도로","소로1류","폭10-12m","2026-03-01 11:18:07.246"
"8993","압구정로22길","일반도로","국지도로","소로3류","폭6-8m","2026-03-01 11:18:07.246"
"8994","압구정로28길","일반도로","국지도로","소로3류","폭6-8m","2026-03-01 11:18:07.246"
"8995","압구정로29길","일반도로","국지도로","대로3류","폭25-30m","2026-03-01 11:18:07.246"
"8996","압구정로2길","일반도로","국지도로","소로2류","폭8-10m","2026-03-01 11:18:07.246"
"8997","압구정로30길","일반도로","국지도로","소로3류","폭6-8m","2026-03-01 11:18:07.246"
"8998","압구정로32길","일반도로","국지도로","소로3류","폭6-8m","2026-03-01 11:18:07.246"
"8999","압구정로33길","일반도로","국지도로","중로2류","폭15-20m","2026-03-01 11:18:07.246"
"9000","압구정로34길","일반도로","국지도로","소로","6m미만","2026-03-01 11:18:07.246"
"9001","압구정로36길","일반도로","국지도로","소로3류","폭6-8m","2026-03-01 11:18:07.251"
"9002","압구정로38길","일반도로","국지도로","소로","6m미만","2026-03-01 11:18:07.251"
"9003","압구정로39길","일반도로","국지도로","중로2류","폭15-20m","2026-03-01 11:18:07.251"
"9004","압구정로42길","일반도로","국지도로","소로","6m미만","2026-03-01 11:18:07.251"
"9005","압구정로46길","일반도로","국지도로","소로3류","폭6-8m","2026-03-01 11:18:07.251"
"9006","압구정로48길","일반도로","국지도로","소로","6m미만","2026-03-01 11:18:07.251"
"9007","압구정로4길","일반도로","국지도로","소로","6m미만","2026-03-01 11:18:07.251"
"9008","압구정로50길","일반도로","국지도로","소로2류","폭8-10m","2026-03-01 11:18:07.251"
"9009","압구정로54길","일반도로","국지도로","소로","6m미만","2026-03-01 11:18:07.251"
"9010","압구정로56길","일반도로","국지도로","소로","6m미만","2026-03-01 11:18:07.251"
"9011","압구정로60길","일반도로","국지도로","소로2류","폭8-10m","2026-03-01 11:18:07.256"
"9012","압구정로61길","일반도로","국지도로","소로1류","폭10-12m","2026-03-01 11:18:07.256"
"9013","압구정로62길","일반도로","국지도로","소로3류","폭6-8m","2026-03-01 11:18:07.256"
"9014","압구정로71길","일반도로","국지도로","소로3류","폭6-8m","2026-03-01 11:18:07.256"
"9015","압구정로72길","일반도로","국지도로","소로","6m미만","2026-03-01 11:18:07.256"
"9016","압구정로73길","일반도로","국지도로","소로","6m미만","2026-03-01 11:18:07.256"
"9017","압구정로75길","일반도로","국지도로","소로3류","폭6-8m","2026-03-01 11:18:07.256"
"9018","압구정로77길","일반도로","국지도로","소로","6m미만","2026-03-01 11:18:07.256"
"9019","압구정로79길","일반도로","국지도로","소로3류","폭6-8m","2026-03-01 11:18:07.256"
"9020","압구정로80길","일반도로","국지도로","소로3류","폭6-8m","2026-03-01 11:18:07.256"
"9021","압구정로8길","일반도로","국지도로","소로3류","폭6-8m","2026-03-01 11:18:07.261"
"9022","약령동길","일반도로","국지도로","소로","6m미만","2026-03-01 11:18:07.261"
"9023","약령서1길","일반도로","국지도로","소로","6m미만","2026-03-01 11:18:07.261"
"9024","약령서길","일반도로","국지도로","소로","6m미만","2026-03-01 11:18:07.261"
"9025","약령시로","일반도로","국지도로","소로3류","폭6-8m","2026-03-01 11:18:07.261"
"9026","약령시로11길","일반도로","국지도로","소로","6m미만","2026-03-01 11:18:07.261"
"9027","약령시로13길","일반도로","국지도로","소로","6m미만","2026-03-01 11:18:07.261"
"9028","약령시로14길","일반도로","국지도로","소로3류","폭6-8m","2026-03-01 11:18:07.261"
"9029","약령시로15길","일반도로","국지도로","소로","6m미만","2026-03-01 11:18:07.261"
"9030","약령시로17길","일반도로","국지도로","소로","6m미만","2026-03-01 11:18:07.261"
"9031","약령시로19길","일반도로","국지도로","소로","6m미만","2026-03-01 11:18:07.266"
"9032","약령시로21가길","일반도로","국지도로","소로","6m미만","2026-03-01 11:18:07.266"
"9033","약령시로21길","일반도로","국지도로","소로2류","폭8-10m","2026-03-01 11:18:07.266"
"9034","약령시로2길","일반도로","국지도로","소로","6m미만","2026-03-01 11:18:07.266"
"9035","약령시로3길","일반도로","국지도로","소로","6m미만","2026-03-01 11:18:07.266"
"9036","약령시로5길","일반도로","국지도로","소로","6m미만","2026-03-01 11:18:07.266"
"9037","약령시로7길","일반도로","국지도로","소로","6m미만","2026-03-01 11:18:07.266"
"9038","약령시로9길","일반도로","국지도로","소로","6m미만","2026-03-01 11:18:07.266"
"9039","약령중앙로","일반도로","국지도로","소로","6m미만","2026-03-01 11:18:07.266"
"9040","약령중앙로10길","일반도로","국지도로","소로3류","폭6-8m","2026-03-01 11:18:07.266"
"9041","약령중앙로12길","일반도로","국지도로","소로","6m미만","2026-03-01 11:18:07.271"
"9042","약령중앙로13길","일반도로","국지도로","소로","6m미만","2026-03-01 11:18:07.271"
"9043","약령중앙로2길","일반도로","국지도로","소로3류","폭6-8m","2026-03-01 11:18:07.271"
"9044","약령중앙로4길","일반도로","국지도로","소로","6m미만","2026-03-01 11:18:07.271"
"9045","약령중앙로6길","일반도로","국지도로","소로3류","폭6-8m","2026-03-01 11:18:07.271"
"9046","약령중앙로8길","일반도로","국지도로","소로","6m미만","2026-03-01 11:18:07.271"
"9047","약수암1길","일반도로","국지도로","소로","6m미만","2026-03-01 11:18:07.271"
"9048","약수암길","일반도로","국지도로","소로","6m미만","2026-03-01 11:18:07.271"
"9049","양녕로","일반도로","국지도로","소로3류","폭6-8m","2026-03-01 11:18:07.271"
"9050","양녕로10길","일반도로","국지도로","소로","6m미만","2026-03-01 11:18:07.271"
"9051","양녕로16길","일반도로","국지도로","소로2류","폭8-10m","2026-03-01 11:18:07.276"
"9052","양녕로1가길","일반도로","국지도로","소로","6m미만","2026-03-01 11:18:07.276"
"9053","양녕로1길","일반도로","국지도로","소로","6m미만","2026-03-01 11:18:07.276"
"9054","양녕로20길","일반도로","국지도로","소로3류","폭6-8m","2026-03-01 11:18:07.276"
"9055","양녕로22가길","일반도로","국지도로","소로","6m미만","2026-03-01 11:18:07.276"
"9056","양녕로22길","일반도로","국지도로","소로","6m미만","2026-03-01 11:18:07.276"
"9057","양녕로22나길","일반도로","국지도로","소로","6m미만","2026-03-01 11:18:07.276"
"9058","양녕로22다길","일반도로","국지도로","소로","6m미만","2026-03-01 11:18:07.276"
"9059","양녕로22라길","일반도로","국지도로","소로","6m미만","2026-03-01 11:18:07.276"
"9060","양녕로22마길","일반도로","국지도로","소로","6m미만","2026-03-01 11:18:07.276"
"9061","양녕로22바길","일반도로","국지도로","소로","6m미만","2026-03-01 11:18:07.281"
"9062","양녕로23길","일반도로","국지도로","소로","6m미만","2026-03-01 11:18:07.281"
"9063","양녕로24길","일반도로","국지도로","소로","6m미만","2026-03-01 11:18:07.281"
"9064","양녕로25가길","일반도로","국지도로","소로","6m미만","2026-03-01 11:18:07.281"
"9065","양녕로25길","일반도로","국지도로","소로","6m미만","2026-03-01 11:18:07.281"
"9066","양녕로25나길","일반도로","국지도로","소로","6m미만","2026-03-01 11:18:07.281"
"9067","양녕로25다길","일반도로","국지도로","소로","6m미만","2026-03-01 11:18:07.281"
"9068","양녕로25라길","일반도로","국지도로","소로","6m미만","2026-03-01 11:18:07.281"
"9069","양녕로25마길","일반도로","국지도로","소로","6m미만","2026-03-01 11:18:07.281"
"9070","양녕로25바길","일반도로","국지도로","소로","6m미만","2026-03-01 11:18:07.281"
"9071","양녕로25사길","일반도로","국지도로","소로","6m미만","2026-03-01 11:18:07.286"
"9072","양녕로26가길","일반도로","국지도로","소로","6m미만","2026-03-01 11:18:07.286"
"9073","양녕로26길","일반도로","국지도로","소로3류","폭6-8m","2026-03-01 11:18:07.286"
"9074","양녕로26나길","일반도로","국지도로","소로","6m미만","2026-03-01 11:18:07.286"
"9075","양녕로27가길","일반도로","국지도로","소로","6m미만","2026-03-01 11:18:07.286"
"9076","양녕로27길","일반도로","국지도로","소로3류","폭6-8m","2026-03-01 11:18:07.286"
"9077","양녕로27나길","일반도로","국지도로","소로3류","폭6-8m","2026-03-01 11:18:07.286"
"9078","양녕로28길","일반도로","국지도로","소로","6m미만","2026-03-01 11:18:07.286"
"9079","양녕로29길","일반도로","국지도로","소로","6m미만","2026-03-01 11:18:07.286"
"9080","양녕로2가길","일반도로","국지도로","소로","6m미만","2026-03-01 11:18:07.286"
"9081","양녕로2길","일반도로","국지도로","소로","6m미만","2026-03-01 11:18:07.291"
"9082","양녕로30길","일반도로","국지도로","소로","6m미만","2026-03-01 11:18:07.291"
"9083","양녕로36길","일반도로","국지도로","소로","6m미만","2026-03-01 11:18:07.291"
"9084","양녕로38길","일반도로","국지도로","소로3류","폭6-8m","2026-03-01 11:18:07.291"
"9085","양녕로5길","일반도로","국지도로","소로3류","폭6-8m","2026-03-01 11:18:07.291"
"9086","양녕로6가길","일반도로","국지도로","소로","6m미만","2026-03-01 11:18:07.291"
"9087","양녕로6길","일반도로","국지도로","소로","6m미만","2026-03-01 11:18:07.291"
"9088","양녕로6나길","일반도로","국지도로","소로","6m미만","2026-03-01 11:18:07.291"
"9089","양녕로6다길","일반도로","국지도로","소로1류","폭10-12m","2026-03-01 11:18:07.291"
"9090","양녕로6라길","일반도로","국지도로","소로","6m미만","2026-03-01 11:18:07.291"
"9091","양녕로7길","일반도로","국지도로","소로3류","폭6-8m","2026-03-01 11:18:07.295"
"9092","양산2길","일반도로","국지도로","소로","6m미만","2026-03-01 11:18:07.295"
"9093","양산3길","일반도로","국지도로","소로","6m미만","2026-03-01 11:18:07.295"
"9094","양산길","일반도로","국지도로","소로","6m미만","2026-03-01 11:18:07.295"
"9095","양산로","일반도로","국지도로","소로2류","폭8-10m","2026-03-01 11:18:07.295"
"9096","양산로","일반도로","국지도로","소로","6m미만","2026-03-01 11:18:07.295"
"9097","양산로10길","일반도로","국지도로","소로3류","폭6-8m","2026-03-01 11:18:07.295"
"9098","양산로17길","일반도로","국지도로","소로","6m미만","2026-03-01 11:18:07.295"
"9099","양산로19길","일반도로","국지도로","소로3류","폭6-8m","2026-03-01 11:18:07.295"
"9100","양산로1길","일반도로","국지도로","소로","6m미만","2026-03-01 11:18:07.295"
"9101","양산로23길","일반도로","국지도로","소로3류","폭6-8m","2026-03-01 11:18:07.3"
"9102","양산로25길","일반도로","국지도로","소로2류","폭8-10m","2026-03-01 11:18:07.3"
"9103","양산로29길","일반도로","국지도로","소로2류","폭8-10m","2026-03-01 11:18:07.3"
"9104","양산로2길","일반도로","국지도로","소로2류","폭8-10m","2026-03-01 11:18:07.3"
"9105","양산로31길","일반도로","국지도로","소로3류","폭6-8m","2026-03-01 11:18:07.3"
"9106","양산로3길","일반도로","국지도로","소로3류","폭6-8m","2026-03-01 11:18:07.3"
"9107","양산로4길","일반도로","국지도로","중로2류","폭15-20m","2026-03-01 11:18:07.3"
"9108","양산로7길","일반도로","국지도로","소로2류","폭8-10m","2026-03-01 11:18:07.3"
"9109","양산로7길","일반도로","국지도로","소로","6m미만","2026-03-01 11:18:07.3"
"9110","양산로8길","일반도로","국지도로","소로3류","폭6-8m","2026-03-01 11:18:07.3"
"9111","양산로9길","일반도로","국지도로","소로1류","폭10-12m","2026-03-01 11:18:07.305"
"9112","양원역로","일반도로","국지도로","소로3류","폭6-8m","2026-03-01 11:18:07.305"
"9113","양원역로10길","일반도로","국지도로","소로2류","폭8-10m","2026-03-01 11:18:07.305"
"9114","양원역로14가길","일반도로","국지도로","소로3류","폭6-8m","2026-03-01 11:18:07.305"
"9115","양원역로14길","일반도로","국지도로","소로2류","폭8-10m","2026-03-01 11:18:07.305"
"9116","양원역로14나길","일반도로","국지도로","소로2류","폭8-10m","2026-03-01 11:18:07.305"
"9117","양원역로16길","일반도로","국지도로","소로3류","폭6-8m","2026-03-01 11:18:07.305"
"9118","양원역로4길","일반도로","국지도로","소로1류","폭10-12m","2026-03-01 11:18:07.305"
"9119","양원역로6가길","일반도로","국지도로","소로2류","폭8-10m","2026-03-01 11:18:07.305"
"9120","양원역로6길","일반도로","국지도로","소로1류","폭10-12m","2026-03-01 11:18:07.305"
"9121","양원역로8길","일반도로","국지도로","중로2류","폭15-20m","2026-03-01 11:18:07.31"
"9122","양재~혜화선","일반도로","주간선도로","대로3류","폭25-30m","2026-03-01 11:18:07.31"
"9123","양재대로","일반도로","국지도로","소로2류","폭8-10m","2026-03-01 11:18:07.31"
"9124","양재대로100길","일반도로","국지도로","소로","6m미만","2026-03-01 11:18:07.31"
"9125","양재대로101길","일반도로","국지도로","소로","6m미만","2026-03-01 11:18:07.31"
"9126","양재대로102가길","일반도로","국지도로","소로","6m미만","2026-03-01 11:18:07.31"
"9127","양재대로102길","일반도로","국지도로","소로3류","폭6-8m","2026-03-01 11:18:07.31"
"9128","양재대로103길","일반도로","국지도로","소로3류","폭6-8m","2026-03-01 11:18:07.31"
"9129","양재대로109길","일반도로","국지도로","소로3류","폭6-8m","2026-03-01 11:18:07.31"
"9130","양재대로110길","일반도로","국지도로","소로","6m미만","2026-03-01 11:18:07.31"
"9131","양재대로111길","일반도로","국지도로","중로2류","폭15-20m","2026-03-01 11:18:07.315"
"9132","양재대로112길","일반도로","국지도로","소로","6m미만","2026-03-01 11:18:07.315"
"9133","양재대로113길","일반도로","국지도로","소로3류","폭6-8m","2026-03-01 11:18:07.315"
"9134","양재대로114길","일반도로","국지도로","소로3류","폭6-8m","2026-03-01 11:18:07.315"
"9135","양재대로115길","일반도로","국지도로","소로3류","폭6-8m","2026-03-01 11:18:07.315"
"9136","양재대로116길","일반도로","국지도로","소로2류","폭8-10m","2026-03-01 11:18:07.315"
"9137","양재대로117길","일반도로","국지도로","소로2류","폭8-10m","2026-03-01 11:18:07.315"
"9138","양재대로11길","일반도로","국지도로","대로2류","폭30-35m","2026-03-01 11:18:07.315"
"9139","양재대로121길","일반도로","국지도로","소로3류","폭6-8m","2026-03-01 11:18:07.315"
"9140","양재대로122가길","일반도로","국지도로","소로","6m미만","2026-03-01 11:18:07.315"
"9141","양재대로122길","일반도로","국지도로","소로","6m미만","2026-03-01 11:18:07.32"
"9142","양재대로123길","일반도로","국지도로","소로","6m미만","2026-03-01 11:18:07.32"
"9143","양재대로124길","일반도로","국지도로","소로","6m미만","2026-03-01 11:18:07.32"
"9144","양재대로125길","일반도로","국지도로","소로3류","폭6-8m","2026-03-01 11:18:07.32"
"9145","양재대로126길","일반도로","국지도로","소로2류","폭8-10m","2026-03-01 11:18:07.32"
"9146","양재대로127길","일반도로","국지도로","소로","6m미만","2026-03-01 11:18:07.32"
"9147","양재대로128길","일반도로","국지도로","소로3류","폭6-8m","2026-03-01 11:18:07.32"
"9148","양재대로12길","일반도로","국지도로","소로2류","폭8-10m","2026-03-01 11:18:07.32"
"9149","양재대로130길","일반도로","국지도로","소로","6m미만","2026-03-01 11:18:07.32"
"9150","양재대로131가길","일반도로","국지도로","소로","6m미만","2026-03-01 11:18:07.32"
"9151","양재대로131길","일반도로","국지도로","소로3류","폭6-8m","2026-03-01 11:18:07.325"
"9152","양재대로133길","일반도로","국지도로","소로3류","폭6-8m","2026-03-01 11:18:07.325"
"9153","양재대로134길","일반도로","국지도로","소로3류","폭6-8m","2026-03-01 11:18:07.325"
"9154","양재대로135길","일반도로","국지도로","소로","6m미만","2026-03-01 11:18:07.325"
"9155","양재대로136길","일반도로","국지도로","소로","6m미만","2026-03-01 11:18:07.325"
"9156","양재대로138길","일반도로","국지도로","소로3류","폭6-8m","2026-03-01 11:18:07.325"
"9157","양재대로141길","일반도로","국지도로","소로","6m미만","2026-03-01 11:18:07.325"
"9158","양재대로143길","일반도로","국지도로","소로","6m미만","2026-03-01 11:18:07.325"
"9159","양재대로145길","일반도로","국지도로","소로","6m미만","2026-03-01 11:18:07.325"
"9160","양재대로147길","일반도로","국지도로","소로3류","폭6-8m","2026-03-01 11:18:07.325"
"9161","양재대로14길","일반도로","국지도로","소로","6m미만","2026-03-01 11:18:07.33"
"9162","양재대로151길","일반도로","국지도로","소로3류","폭6-8m","2026-03-01 11:18:07.33"
"9163","양재대로156길","일반도로","국지도로","소로1류","폭10-12m","2026-03-01 11:18:07.33"
"9164","양재대로16길","일반도로","국지도로","소로2류","폭8-10m","2026-03-01 11:18:07.33"
"9165","양재대로27길","일반도로","국지도로","소로3류","폭6-8m","2026-03-01 11:18:07.33"
"9166","양재대로29길","일반도로","국지도로","소로","6m미만","2026-03-01 11:18:07.33"
"9167","양재대로2길","일반도로","국지도로","중로2류","폭15-20m","2026-03-01 11:18:07.33"
"9168","양재대로31길","일반도로","국지도로","소로","6m미만","2026-03-01 11:18:07.33"
"9169","양재대로33길","일반도로","국지도로","소로3류","폭6-8m","2026-03-01 11:18:07.33"
"9170","양재대로35길","일반도로","국지도로","소로","6m미만","2026-03-01 11:18:07.33"
"9171","양재대로37길","일반도로","국지도로","소로","6m미만","2026-03-01 11:18:07.335"
"9172","양재대로39길","일반도로","국지도로","소로","6m미만","2026-03-01 11:18:07.335"
"9173","양재대로41길","일반도로","국지도로","소로","6m미만","2026-03-01 11:18:07.335"
"9174","양재대로43길","일반도로","국지도로","소로1류","폭10-12m","2026-03-01 11:18:07.335"
"9175","양재대로45길","일반도로","국지도로","소로","6m미만","2026-03-01 11:18:07.335"
"9176","양재대로47길","일반도로","국지도로","소로","6m미만","2026-03-01 11:18:07.335"
"9177","양재대로49길","일반도로","국지도로","소로","6m미만","2026-03-01 11:18:07.335"
"9178","양재대로51길","일반도로","국지도로","소로","6m미만","2026-03-01 11:18:07.335"
"9179","양재대로53길","일반도로","국지도로","소로1류","폭10-12m","2026-03-01 11:18:07.335"
"9180","양재대로55길","일반도로","국지도로","중로1류","폭20-25m","2026-03-01 11:18:07.335"
"9181","양재대로60길","일반도로","국지도로","소로2류","폭8-10m","2026-03-01 11:18:07.339"
"9182","양재대로62길","일반도로","국지도로","소로1류","폭10-12m","2026-03-01 11:18:07.34"
"9183","양재대로64길","일반도로","국지도로","소로3류","폭6-8m","2026-03-01 11:18:07.34"
"9184","양재대로66길","일반도로","국지도로","소로2류","폭8-10m","2026-03-01 11:18:07.34"
"9185","양재대로68길","일반도로","국지도로","소로3류","폭6-8m","2026-03-01 11:18:07.34"
"9186","양재대로71길","일반도로","국지도로","소로3류","폭6-8m","2026-03-01 11:18:07.34"
"9187","양재대로72길","일반도로","국지도로","소로2류","폭8-10m","2026-03-01 11:18:07.34"
"9188","양재대로81길","일반도로","국지도로","소로1류","폭10-12m","2026-03-01 11:18:07.34"
"9189","양재대로83길","일반도로","국지도로","소로3류","폭6-8m","2026-03-01 11:18:07.34"
"9190","양재대로84길","일반도로","국지도로","중로1류","폭20-25m","2026-03-01 11:18:07.34"
"9191","양재대로85길","일반도로","국지도로","소로3류","폭6-8m","2026-03-01 11:18:07.345"
"9192","양재대로87길","일반도로","국지도로","소로","6m미만","2026-03-01 11:18:07.345"
"9193","양재대로89가길","일반도로","국지도로","소로3류","폭6-8m","2026-03-01 11:18:07.345"
"9194","양재대로89길","일반도로","국지도로","소로2류","폭8-10m","2026-03-01 11:18:07.345"
"9195","양재대로91가길","일반도로","국지도로","소로","6m미만","2026-03-01 11:18:07.345"
"9196","양재대로91길","일반도로","국지도로","소로3류","폭6-8m","2026-03-01 11:18:07.345"
"9197","양재대로91나길","일반도로","국지도로","소로","6m미만","2026-03-01 11:18:07.345"
"9198","양재대로95길","일반도로","국지도로","소로3류","폭6-8m","2026-03-01 11:18:07.345"
"9199","양재대로96길","일반도로","국지도로","소로2류","폭8-10m","2026-03-01 11:18:07.345"
"9200","양재대로97길","일반도로","국지도로","소로","6m미만","2026-03-01 11:18:07.345"
"9201","양재대로98길","일반도로","국지도로","소로","6m미만","2026-03-01 11:18:07.35"
"9202","양재대로99길","일반도로","국지도로","소로","6m미만","2026-03-01 11:18:07.35"
"9203","양재대로~헌릉로간연","일반도로","보조간선도로","대로3류","폭25-30m","2026-03-01 11:18:07.35"
"9204","양재지하도로","일반도로","국지도로","확인","불가","2026-03-01 11:18:07.35"
"9205","양재천동자전거길","일반도로","국지도로","중로1류","폭20-25m","2026-03-01 11:18:07.35"
"9206","양재천로","일반도로","국지도로","소로3류","폭6-8m","2026-03-01 11:18:07.35"
"9207","양재천로11길","일반도로","국지도로","소로2류","폭8-10m","2026-03-01 11:18:07.35"
"9208","양재천로13길","일반도로","국지도로","소로","6m미만","2026-03-01 11:18:07.35"
"9209","양재천로15길","일반도로","국지도로","소로","6m미만","2026-03-01 11:18:07.35"
"9210","양재천로17길","일반도로","국지도로","소로2류","폭8-10m","2026-03-01 11:18:07.35"
"9211","양재천로19길","일반도로","국지도로","소로3류","폭6-8m","2026-03-01 11:18:07.355"
"9212","양재천로21길","일반도로","국지도로","소로","6m미만","2026-03-01 11:18:07.355"
"9213","양재천로23길","일반도로","국지도로","소로1류","폭10-12m","2026-03-01 11:18:07.355"
"9214","양재천로29길","일반도로","국지도로","소로2류","폭8-10m","2026-03-01 11:18:07.355"
"9215","양재천로31길","일반도로","국지도로","소로","6m미만","2026-03-01 11:18:07.355"
"9216","양재천로3길","일반도로","국지도로","소로3류","폭6-8m","2026-03-01 11:18:07.355"
"9217","양재천로7길","일반도로","국지도로","소로3류","폭6-8m","2026-03-01 11:18:07.355"
"9218","양재천로9길","일반도로","국지도로","소로3류","폭6-8m","2026-03-01 11:18:07.355"
"9219","양재천서자전거길","일반도로","국지도로","소로1류","폭10-12m","2026-03-01 11:18:07.355"
"9220","양지10길","일반도로","국지도로","소로","6m미만","2026-03-01 11:18:07.355"
"9221","양지11길","일반도로","국지도로","소로","6m미만","2026-03-01 11:18:07.36"
"9222","양지12길","일반도로","국지도로","소로","6m미만","2026-03-01 11:18:07.36"
"9223","양지13길","일반도로","국지도로","소로","6m미만","2026-03-01 11:18:07.36"
"9224","양지14길","일반도로","국지도로","소로","6m미만","2026-03-01 11:18:07.36"
"9225","양지15길","일반도로","국지도로","소로","6m미만","2026-03-01 11:18:07.36"
"9226","양지16길","일반도로","국지도로","소로","6m미만","2026-03-01 11:18:07.36"
"9227","양지17길","일반도로","국지도로","소로","6m미만","2026-03-01 11:18:07.36"
"9228","양지1길","일반도로","국지도로","소로","6m미만","2026-03-01 11:18:07.36"
"9229","양지2길","일반도로","국지도로","소로","6m미만","2026-03-01 11:18:07.36"
"9230","양지3길","일반도로","국지도로","소로","6m미만","2026-03-01 11:18:07.36"
"9231","양지4길","일반도로","국지도로","소로","6m미만","2026-03-01 11:18:07.365"
"9232","양지5길","일반도로","국지도로","소로","6m미만","2026-03-01 11:18:07.365"
"9233","양지6길","일반도로","국지도로","소로","6m미만","2026-03-01 11:18:07.365"
"9234","양지7길","일반도로","국지도로","소로","6m미만","2026-03-01 11:18:07.365"
"9235","양지8길","일반도로","국지도로","소로","6m미만","2026-03-01 11:18:07.365"
"9236","양지9길","일반도로","국지도로","소로","6m미만","2026-03-01 11:18:07.365"
"9237","양지길","일반도로","국지도로","소로","6m미만","2026-03-01 11:18:07.365"
"9238","양천로","일반도로","국지도로","소로","6m미만","2026-03-01 11:18:07.365"
"9239","양천로10길","일반도로","국지도로","소로3류","폭6-8m","2026-03-01 11:18:07.365"
"9240","양천로11길","일반도로","국지도로","소로3류","폭6-8m","2026-03-01 11:18:07.365"
"9241","양천로13길","일반도로","국지도로","소로","6m미만","2026-03-01 11:18:07.37"
"9242","양천로14가길","일반도로","국지도로","소로","6m미만","2026-03-01 11:18:07.37"
"9243","양천로14길","일반도로","국지도로","소로3류","폭6-8m","2026-03-01 11:18:07.37"
"9244","양천로14나길","일반도로","국지도로","소로2류","폭8-10m","2026-03-01 11:18:07.37"
"9245","양천로16길","일반도로","국지도로","소로1류","폭10-12m","2026-03-01 11:18:07.37"
"9246","양천로17길","일반도로","국지도로","소로3류","폭6-8m","2026-03-01 11:18:07.37"
"9247","양천로18길","일반도로","국지도로","소로","6m미만","2026-03-01 11:18:07.37"
"9248","양천로1길","일반도로","국지도로","소로3류","폭6-8m","2026-03-01 11:18:07.37"
"9249","양천로20가길","일반도로","국지도로","소로","6m미만","2026-03-01 11:18:07.37"
"9250","양천로20길","일반도로","국지도로","소로","6m미만","2026-03-01 11:18:07.37"
"9251","양천로22길","일반도로","국지도로","소로","6m미만","2026-03-01 11:18:07.375"
"9252","양천로23길","일반도로","국지도로","소로1류","폭10-12m","2026-03-01 11:18:07.375"
"9253","양천로24가길","일반도로","국지도로","소로3류","폭6-8m","2026-03-01 11:18:07.375"
"9254","양천로24길","일반도로","국지도로","소로3류","폭6-8m","2026-03-01 11:18:07.375"
"9255","양천로26길","일반도로","국지도로","소로2류","폭8-10m","2026-03-01 11:18:07.375"
"9256","양천로27길","일반도로","국지도로","소로2류","폭8-10m","2026-03-01 11:18:07.375"
"9257","양천로28길","일반도로","국지도로","소로","6m미만","2026-03-01 11:18:07.375"
"9258","양천로30가길","일반도로","국지도로","소로","6m미만","2026-03-01 11:18:07.375"
"9259","양천로30길","일반도로","국지도로","소로3류","폭6-8m","2026-03-01 11:18:07.375"
"9260","양천로3길","일반도로","국지도로","소로","6m미만","2026-03-01 11:18:07.375"
"9261","양천로47가길","일반도로","국지도로","소로","6m미만","2026-03-01 11:18:07.38"
"9262","양천로47길","일반도로","국지도로","소로3류","폭6-8m","2026-03-01 11:18:07.38"
"9263","양천로47나길","일반도로","국지도로","소로","6m미만","2026-03-01 11:18:07.38"
"9264","양천로49길","일반도로","국지도로","소로","6m미만","2026-03-01 11:18:07.38"
"9265","양천로51길","일반도로","국지도로","소로","6m미만","2026-03-01 11:18:07.38"
"9266","양천로53길","일반도로","국지도로","소로1류","폭10-12m","2026-03-01 11:18:07.38"
"9267","양천로55길","일반도로","국지도로","대로3류","폭25-30m","2026-03-01 11:18:07.38"
"9268","양천로57길","일반도로","국지도로","중로2류","폭15-20m","2026-03-01 11:18:07.38"
"9269","양천로59길","일반도로","국지도로","중로1류","폭20-25m","2026-03-01 11:18:07.38"
"9270","양천로60길","일반도로","국지도로","소로1류","폭10-12m","2026-03-01 11:18:07.38"
"9271","양천로61길","일반도로","국지도로","중로2류","폭15-20m","2026-03-01 11:18:07.385"
"9272","양천로62길","일반도로","국지도로","소로","6m미만","2026-03-01 11:18:07.385"
"9273","양천로63길","일반도로","국지도로","소로2류","폭8-10m","2026-03-01 11:18:07.385"
"9274","양천로65길","일반도로","국지도로","소로2류","폭8-10m","2026-03-01 11:18:07.385"
"9275","양천로66길","일반도로","국지도로","소로3류","폭6-8m","2026-03-01 11:18:07.385"
"9276","양천로67가길","일반도로","국지도로","소로2류","폭8-10m","2026-03-01 11:18:07.385"
"9277","양천로67길","일반도로","국지도로","소로2류","폭8-10m","2026-03-01 11:18:07.385"
"9278","양천로69길","일반도로","국지도로","소로2류","폭8-10m","2026-03-01 11:18:07.385"
"9279","양천로6길","일반도로","국지도로","중로2류","폭15-20m","2026-03-01 11:18:07.385"
"9280","양천로71가길","일반도로","국지도로","소로2류","폭8-10m","2026-03-01 11:18:07.385"
"9281","양천로71길","일반도로","국지도로","소로2류","폭8-10m","2026-03-01 11:18:07.39"
"9282","양천로73가길","일반도로","국지도로","소로3류","폭6-8m","2026-03-01 11:18:07.39"
"9283","양천로73길","일반도로","국지도로","소로","6m미만","2026-03-01 11:18:07.39"
"9284","양천로75길","일반도로","국지도로","소로","6m미만","2026-03-01 11:18:07.39"
"9285","양천로77길","일반도로","국지도로","소로1류","폭10-12m","2026-03-01 11:18:07.39"
"9286","양천로7길","일반도로","국지도로","소로","6m미만","2026-03-01 11:18:07.39"
"9287","양평~노고산선","일반도로","주간선도로","대로1류","폭35-40m","2026-03-01 11:18:07.39"
"9288","양평~상도선","일반도로","보조간선도로","대로3류","폭25-30m","2026-03-01 11:18:07.39"
"9289","양평로","일반도로","국지도로","소로","6m미만","2026-03-01 11:18:07.39"
"9290","양평로12가길","일반도로","국지도로","소로","6m미만","2026-03-01 11:18:07.39"
"9291","양평로12길","일반도로","국지도로","소로1류","폭10-12m","2026-03-01 11:18:07.395"
"9292","양평로14길","일반도로","국지도로","소로","6m미만","2026-03-01 11:18:07.395"
"9293","양평로17길","일반도로","국지도로","소로3류","폭6-8m","2026-03-01 11:18:07.395"
"9294","양평로18길","일반도로","국지도로","소로","6m미만","2026-03-01 11:18:07.395"
"9295","양평로19길","일반도로","국지도로","소로3류","폭6-8m","2026-03-01 11:18:07.395"
"9296","양평로20길","일반도로","국지도로","소로","6m미만","2026-03-01 11:18:07.395"
"9297","양평로21가길","일반도로","국지도로","소로2류","폭8-10m","2026-03-01 11:18:07.395"
"9298","양평로21길","일반도로","국지도로","중로1류","폭20-25m","2026-03-01 11:18:07.395"
"9299","양평로21나길","일반도로","국지도로","소로2류","폭8-10m","2026-03-01 11:18:07.395"
"9300","양평로21다길","일반도로","국지도로","소로2류","폭8-10m","2026-03-01 11:18:07.395"
"9301","양평로22가길","일반도로","국지도로","소로3류","폭6-8m","2026-03-01 11:18:07.4"
"9302","양평로22길","일반도로","국지도로","소로2류","폭8-10m","2026-03-01 11:18:07.4"
"9303","양평로22나길","일반도로","국지도로","소로","6m미만","2026-03-01 11:18:07.4"
"9304","양평로22다길","일반도로","국지도로","소로","6m미만","2026-03-01 11:18:07.4"
"9305","양평로22라길","일반도로","국지도로","소로2류","폭8-10m","2026-03-01 11:18:07.4"
"9306","양평로22마길","일반도로","국지도로","소로3류","폭6-8m","2026-03-01 11:18:07.4"
"9307","양평로22바길","일반도로","국지도로","소로","6m미만","2026-03-01 11:18:07.4"
"9308","양평로22사길","일반도로","국지도로","소로2류","폭8-10m","2026-03-01 11:18:07.4"
"9309","양평로23길","일반도로","국지도로","소로3류","폭6-8m","2026-03-01 11:18:07.4"
"9310","양평로24길","일반도로","국지도로","소로2류","폭8-10m","2026-03-01 11:18:07.4"
"9311","양평로27길","일반도로","국지도로","중로2류","폭15-20m","2026-03-01 11:18:07.405"
"9312","양평로28가길","일반도로","국지도로","소로","6m미만","2026-03-01 11:18:07.405"
"9313","양평로28길","일반도로","국지도로","소로3류","폭6-8m","2026-03-01 11:18:07.405"
"9314","양평로28나길","일반도로","국지도로","소로","6m미만","2026-03-01 11:18:07.405"
"9315","양평로28다길","일반도로","국지도로","소로3류","폭6-8m","2026-03-01 11:18:07.405"
"9316","양평로28라길","일반도로","국지도로","소로3류","폭6-8m","2026-03-01 11:18:07.405"
"9317","양평로28마길","일반도로","국지도로","소로","6m미만","2026-03-01 11:18:07.405"
"9318","양평로28바길","일반도로","국지도로","소로","6m미만","2026-03-01 11:18:07.405"
"9319","양평로28사길","일반도로","국지도로","소로1류","폭10-12m","2026-03-01 11:18:07.405"
"9320","양평로28아길","일반도로","국지도로","소로","6m미만","2026-03-01 11:18:07.405"
"9321","양평로30가길","일반도로","국지도로","소로3류","폭6-8m","2026-03-01 11:18:07.41"
"9322","양평로30길","일반도로","국지도로","소로2류","폭8-10m","2026-03-01 11:18:07.41"
"9323","양평로30나길","일반도로","국지도로","소로","6m미만","2026-03-01 11:18:07.41"
"9324","양화로","일반도로","국지도로","소로3류","폭6-8m","2026-03-01 11:18:07.41"
"9325","양화로10길","일반도로","국지도로","소로","6m미만","2026-03-01 11:18:07.41"
"9326","양화로11길","일반도로","국지도로","소로2류","폭8-10m","2026-03-01 11:18:07.41"
"9327","양화로12길","일반도로","국지도로","소로3류","폭6-8m","2026-03-01 11:18:07.41"
"9328","양화로15길","일반도로","국지도로","소로3류","폭6-8m","2026-03-01 11:18:07.41"
"9329","양화로15안길","일반도로","국지도로","소로","6m미만","2026-03-01 11:18:07.41"
"9330","양화로16길","일반도로","국지도로","소로3류","폭6-8m","2026-03-01 11:18:07.41"
"9331","양화로18길","일반도로","국지도로","중로1류","폭20-25m","2026-03-01 11:18:07.415"
"9332","양화로18안길","일반도로","국지도로","소로","6m미만","2026-03-01 11:18:07.415"
"9333","양화로19길","일반도로","국지도로","소로","6m미만","2026-03-01 11:18:07.415"
"9334","양화로1길","일반도로","국지도로","소로","6m미만","2026-03-01 11:18:07.415"
"9335","양화로21길","일반도로","국지도로","소로2류","폭8-10m","2026-03-01 11:18:07.415"
"9336","양화로23길","일반도로","국지도로","소로","6m미만","2026-03-01 11:18:07.415"
"9337","양화로3길","일반도로","국지도로","소로2류","폭8-10m","2026-03-01 11:18:07.415"
"9338","양화로6길","일반도로","국지도로","소로3류","폭6-8m","2026-03-01 11:18:07.415"
"9339","양화로7길","일반도로","국지도로","소로","6m미만","2026-03-01 11:18:07.415"
"9340","양화로7안길","일반도로","국지도로","소로","6m미만","2026-03-01 11:18:07.415"
"9341","양화로8길","일반도로","국지도로","소로","6m미만","2026-03-01 11:18:07.42"
"9342","양화진2길","일반도로","국지도로","소로","6m미만","2026-03-01 11:18:07.42"
"9343","양화진4길","일반도로","국지도로","소로","6m미만","2026-03-01 11:18:07.42"
"9344","양화진길","일반도로","국지도로","소로","6m미만","2026-03-01 11:18:07.42"
"9345","어울마당로","일반도로","국지도로","소로3류","폭6-8m","2026-03-01 11:18:07.42"
"9346","어울마당로1길","일반도로","국지도로","소로","6m미만","2026-03-01 11:18:07.42"
"9347","어울마당로2길","일반도로","국지도로","소로","6m미만","2026-03-01 11:18:07.42"
"9348","어울마당로3길","일반도로","국지도로","소로","6m미만","2026-03-01 11:18:07.42"
"9349","어울마당로5길","일반도로","국지도로","소로3류","폭6-8m","2026-03-01 11:18:07.42"
"9350","언남10길","일반도로","국지도로","소로","6m미만","2026-03-01 11:18:07.42"
"9351","언남11길","일반도로","국지도로","소로3류","폭6-8m","2026-03-01 11:18:07.425"
"9352","언남12길","일반도로","국지도로","소로","6m미만","2026-03-01 11:18:07.425"
"9353","언남14길","일반도로","국지도로","소로3류","폭6-8m","2026-03-01 11:18:07.425"
"9354","언남16길","일반도로","국지도로","소로3류","폭6-8m","2026-03-01 11:18:07.425"
"9355","언남17길","일반도로","국지도로","소로3류","폭6-8m","2026-03-01 11:18:07.425"
"9356","언남18길","일반도로","국지도로","소로3류","폭6-8m","2026-03-01 11:18:07.425"
"9357","언남19길","일반도로","국지도로","소로3류","폭6-8m","2026-03-01 11:18:07.425"
"9358","언남1길","일반도로","국지도로","소로","6m미만","2026-03-01 11:18:07.425"
"9359","언남20길","일반도로","국지도로","소로3류","폭6-8m","2026-03-01 11:18:07.425"
"9360","언남3길","일반도로","국지도로","소로3류","폭6-8m","2026-03-01 11:18:07.425"
"9361","언남5길","일반도로","국지도로","소로3류","폭6-8m","2026-03-01 11:18:07.43"
"9362","언남7길","일반도로","국지도로","소로3류","폭6-8m","2026-03-01 11:18:07.43"
"9363","언남9길","일반도로","국지도로","소로3류","폭6-8m","2026-03-01 11:18:07.43"
"9364","언남길","일반도로","국지도로","소로2류","폭8-10m","2026-03-01 11:18:07.43"
"9365","언주로","일반도로","국지도로","소로","6m미만","2026-03-01 11:18:07.43"
"9366","언주로100길","일반도로","국지도로","소로","6m미만","2026-03-01 11:18:07.43"
"9367","언주로103길","일반도로","국지도로","소로","6m미만","2026-03-01 11:18:07.43"
"9368","언주로104길","일반도로","국지도로","소로","6m미만","2026-03-01 11:18:07.43"
"9369","언주로106길","일반도로","국지도로","소로","6m미만","2026-03-01 11:18:07.43"
"9370","언주로107길","일반도로","국지도로","소로3류","폭6-8m","2026-03-01 11:18:07.43"
"9371","언주로108길","일반도로","국지도로","소로","6m미만","2026-03-01 11:18:07.435"
"9372","언주로113길","일반도로","국지도로","소로3류","폭6-8m","2026-03-01 11:18:07.435"
"9373","언주로114길","일반도로","국지도로","소로3류","폭6-8m","2026-03-01 11:18:07.435"
"9374","언주로115길","일반도로","국지도로","소로2류","폭8-10m","2026-03-01 11:18:07.435"
"9375","언주로116길","일반도로","국지도로","소로3류","폭6-8m","2026-03-01 11:18:07.435"
"9376","언주로121길","일반도로","국지도로","소로","6m미만","2026-03-01 11:18:07.435"
"9377","언주로122길","일반도로","국지도로","소로","6m미만","2026-03-01 11:18:07.435"
"9378","언주로124길","일반도로","국지도로","소로3류","폭6-8m","2026-03-01 11:18:07.435"
"9379","언주로125길","일반도로","국지도로","소로3류","폭6-8m","2026-03-01 11:18:07.435"
"9380","언주로126길","일반도로","국지도로","소로3류","폭6-8m","2026-03-01 11:18:07.435"
"9381","언주로129길","일반도로","국지도로","소로1류","폭10-12m","2026-03-01 11:18:07.44"
"9382","언주로130길","일반도로","국지도로","중로2류","폭15-20m","2026-03-01 11:18:07.44"
"9383","언주로133길","일반도로","국지도로","소로3류","폭6-8m","2026-03-01 11:18:07.44"
"9384","언주로134길","일반도로","국지도로","소로2류","폭8-10m","2026-03-01 11:18:07.44"
"9385","언주로135길","일반도로","국지도로","소로3류","폭6-8m","2026-03-01 11:18:07.44"
"9386","언주로136길","일반도로","국지도로","소로","6m미만","2026-03-01 11:18:07.44"
"9387","언주로138길","일반도로","국지도로","소로","6m미만","2026-03-01 11:18:07.44"
"9388","언주로140길","일반도로","국지도로","소로3류","폭6-8m","2026-03-01 11:18:07.44"
"9389","언주로141길","일반도로","국지도로","소로","6m미만","2026-03-01 11:18:07.44"
"9390","언주로146길","일반도로","국지도로","소로2류","폭8-10m","2026-03-01 11:18:07.44"
"9391","언주로147길","일반도로","국지도로","소로","6m미만","2026-03-01 11:18:07.445"
"9392","언주로148길","일반도로","국지도로","소로3류","폭6-8m","2026-03-01 11:18:07.445"
"9393","언주로149길","일반도로","국지도로","소로","6m미만","2026-03-01 11:18:07.445"
"9394","언주로150길","일반도로","국지도로","소로","6m미만","2026-03-01 11:18:07.445"
"9395","언주로151길","일반도로","국지도로","소로","6m미만","2026-03-01 11:18:07.445"
"9396","언주로152길","일반도로","국지도로","소로","6m미만","2026-03-01 11:18:07.445"
"9397","언주로153길","일반도로","국지도로","소로3류","폭6-8m","2026-03-01 11:18:07.445"
"9398","언주로154길","일반도로","국지도로","소로1류","폭10-12m","2026-03-01 11:18:07.445"
"9399","언주로157길","일반도로","국지도로","소로","6m미만","2026-03-01 11:18:07.445"
"9400","언주로159길","일반도로","국지도로","소로","6m미만","2026-03-01 11:18:07.445"
"9401","언주로160길","일반도로","국지도로","소로2류","폭8-10m","2026-03-01 11:18:07.45"
"9402","언주로164길","일반도로","국지도로","소로","6m미만","2026-03-01 11:18:07.45"
"9403","언주로165길","일반도로","국지도로","소로","6m미만","2026-03-01 11:18:07.45"
"9404","언주로167길","일반도로","국지도로","소로3류","폭6-8m","2026-03-01 11:18:07.45"
"9405","언주로168길","일반도로","국지도로","소로","6m미만","2026-03-01 11:18:07.45"
"9406","언주로170길","일반도로","국지도로","소로","6m미만","2026-03-01 11:18:07.45"
"9407","언주로171길","일반도로","국지도로","소로1류","폭10-12m","2026-03-01 11:18:07.45"
"9408","언주로172길","일반도로","국지도로","소로3류","폭6-8m","2026-03-01 11:18:07.45"
"9409","언주로173길","일반도로","국지도로","소로3류","폭6-8m","2026-03-01 11:18:07.45"
"9410","언주로174길","일반도로","국지도로","소로","6m미만","2026-03-01 11:18:07.45"
"9411","언주로30길","일반도로","국지도로","중로1류","폭20-25m","2026-03-01 11:18:07.455"
"9412","언주로57길","일반도로","국지도로","소로2류","폭8-10m","2026-03-01 11:18:07.455"
"9413","언주로63길","일반도로","국지도로","소로3류","폭6-8m","2026-03-01 11:18:07.455"
"9414","언주로65길","일반도로","국지도로","소로3류","폭6-8m","2026-03-01 11:18:07.455"
"9415","언주로66길","일반도로","국지도로","중로2류","폭15-20m","2026-03-01 11:18:07.455"
"9416","언주로67길","일반도로","국지도로","소로","6m미만","2026-03-01 11:18:07.455"
"9417","언주로69길","일반도로","국지도로","소로","6m미만","2026-03-01 11:18:07.455"
"9418","언주로6길","일반도로","국지도로","소로","6m미만","2026-03-01 11:18:07.455"
"9419","언주로70길","일반도로","국지도로","소로1류","폭10-12m","2026-03-01 11:18:07.455"
"9420","언주로71길","일반도로","국지도로","소로","6m미만","2026-03-01 11:18:07.455"
"9421","언주로75길","일반도로","국지도로","소로2류","폭8-10m","2026-03-01 11:18:07.46"
"9422","언주로79길","일반도로","국지도로","소로","6m미만","2026-03-01 11:18:07.46"
"9423","언주로7길","일반도로","국지도로","대로2류","폭30-35m","2026-03-01 11:18:07.46"
"9424","언주로81길","일반도로","국지도로","소로","6m미만","2026-03-01 11:18:07.46"
"9425","언주로85길","일반도로","국지도로","소로2류","폭8-10m","2026-03-01 11:18:07.46"
"9426","언주로86길","일반도로","국지도로","중로2류","폭15-20m","2026-03-01 11:18:07.46"
"9427","언주로87길","일반도로","국지도로","소로","6m미만","2026-03-01 11:18:07.46"
"9428","언주로89길","일반도로","국지도로","소로","6m미만","2026-03-01 11:18:07.46"
"9429","언주로8길","일반도로","국지도로","중로1류","폭20-25m","2026-03-01 11:18:07.46"
"9430","언주로90길","일반도로","국지도로","소로","6m미만","2026-03-01 11:18:07.46"
"9431","언주로93길","일반도로","국지도로","소로3류","폭6-8m","2026-03-01 11:18:07.465"
"9432","언주로94길","일반도로","국지도로","소로2류","폭8-10m","2026-03-01 11:18:07.465"
"9433","언주로97길","일반도로","국지도로","소로","6m미만","2026-03-01 11:18:07.465"
"9434","언주로98길","일반도로","국지도로","소로","6m미만","2026-03-01 11:18:07.465"
"9435","언주로99길","일반도로","국지도로","소로","6m미만","2026-03-01 11:18:07.465"
"9436","여의공원로","일반도로","국지도로","중로1류","폭20-25m","2026-03-01 11:18:07.465"
"9437","여의교지하도로","일반도로","국지도로","확인","불가","2026-03-01 11:18:07.465"
"9438","여의나루로","일반도로","국지도로","중로1류","폭20-25m","2026-03-01 11:18:07.465"
"9439","여의나루로2길","일반도로","국지도로","중로2류","폭15-20m","2026-03-01 11:18:07.465"
"9440","여의나루로4길","일반도로","국지도로","중로1류","폭20-25m","2026-03-01 11:18:07.465"
"9441","여의나루로6길","일반도로","국지도로","중로2류","폭15-20m","2026-03-01 11:18:07.47"
"9442","여의대로","일반도로","국지도로","대로3류","폭25-30m","2026-03-01 11:18:07.47"
"9443","여의대로2길","일반도로","국지도로","중로1류","폭20-25m","2026-03-01 11:18:07.47"
"9444","여의대로4길","일반도로","국지도로","중로2류","폭15-20m","2026-03-01 11:18:07.47"
"9445","여의대로6길","일반도로","국지도로","대로3류","폭25-30m","2026-03-01 11:18:07.47"
"9446","여의대방로","일반도로","국지도로","소로","6m미만","2026-03-01 11:18:07.47"
"9447","여의대방로10가길","일반도로","국지도로","소로3류","폭6-8m","2026-03-01 11:18:07.47"
"9448","여의대방로10길","일반도로","국지도로","중로1류","폭20-25m","2026-03-01 11:18:07.47"
"9449","여의대방로13길","일반도로","국지도로","소로","6m미만","2026-03-01 11:18:07.47"
"9450","여의대방로15길","일반도로","국지도로","소로","6m미만","2026-03-01 11:18:07.47"
"9451","여의대방로16길","일반도로","국지도로","소로3류","폭6-8m","2026-03-01 11:18:07.475"
"9452","여의대방로17길","일반도로","국지도로","소로","6m미만","2026-03-01 11:18:07.475"
"9453","여의대방로19길","일반도로","국지도로","소로","6m미만","2026-03-01 11:18:07.475"
"9454","여의대방로1길","일반도로","국지도로","소로","6m미만","2026-03-01 11:18:07.475"
"9455","여의대방로20길","일반도로","국지도로","중로1류","폭20-25m","2026-03-01 11:18:07.475"
"9456","여의대방로20라길","일반도로","국지도로","소로3류","폭6-8m","2026-03-01 11:18:07.475"
"9457","여의대방로21길","일반도로","국지도로","소로","6m미만","2026-03-01 11:18:07.475"
"9458","여의대방로22가길","일반도로","국지도로","소로","6m미만","2026-03-01 11:18:07.475"
"9459","여의대방로22길","일반도로","국지도로","소로2류","폭8-10m","2026-03-01 11:18:07.475"
"9460","여의대방로22나길","일반도로","국지도로","소로","6m미만","2026-03-01 11:18:07.475"
"9461","여의대방로22다길","일반도로","국지도로","소로","6m미만","2026-03-01 11:18:07.48"
"9462","여의대방로22라길","일반도로","국지도로","소로","6m미만","2026-03-01 11:18:07.48"
"9463","여의대방로22마길","일반도로","국지도로","소로","6m미만","2026-03-01 11:18:07.48"
"9464","여의대방로22바길","일반도로","국지도로","소로","6m미만","2026-03-01 11:18:07.48"
"9465","여의대방로22사길","일반도로","국지도로","소로","6m미만","2026-03-01 11:18:07.48"
"9466","여의대방로22아길","일반도로","국지도로","소로","6m미만","2026-03-01 11:18:07.48"
"9467","여의대방로22자길","일반도로","국지도로","소로","6m미만","2026-03-01 11:18:07.48"
"9468","여의대방로22차길","일반도로","국지도로","소로","6m미만","2026-03-01 11:18:07.48"
"9469","여의대방로22카길","일반도로","국지도로","소로","6m미만","2026-03-01 11:18:07.48"
"9470","여의대방로23길","일반도로","국지도로","소로","6m미만","2026-03-01 11:18:07.481"
"9471","여의대방로24가길","일반도로","국지도로","소로3류","폭6-8m","2026-03-01 11:18:07.486"
"9472","여의대방로24길","일반도로","국지도로","소로1류","폭10-12m","2026-03-01 11:18:07.486"
"9473","여의대방로24나길","일반도로","국지도로","소로","6m미만","2026-03-01 11:18:07.486"
"9474","여의대방로24다길","일반도로","국지도로","소로","6m미만","2026-03-01 11:18:07.486"
"9475","여의대방로24라길","일반도로","국지도로","소로3류","폭6-8m","2026-03-01 11:18:07.486"
"9476","여의대방로24마길","일반도로","국지도로","소로","6m미만","2026-03-01 11:18:07.486"
"9477","여의대방로24바길","일반도로","국지도로","소로3류","폭6-8m","2026-03-01 11:18:07.486"
"9478","여의대방로24사길","일반도로","국지도로","소로2류","폭8-10m","2026-03-01 11:18:07.486"
"9479","여의대방로24아길","일반도로","국지도로","소로2류","폭8-10m","2026-03-01 11:18:07.486"
"9480","여의대방로24차길","일반도로","국지도로","소로","6m미만","2026-03-01 11:18:07.486"
"9481","여의대방로26길","일반도로","국지도로","소로3류","폭6-8m","2026-03-01 11:18:07.491"
"9482","여의대방로27길","일반도로","국지도로","소로3류","폭6-8m","2026-03-01 11:18:07.491"
"9483","여의대방로28길","일반도로","국지도로","소로","6m미만","2026-03-01 11:18:07.491"
"9484","여의대방로29길","일반도로","국지도로","소로","6m미만","2026-03-01 11:18:07.491"
"9485","여의대방로2길","일반도로","국지도로","소로","6m미만","2026-03-01 11:18:07.491"
"9486","여의대방로31길","일반도로","국지도로","소로3류","폭6-8m","2026-03-01 11:18:07.491"
"9487","여의대방로35가길","일반도로","국지도로","중로1류","폭20-25m","2026-03-01 11:18:07.491"
"9488","여의대방로35길","일반도로","국지도로","소로3류","폭6-8m","2026-03-01 11:18:07.491"
"9489","여의대방로36길","일반도로","국지도로","소로","6m미만","2026-03-01 11:18:07.491"
"9490","여의대방로39길","일반도로","국지도로","중로1류","폭20-25m","2026-03-01 11:18:07.491"
"9491","여의대방로3길","일반도로","국지도로","소로3류","폭6-8m","2026-03-01 11:18:07.496"
"9492","여의대방로43가길","일반도로","국지도로","소로3류","폭6-8m","2026-03-01 11:18:07.496"
"9493","여의대방로43길","일반도로","국지도로","소로3류","폭6-8m","2026-03-01 11:18:07.496"
"9494","여의대방로43나길","일반도로","국지도로","중로2류","폭15-20m","2026-03-01 11:18:07.496"
"9495","여의대방로43다길","일반도로","국지도로","소로","6m미만","2026-03-01 11:18:07.496"
"9496","여의대방로43라길","일반도로","국지도로","중로1류","폭20-25m","2026-03-01 11:18:07.496"
"9497","여의대방로44길","일반도로","국지도로","중로1류","폭20-25m","2026-03-01 11:18:07.496"
"9498","여의대방로45길","일반도로","국지도로","소로","6m미만","2026-03-01 11:18:07.496"
"9499","여의대방로46길","일반도로","국지도로","소로3류","폭6-8m","2026-03-01 11:18:07.496"
"9500","여의대방로47가길","일반도로","국지도로","소로","6m미만","2026-03-01 11:18:07.496"
"9501","여의대방로47길","일반도로","국지도로","소로","6m미만","2026-03-01 11:18:07.501"
"9502","여의대방로47나길","일반도로","국지도로","소로","6m미만","2026-03-01 11:18:07.501"
"9503","여의대방로47다길","일반도로","국지도로","소로","6m미만","2026-03-01 11:18:07.501"
"9504","여의대방로47라길","일반도로","국지도로","소로","6m미만","2026-03-01 11:18:07.501"
"9505","여의대방로49길","일반도로","국지도로","소로","6m미만","2026-03-01 11:18:07.501"
"9506","여의대방로51길","일반도로","국지도로","소로2류","폭8-10m","2026-03-01 11:18:07.501"
"9507","여의대방로53가길","일반도로","국지도로","소로","6m미만","2026-03-01 11:18:07.501"
"9508","여의대방로53길","일반도로","국지도로","소로2류","폭8-10m","2026-03-01 11:18:07.501"
"9509","여의대방로53나길","일반도로","국지도로","소로","6m미만","2026-03-01 11:18:07.501"
"9510","여의대방로54길","일반도로","국지도로","소로3류","폭6-8m","2026-03-01 11:18:07.501"
"9511","여의대방로55길","일반도로","국지도로","소로3류","폭6-8m","2026-03-01 11:18:07.506"
"9512","여의대방로59가길","일반도로","국지도로","소로","6m미만","2026-03-01 11:18:07.506"
"9513","여의대방로59길","일반도로","국지도로","소로","6m미만","2026-03-01 11:18:07.506"
"9514","여의대방로59나길","일반도로","국지도로","소로","6m미만","2026-03-01 11:18:07.506"
"9515","여의대방로5길","일반도로","국지도로","소로3류","폭6-8m","2026-03-01 11:18:07.506"
"9516","여의대방로61길","일반도로","국지도로","소로","6m미만","2026-03-01 11:18:07.506"
"9517","여의대방로62길","일반도로","국지도로","소로","6m미만","2026-03-01 11:18:07.506"
"9518","여의대방로65길","일반도로","국지도로","중로1류","폭20-25m","2026-03-01 11:18:07.506"
"9519","여의대방로67길","일반도로","국지도로","소로1류","폭10-12m","2026-03-01 11:18:07.506"
"9520","여의대방로68길","일반도로","국지도로","소로3류","폭6-8m","2026-03-01 11:18:07.506"
"9521","여의대방로69길","일반도로","국지도로","중로2류","폭15-20m","2026-03-01 11:18:07.511"
"9522","여의대방로70길","일반도로","국지도로","소로3류","폭6-8m","2026-03-01 11:18:07.511"
"9523","여의대방로7길","일반도로","국지도로","소로2류","폭8-10m","2026-03-01 11:18:07.511"
"9524","여의대방로9가길","일반도로","국지도로","소로","6m미만","2026-03-01 11:18:07.511"
"9525","여의대방로9길","일반도로","국지도로","소로","6m미만","2026-03-01 11:18:07.511"
"9526","여의도둔치선","일반도로","보조간선도로","중로1류","폭20-25m","2026-03-01 11:18:07.511"
"9527","여의도선","일반도로","보조간선도로","대로3류","폭25-30m","2026-03-01 11:18:07.511"
"9528","여의동로","일반도로","국지도로","중로2류","폭15-20m","2026-03-01 11:18:07.511"
"9529","여의동로1길","일반도로","국지도로","중로1류","폭20-25m","2026-03-01 11:18:07.511"
"9530","여의동로3길","일반도로","국지도로","중로1류","폭20-25m","2026-03-01 11:18:07.511"
"9531","여의동로7길","일반도로","국지도로","소로1류","폭10-12m","2026-03-01 11:18:07.516"
"9532","여의서로","일반도로","국지도로","확인","불가","2026-03-01 11:18:07.516"
"9533","여의서로1길","일반도로","국지도로","중로1류","폭20-25m","2026-03-01 11:18:07.516"
"9534","여의천동자전거길","일반도로","국지도로","소로","6m미만","2026-03-01 11:18:07.516"
"9535","역말로","일반도로","국지도로","소로","6m미만","2026-03-01 11:18:07.516"
"9536","역말로10길","일반도로","국지도로","소로","6m미만","2026-03-01 11:18:07.516"
"9537","역말로2길","일반도로","국지도로","소로","6m미만","2026-03-01 11:18:07.516"
"9538","역말로4길","일반도로","국지도로","소로","6m미만","2026-03-01 11:18:07.516"
"9539","역말로6길","일반도로","국지도로","소로","6m미만","2026-03-01 11:18:07.516"
"9540","역말로7길","일반도로","국지도로","소로","6m미만","2026-03-01 11:18:07.516"
"9541","역말로8길","일반도로","국지도로","소로","6m미만","2026-03-01 11:18:07.521"
"9542","역말로9가길","일반도로","국지도로","소로","6m미만","2026-03-01 11:18:07.521"
"9543","역말로9길","일반도로","국지도로","소로","6m미만","2026-03-01 11:18:07.521"
"9544","역삼로","일반도로","국지도로","소로","6m미만","2026-03-01 11:18:07.521"
"9545","역삼로103길","일반도로","국지도로","소로2류","폭8-10m","2026-03-01 11:18:07.521"
"9546","역삼로107길","일반도로","국지도로","중로2류","폭15-20m","2026-03-01 11:18:07.521"
"9547","역삼로10길","일반도로","국지도로","소로","6m미만","2026-03-01 11:18:07.521"
"9548","역삼로11길","일반도로","국지도로","소로","6m미만","2026-03-01 11:18:07.521"
"9549","역삼로12길","일반도로","국지도로","소로","6m미만","2026-03-01 11:18:07.521"
"9550","역삼로14길","일반도로","국지도로","소로","6m미만","2026-03-01 11:18:07.521"
"9551","역삼로15길","일반도로","국지도로","소로","6m미만","2026-03-01 11:18:07.525"
"9552","역삼로17길","일반도로","국지도로","소로","6m미만","2026-03-01 11:18:07.525"
"9553","역삼로18길","일반도로","국지도로","소로","6m미만","2026-03-01 11:18:07.525"
"9554","역삼로19길","일반도로","국지도로","소로3류","폭6-8m","2026-03-01 11:18:07.525"
"9555","역삼로1길","일반도로","국지도로","소로","6m미만","2026-03-01 11:18:07.525"
"9556","역삼로20길","일반도로","국지도로","소로","6m미만","2026-03-01 11:18:07.525"
"9557","역삼로23길","일반도로","국지도로","소로","6m미만","2026-03-01 11:18:07.525"
"9558","역삼로25길","일반도로","국지도로","소로","6m미만","2026-03-01 11:18:07.525"
"9559","역삼로26길","일반도로","국지도로","소로3류","폭6-8m","2026-03-01 11:18:07.525"
"9560","역삼로2길","일반도로","국지도로","소로","6m미만","2026-03-01 11:18:07.525"
"9561","역삼로33길","일반도로","국지도로","소로","6m미만","2026-03-01 11:18:07.53"
"9562","역삼로34길","일반도로","국지도로","소로3류","폭6-8m","2026-03-01 11:18:07.53"
"9563","역삼로37길","일반도로","국지도로","소로3류","폭6-8m","2026-03-01 11:18:07.53"
"9564","역삼로38길","일반도로","국지도로","소로3류","폭6-8m","2026-03-01 11:18:07.53"
"9565","역삼로3길","일반도로","국지도로","소로","6m미만","2026-03-01 11:18:07.53"
"9566","역삼로4길","일반도로","국지도로","소로1류","폭10-12m","2026-03-01 11:18:07.53"
"9567","역삼로52길","일반도로","국지도로","소로2류","폭8-10m","2026-03-01 11:18:07.53"
"9568","역삼로5길","일반도로","국지도로","소로","6m미만","2026-03-01 11:18:07.53"
"9569","역삼로63길","일반도로","국지도로","소로3류","폭6-8m","2026-03-01 11:18:07.53"
"9570","역삼로64길","일반도로","국지도로","소로3류","폭6-8m","2026-03-01 11:18:07.53"
"9571","역삼로65길","일반도로","국지도로","소로","6m미만","2026-03-01 11:18:07.535"
"9572","역삼로67길","일반도로","국지도로","소로","6m미만","2026-03-01 11:18:07.535"
"9573","역삼로69길","일반도로","국지도로","소로","6m미만","2026-03-01 11:18:07.535"
"9574","역삼로70길","일반도로","국지도로","소로","6m미만","2026-03-01 11:18:07.535"
"9575","역삼로71길","일반도로","국지도로","소로","6m미만","2026-03-01 11:18:07.535"
"9576","역삼로73길","일반도로","국지도로","소로","6m미만","2026-03-01 11:18:07.536"
"9577","역삼로74길","일반도로","국지도로","소로","6m미만","2026-03-01 11:18:07.536"
"9578","역삼로77길","일반도로","국지도로","소로2류","폭8-10m","2026-03-01 11:18:07.536"
"9579","역삼로78길","일반도로","국지도로","소로3류","폭6-8m","2026-03-01 11:18:07.536"
"9580","역삼로7길","일반도로","국지도로","소로1류","폭10-12m","2026-03-01 11:18:07.536"
"9581","역삼로81길","일반도로","국지도로","소로3류","폭6-8m","2026-03-01 11:18:07.54"
"9582","역삼로83길","일반도로","국지도로","소로","6m미만","2026-03-01 11:18:07.54"
"9583","역삼로84길","일반도로","국지도로","소로","6m미만","2026-03-01 11:18:07.54"
"9584","역삼로87길","일반도로","국지도로","소로3류","폭6-8m","2026-03-01 11:18:07.54"
"9585","역삼로88길","일반도로","국지도로","소로","6m미만","2026-03-01 11:18:07.54"
"9586","역삼로8길","일반도로","국지도로","중로1류","폭20-25m","2026-03-01 11:18:07.54"
"9587","역삼로90길","일반도로","국지도로","소로","6m미만","2026-03-01 11:18:07.54"
"9588","역삼로92길","일반도로","국지도로","소로","6m미만","2026-03-01 11:18:07.54"
"9589","역삼로97길","일반도로","국지도로","소로2류","폭8-10m","2026-03-01 11:18:07.54"
"9590","역삼로98길","일반도로","국지도로","소로3류","폭6-8m","2026-03-01 11:18:07.54"
"9591","역삼로9길","일반도로","국지도로","소로","6m미만","2026-03-01 11:18:07.545"
"9592","역촌~녹번선","일반도로","보조간선도로","대로3류","폭25-30m","2026-03-01 11:18:07.545"
"9593","역촌~대조선","일반도로","보조간선도로","대로2류","폭30-35m","2026-03-01 11:18:07.545"
"9594","연남로","일반도로","국지도로","소로3류","폭6-8m","2026-03-01 11:18:07.545"
"9595","연남로11길","일반도로","국지도로","소로","6m미만","2026-03-01 11:18:07.545"
"9596","연남로13길","일반도로","국지도로","소로2류","폭8-10m","2026-03-01 11:18:07.545"
"9597","연남로1길","일반도로","국지도로","소로","6m미만","2026-03-01 11:18:07.545"
"9598","연남로3길","일반도로","국지도로","소로","6m미만","2026-03-01 11:18:07.545"
"9599","연남로5길","일반도로","국지도로","소로","6m미만","2026-03-01 11:18:07.545"
"9600","연남로7길","일반도로","국지도로","소로","6m미만","2026-03-01 11:18:07.545"
"9601","연남로9길","일반도로","국지도로","소로","6m미만","2026-03-01 11:18:07.55"
"9602","연대동문1길","일반도로","국지도로","소로","6m미만","2026-03-01 11:18:07.55"
"9603","연대동문길","일반도로","국지도로","소로","6m미만","2026-03-01 11:18:07.55"
"9604","연동로","일반도로","국지도로","중로2류","폭15-20m","2026-03-01 11:18:07.55"
"9605","연동로11길","일반도로","국지도로","소로2류","폭8-10m","2026-03-01 11:18:07.55"
"9606","연동로12길","일반도로","국지도로","소로","6m미만","2026-03-01 11:18:07.55"
"9607","연동로13길","일반도로","국지도로","소로2류","폭8-10m","2026-03-01 11:18:07.55"
"9608","연동로8길","일반도로","국지도로","소로3류","폭6-8m","2026-03-01 11:18:07.55"
"9609","연무장11길","일반도로","국지도로","소로2류","폭8-10m","2026-03-01 11:18:07.55"
"9610","연무장13길","일반도로","국지도로","소로2류","폭8-10m","2026-03-01 11:18:07.55"
"9611","연무장15길","일반도로","국지도로","소로1류","폭10-12m","2026-03-01 11:18:07.555"
"9612","연무장17길","일반도로","국지도로","소로2류","폭8-10m","2026-03-01 11:18:07.555"
"9613","연무장18길","일반도로","국지도로","소로","6m미만","2026-03-01 11:18:07.555"
"9614","연무장19길","일반도로","국지도로","소로3류","폭6-8m","2026-03-01 11:18:07.555"
"9615","연무장1길","일반도로","국지도로","소로","6m미만","2026-03-01 11:18:07.555"
"9616","연무장3길","일반도로","국지도로","소로","6m미만","2026-03-01 11:18:07.555"
"9617","연무장5가길","일반도로","국지도로","소로3류","폭6-8m","2026-03-01 11:18:07.555"
"9618","연무장5길","일반도로","국지도로","소로","6m미만","2026-03-01 11:18:07.555"
"9619","연무장7가길","일반도로","국지도로","소로","6m미만","2026-03-01 11:18:07.555"
"9620","연무장7길","일반도로","국지도로","소로2류","폭8-10m","2026-03-01 11:18:07.555"
"9621","연무장9길","일반도로","국지도로","소로3류","폭6-8m","2026-03-01 11:18:07.561"
"9622","연무장길","일반도로","국지도로","소로","6m미만","2026-03-01 11:18:07.561"
"9623","연서로","일반도로","국지도로","소로","6m미만","2026-03-01 11:18:07.561"
"9624","연서로10길","일반도로","국지도로","소로","6m미만","2026-03-01 11:18:07.561"
"9625","연서로11길","일반도로","국지도로","소로","6m미만","2026-03-01 11:18:07.561"
"9626","연서로13길","일반도로","국지도로","소로3류","폭6-8m","2026-03-01 11:18:07.561"
"9627","연서로14길","일반도로","국지도로","소로","6m미만","2026-03-01 11:18:07.561"
"9628","연서로15길","일반도로","국지도로","소로","6m미만","2026-03-01 11:18:07.561"
"9629","연서로16길","일반도로","국지도로","소로","6m미만","2026-03-01 11:18:07.561"
"9630","연서로17길","일반도로","국지도로","소로3류","폭6-8m","2026-03-01 11:18:07.561"
"9631","연서로18가길","일반도로","국지도로","소로","6m미만","2026-03-01 11:18:07.565"
"9632","연서로18길","일반도로","국지도로","소로","6m미만","2026-03-01 11:18:07.565"
"9633","연서로19길","일반도로","국지도로","소로","6m미만","2026-03-01 11:18:07.565"
"9634","연서로20길","일반도로","국지도로","소로","6m미만","2026-03-01 11:18:07.565"
"9635","연서로21길","일반도로","국지도로","소로","6m미만","2026-03-01 11:18:07.565"
"9636","연서로22길","일반도로","국지도로","소로","6m미만","2026-03-01 11:18:07.565"
"9637","연서로23길","일반도로","국지도로","소로","6m미만","2026-03-01 11:18:07.565"
"9638","연서로24길","일반도로","국지도로","소로3류","폭6-8m","2026-03-01 11:18:07.565"
"9639","연서로25길","일반도로","국지도로","소로","6m미만","2026-03-01 11:18:07.565"
"9640","연서로26길","일반도로","국지도로","소로","6m미만","2026-03-01 11:18:07.565"
"9641","연서로27길","일반도로","국지도로","소로","6m미만","2026-03-01 11:18:07.57"
"9642","연서로28길","일반도로","국지도로","소로","6m미만","2026-03-01 11:18:07.57"
"9643","연서로29길","일반도로","국지도로","소로","6m미만","2026-03-01 11:18:07.571"
"9644","연서로2길","일반도로","국지도로","소로","6m미만","2026-03-01 11:18:07.571"
"9645","연서로31길","일반도로","국지도로","소로","6m미만","2026-03-01 11:18:07.571"
"9646","연서로32길","일반도로","국지도로","소로","6m미만","2026-03-01 11:18:07.571"
"9647","연서로33길","일반도로","국지도로","소로","6m미만","2026-03-01 11:18:07.571"
"9648","연서로34가길","일반도로","국지도로","소로","6m미만","2026-03-01 11:18:07.571"
"9649","연서로34길","일반도로","국지도로","소로","6m미만","2026-03-01 11:18:07.571"
"9650","연서로35길","일반도로","국지도로","소로","6m미만","2026-03-01 11:18:07.571"
"9651","연서로37가길","일반도로","국지도로","소로","6m미만","2026-03-01 11:18:07.576"
"9652","연서로37길","일반도로","국지도로","소로","6m미만","2026-03-01 11:18:07.576"
"9653","연서로38길","일반도로","국지도로","소로","6m미만","2026-03-01 11:18:07.576"
"9654","연서로3가길","일반도로","국지도로","소로","6m미만","2026-03-01 11:18:07.576"
"9655","연서로3길","일반도로","국지도로","소로3류","폭6-8m","2026-03-01 11:18:07.576"
"9656","연서로3나길","일반도로","국지도로","소로","6m미만","2026-03-01 11:18:07.576"
"9657","연서로40길","일반도로","국지도로","소로","6m미만","2026-03-01 11:18:07.576"
"9658","연서로41가길","일반도로","국지도로","소로","6m미만","2026-03-01 11:18:07.576"
"9659","연서로41길","일반도로","국지도로","소로","6m미만","2026-03-01 11:18:07.576"
"9660","연서로43가길","일반도로","국지도로","소로","6m미만","2026-03-01 11:18:07.576"
"9661","연서로43길","일반도로","국지도로","소로","6m미만","2026-03-01 11:18:07.581"
"9662","연서로44길","일반도로","국지도로","중로2류","폭15-20m","2026-03-01 11:18:07.581"
"9663","연서로46길","일반도로","국지도로","중로1류","폭20-25m","2026-03-01 11:18:07.581"
"9664","연서로48길","일반도로","국지도로","소로2류","폭8-10m","2026-03-01 11:18:07.581"
"9665","연서로4길","일반도로","국지도로","소로","6m미만","2026-03-01 11:18:07.581"
"9666","연서로50길","일반도로","국지도로","소로3류","폭6-8m","2026-03-01 11:18:07.581"
"9667","연서로54길","일반도로","국지도로","소로","6m미만","2026-03-01 11:18:07.581"
"9668","연서로5길","일반도로","국지도로","소로","6m미만","2026-03-01 11:18:07.581"
"9669","연서로6길","일반도로","국지도로","소로","6m미만","2026-03-01 11:18:07.581"
"9670","연서로8길","일반도로","국지도로","소로","6m미만","2026-03-01 11:18:07.581"
"9671","연서로9길","일반도로","국지도로","소로3류","폭6-8m","2026-03-01 11:18:07.585"
"9672","연세로","일반도로","국지도로","소로3류","폭6-8m","2026-03-01 11:18:07.585"
"9673","연세로11길","일반도로","국지도로","소로3류","폭6-8m","2026-03-01 11:18:07.585"
"9674","연세로12길","일반도로","국지도로","소로","6m미만","2026-03-01 11:18:07.586"
"9675","연세로13길","일반도로","국지도로","소로","6m미만","2026-03-01 11:18:07.586"
"9676","연세로2가길","일반도로","국지도로","소로","6m미만","2026-03-01 11:18:07.586"
"9677","연세로2길","일반도로","국지도로","소로","6m미만","2026-03-01 11:18:07.586"
"9678","연세로2나길","일반도로","국지도로","소로","6m미만","2026-03-01 11:18:07.586"
"9679","연세로2다길","일반도로","국지도로","소로","6m미만","2026-03-01 11:18:07.586"
"9680","연세로2라길","일반도로","국지도로","소로","6m미만","2026-03-01 11:18:07.586"
"9681","연세로2마길","일반도로","국지도로","소로","6m미만","2026-03-01 11:18:07.591"
"9682","연세로4길","일반도로","국지도로","소로","6m미만","2026-03-01 11:18:07.591"
"9683","연세로5가길","일반도로","국지도로","소로3류","폭6-8m","2026-03-01 11:18:07.591"
"9684","연세로5길","일반도로","국지도로","중로2류","폭15-20m","2026-03-01 11:18:07.591"
"9685","연세로5나길","일반도로","국지도로","소로3류","폭6-8m","2026-03-01 11:18:07.591"
"9686","연세로5다길","일반도로","국지도로","소로","6m미만","2026-03-01 11:18:07.591"
"9687","연세로7길","일반도로","국지도로","소로3류","폭6-8m","2026-03-01 11:18:07.591"
"9688","연세로7안길","일반도로","국지도로","소로","6m미만","2026-03-01 11:18:07.591"
"9689","연세로9길","일반도로","국지도로","소로3류","폭6-8m","2026-03-01 11:18:07.591"
"9690","연희로","일반도로","국지도로","소로","6m미만","2026-03-01 11:18:07.591"
"9691","연희로10가길","일반도로","국지도로","소로","6m미만","2026-03-01 11:18:07.596"
"9692","연희로10길","일반도로","국지도로","소로","6m미만","2026-03-01 11:18:07.596"
"9693","연희로11가길","일반도로","국지도로","소로","6m미만","2026-03-01 11:18:07.596"
"9694","연희로11길","일반도로","국지도로","소로","6m미만","2026-03-01 11:18:07.596"
"9695","연희로11나길","일반도로","국지도로","소로","6m미만","2026-03-01 11:18:07.596"
"9696","연희로11다길","일반도로","국지도로","소로","6m미만","2026-03-01 11:18:07.596"
"9697","연희로11라길","일반도로","국지도로","소로","6m미만","2026-03-01 11:18:07.596"
"9698","연희로11마길","일반도로","국지도로","소로","6m미만","2026-03-01 11:18:07.596"
"9699","연희로11바길","일반도로","국지도로","소로","6m미만","2026-03-01 11:18:07.596"
"9700","연희로11사길","일반도로","국지도로","소로","6m미만","2026-03-01 11:18:07.596"
"9701","연희로11아길","일반도로","국지도로","소로","6m미만","2026-03-01 11:18:07.601"
"9702","연희로11자길","일반도로","국지도로","소로","6m미만","2026-03-01 11:18:07.601"
"9703","연희로12길","일반도로","국지도로","소로","6m미만","2026-03-01 11:18:07.601"
"9704","연희로14길","일반도로","국지도로","소로","6m미만","2026-03-01 11:18:07.601"
"9705","연희로15길","일반도로","국지도로","소로","6m미만","2026-03-01 11:18:07.601"
"9706","연희로15안길","일반도로","국지도로","소로","6m미만","2026-03-01 11:18:07.601"
"9707","연희로16길","일반도로","국지도로","소로","6m미만","2026-03-01 11:18:07.601"
"9708","연희로18길","일반도로","국지도로","소로","6m미만","2026-03-01 11:18:07.601"
"9709","연희로18안길","일반도로","국지도로","소로","6m미만","2026-03-01 11:18:07.601"
"9710","연희로1길","일반도로","국지도로","소로","6m미만","2026-03-01 11:18:07.601"
"9711","연희로20길","일반도로","국지도로","소로3류","폭6-8m","2026-03-01 11:18:07.606"
"9712","연희로22길","일반도로","국지도로","소로","6m미만","2026-03-01 11:18:07.606"
"9713","연희로24길","일반도로","국지도로","소로","6m미만","2026-03-01 11:18:07.606"
"9714","연희로25길","일반도로","국지도로","소로","6m미만","2026-03-01 11:18:07.606"
"9715","연희로26가길","일반도로","국지도로","중로2류","폭15-20m","2026-03-01 11:18:07.606"
"9716","연희로26길","일반도로","국지도로","중로2류","폭15-20m","2026-03-01 11:18:07.606"
"9717","연희로26나길","일반도로","국지도로","소로","6m미만","2026-03-01 11:18:07.606"
"9718","연희로26다길","일반도로","국지도로","소로3류","폭6-8m","2026-03-01 11:18:07.606"
"9719","연희로27가길","일반도로","국지도로","소로","6m미만","2026-03-01 11:18:07.606"
"9720","연희로27길","일반도로","국지도로","소로","6m미만","2026-03-01 11:18:07.606"
"9721","연희로27나길","일반도로","국지도로","소로","6m미만","2026-03-01 11:18:07.611"
"9722","연희로27다길","일반도로","국지도로","소로","6m미만","2026-03-01 11:18:07.611"
"9723","연희로28길","일반도로","국지도로","소로","6m미만","2026-03-01 11:18:07.611"
"9724","연희로29길","일반도로","국지도로","소로","6m미만","2026-03-01 11:18:07.611"
"9725","연희로2길","일반도로","국지도로","소로","6m미만","2026-03-01 11:18:07.611"
"9726","연희로2안길","일반도로","국지도로","소로","6m미만","2026-03-01 11:18:07.611"
"9727","연희로31길","일반도로","국지도로","소로","6m미만","2026-03-01 11:18:07.611"
"9728","연희로32길","일반도로","국지도로","소로2류","폭8-10m","2026-03-01 11:18:07.611"
"9729","연희로33가길","일반도로","국지도로","소로","6m미만","2026-03-01 11:18:07.611"
"9730","연희로33길","일반도로","국지도로","소로","6m미만","2026-03-01 11:18:07.611"
"9731","연희로33나길","일반도로","국지도로","소로","6m미만","2026-03-01 11:18:07.616"
"9732","연희로35길","일반도로","국지도로","소로","6m미만","2026-03-01 11:18:07.616"
"9733","연희로36길","일반도로","국지도로","소로3류","폭6-8m","2026-03-01 11:18:07.616"
"9734","연희로37길","일반도로","국지도로","소로","6m미만","2026-03-01 11:18:07.616"
"9735","연희로37안길","일반도로","국지도로","소로3류","폭6-8m","2026-03-01 11:18:07.616"
"9736","연희로39가길","일반도로","국지도로","소로","6m미만","2026-03-01 11:18:07.616"
"9737","연희로39길","일반도로","국지도로","소로","6m미만","2026-03-01 11:18:07.616"
"9738","연희로39나길","일반도로","국지도로","소로","6m미만","2026-03-01 11:18:07.616"
"9739","연희로39다길","일반도로","국지도로","소로","6m미만","2026-03-01 11:18:07.616"
"9740","연희로39라길","일반도로","국지도로","소로","6m미만","2026-03-01 11:18:07.616"
"9741","연희로39마길","일반도로","국지도로","소로","6m미만","2026-03-01 11:18:07.621"
"9742","연희로41가길","일반도로","국지도로","소로","6m미만","2026-03-01 11:18:07.621"
"9743","연희로41길","일반도로","국지도로","소로","6m미만","2026-03-01 11:18:07.621"
"9744","연희로41나길","일반도로","국지도로","소로","6m미만","2026-03-01 11:18:07.621"
"9745","연희로41다길","일반도로","국지도로","소로","6m미만","2026-03-01 11:18:07.621"
"9746","연희로41라길","일반도로","국지도로","소로","6m미만","2026-03-01 11:18:07.621"
"9747","연희로4길","일반도로","국지도로","소로","6m미만","2026-03-01 11:18:07.621"
"9748","연희로5길","일반도로","국지도로","소로3류","폭6-8m","2026-03-01 11:18:07.621"
"9749","연희로6길","일반도로","국지도로","소로","6m미만","2026-03-01 11:18:07.621"
"9750","연희로8길","일반도로","국지도로","소로","6m미만","2026-03-01 11:18:07.621"
"9751","연희맛로","일반도로","국지도로","소로","6m미만","2026-03-01 11:18:07.626"
"9752","염곡말길","일반도로","국지도로","소로3류","폭6-8m","2026-03-01 11:18:07.626"
"9753","염곡안1길","일반도로","국지도로","소로","6m미만","2026-03-01 11:18:07.626"
"9754","염곡안2길","일반도로","국지도로","소로3류","폭6-8m","2026-03-01 11:18:07.626"
"9755","염곡안3길","일반도로","국지도로","소로","6m미만","2026-03-01 11:18:07.626"
"9756","염곡안길","일반도로","국지도로","소로3류","폭6-8m","2026-03-01 11:18:07.626"
"9757","영동대로","일반도로","국지도로","소로","6m미만","2026-03-01 11:18:07.626"
"9758","영동대로106길","일반도로","국지도로","소로2류","폭8-10m","2026-03-01 11:18:07.626"
"9759","영동대로112길","일반도로","국지도로","소로3류","폭6-8m","2026-03-01 11:18:07.626"
"9760","영동대로114길","일반도로","국지도로","소로","6m미만","2026-03-01 11:18:07.626"
"9761","영동대로115길","일반도로","국지도로","소로","6m미만","2026-03-01 11:18:07.631"
"9762","영동대로116길","일반도로","국지도로","소로","6m미만","2026-03-01 11:18:07.631"
"9763","영동대로118길","일반도로","국지도로","소로","6m미만","2026-03-01 11:18:07.631"
"9764","영동대로122길","일반도로","국지도로","소로","6m미만","2026-03-01 11:18:07.631"
"9765","영동대로128길","일반도로","국지도로","소로2류","폭8-10m","2026-03-01 11:18:07.631"
"9766","영동대로129길","일반도로","국지도로","소로3류","폭6-8m","2026-03-01 11:18:07.631"
"9767","영동대로131길","일반도로","국지도로","소로","6m미만","2026-03-01 11:18:07.631"
"9768","영동대로137길","일반도로","국지도로","소로2류","폭8-10m","2026-03-01 11:18:07.631"
"9769","영동대로138길","일반도로","국지도로","소로1류","폭10-12m","2026-03-01 11:18:07.631"
"9770","영동대로141길","일반도로","국지도로","소로3류","폭6-8m","2026-03-01 11:18:07.631"
"9771","영동대로142길","일반도로","국지도로","소로3류","폭6-8m","2026-03-01 11:18:07.635"
"9772","영동대로3길","일반도로","국지도로","중로1류","폭20-25m","2026-03-01 11:18:07.635"
"9773","영동대로4길","일반도로","국지도로","중로2류","폭15-20m","2026-03-01 11:18:07.635"
"9774","영동대로57길","일반도로","국지도로","소로3류","폭6-8m","2026-03-01 11:18:07.635"
"9775","영동대로65길","일반도로","국지도로","소로3류","폭6-8m","2026-03-01 11:18:07.635"
"9776","영동대로66길","일반도로","국지도로","소로1류","폭10-12m","2026-03-01 11:18:07.635"
"9777","영동대로71길","일반도로","국지도로","소로","6m미만","2026-03-01 11:18:07.635"
"9778","영동대로72길","일반도로","국지도로","소로","6m미만","2026-03-01 11:18:07.635"
"9779","영동대로75길","일반도로","국지도로","소로2류","폭8-10m","2026-03-01 11:18:07.635"
"9780","영동대로76길","일반도로","국지도로","소로2류","폭8-10m","2026-03-01 11:18:07.635"
"9781","영동대로81길","일반도로","국지도로","소로1류","폭10-12m","2026-03-01 11:18:07.64"
"9782","영동대로82길","일반도로","국지도로","소로2류","폭8-10m","2026-03-01 11:18:07.64"
"9783","영동대로85길","일반도로","국지도로","소로3류","폭6-8m","2026-03-01 11:18:07.64"
"9784","영동대로86길","일반도로","국지도로","소로1류","폭10-12m","2026-03-01 11:18:07.64"
"9785","영동대로96길","일반도로","국지도로","소로2류","폭8-10m","2026-03-01 11:18:07.64"
"9786","영등포~당산선","일반도로","보조간선도로","대로2류","폭30-35m","2026-03-01 11:18:07.64"
"9787","영등포로","일반도로","국지도로","소로","6m미만","2026-03-01 11:18:07.64"
"9788","영등포로11길","일반도로","국지도로","소로","6m미만","2026-03-01 11:18:07.64"
"9789","영등포로12길","일반도로","국지도로","소로1류","폭10-12m","2026-03-01 11:18:07.64"
"9790","영등포로13길","일반도로","국지도로","소로","6m미만","2026-03-01 11:18:07.64"
"9791","영등포로18길","일반도로","국지도로","소로2류","폭8-10m","2026-03-01 11:18:07.645"
"9792","영등포로19길","일반도로","국지도로","소로2류","폭8-10m","2026-03-01 11:18:07.645"
"9793","영등포로20길","일반도로","국지도로","소로2류","폭8-10m","2026-03-01 11:18:07.645"
"9794","영등포로22길","일반도로","국지도로","소로3류","폭6-8m","2026-03-01 11:18:07.645"
"9795","영등포로25길","일반도로","국지도로","소로","6m미만","2026-03-01 11:18:07.645"
"9796","영등포로26길","일반도로","국지도로","소로2류","폭8-10m","2026-03-01 11:18:07.645"
"9797","영등포로27길","일반도로","국지도로","소로3류","폭6-8m","2026-03-01 11:18:07.645"
"9798","영등포로28길","일반도로","국지도로","중로2류","폭15-20m","2026-03-01 11:18:07.645"
"9799","영등포로29길","일반도로","국지도로","소로2류","폭8-10m","2026-03-01 11:18:07.645"
"9800","영등포로2길","일반도로","국지도로","소로3류","폭6-8m","2026-03-01 11:18:07.645"
"9801","영등포로30길","일반도로","국지도로","소로3류","폭6-8m","2026-03-01 11:18:07.65"
"9802","영등포로33길","일반도로","국지도로","소로3류","폭6-8m","2026-03-01 11:18:07.65"
"9803","영등포로34길","일반도로","국지도로","소로2류","폭8-10m","2026-03-01 11:18:07.65"
"9804","영등포로35가길","일반도로","국지도로","소로","6m미만","2026-03-01 11:18:07.65"
"9805","영등포로35길","일반도로","국지도로","소로3류","폭6-8m","2026-03-01 11:18:07.65"
"9806","영등포로35나길","일반도로","국지도로","소로3류","폭6-8m","2026-03-01 11:18:07.65"
"9807","영등포로36길","일반도로","국지도로","소로3류","폭6-8m","2026-03-01 11:18:07.65"
"9808","영등포로37길","일반도로","국지도로","소로3류","폭6-8m","2026-03-01 11:18:07.65"
"9809","영등포로3길","일반도로","국지도로","소로3류","폭6-8m","2026-03-01 11:18:07.65"
"9810","영등포로41길","일반도로","국지도로","소로","6m미만","2026-03-01 11:18:07.65"
"9811","영등포로42길","일반도로","국지도로","소로","6m미만","2026-03-01 11:18:07.655"
"9812","영등포로43가길","일반도로","국지도로","소로","6m미만","2026-03-01 11:18:07.655"
"9813","영등포로43길","일반도로","국지도로","소로","6m미만","2026-03-01 11:18:07.655"
"9814","영등포로45길","일반도로","국지도로","소로","6m미만","2026-03-01 11:18:07.655"
"9815","영등포로46길","일반도로","국지도로","소로3류","폭6-8m","2026-03-01 11:18:07.655"
"9816","영등포로47길","일반도로","국지도로","소로","6m미만","2026-03-01 11:18:07.655"
"9817","영등포로49길","일반도로","국지도로","소로3류","폭6-8m","2026-03-01 11:18:07.655"
"9818","영등포로50길","일반도로","국지도로","소로3류","폭6-8m","2026-03-01 11:18:07.655"
"9819","영등포로51길","일반도로","국지도로","소로","6m미만","2026-03-01 11:18:07.655"
"9820","영등포로53길","일반도로","국지도로","소로1류","폭10-12m","2026-03-01 11:18:07.655"
"9821","영등포로57길","일반도로","국지도로","소로2류","폭8-10m","2026-03-01 11:18:07.66"
"9822","영등포로5길","일반도로","국지도로","소로","6m미만","2026-03-01 11:18:07.66"
"9823","영등포로60길","일반도로","국지도로","소로","6m미만","2026-03-01 11:18:07.66"
"9824","영등포로62가길","일반도로","국지도로","소로","6m미만","2026-03-01 11:18:07.66"
"9825","영등포로62길","일반도로","국지도로","소로","6m미만","2026-03-01 11:18:07.66"
"9826","영등포로62나길","일반도로","국지도로","소로","6m미만","2026-03-01 11:18:07.66"
"9827","영등포로62다길","일반도로","국지도로","소로","6m미만","2026-03-01 11:18:07.66"
"9828","영등포로62라길","일반도로","국지도로","소로","6m미만","2026-03-01 11:18:07.66"
"9829","영등포로64길","일반도로","국지도로","소로3류","폭6-8m","2026-03-01 11:18:07.66"
"9830","영등포로65길","일반도로","국지도로","소로","6m미만","2026-03-01 11:18:07.66"
"9831","영등포로67가길","일반도로","국지도로","소로","6m미만","2026-03-01 11:18:07.665"
"9832","영등포로67길","일반도로","국지도로","소로","6m미만","2026-03-01 11:18:07.665"
"9833","영등포로6길","일반도로","국지도로","소로2류","폭8-10m","2026-03-01 11:18:07.665"
"9834","영등포로72길","일반도로","국지도로","소로","6m미만","2026-03-01 11:18:07.665"
"9835","영등포로74길","일반도로","국지도로","소로","6m미만","2026-03-01 11:18:07.665"
"9836","영등포로76길","일반도로","국지도로","소로","6m미만","2026-03-01 11:18:07.665"
"9837","영등포로78길","일반도로","국지도로","소로","6m미만","2026-03-01 11:18:07.665"
"9838","영등포로79가길","일반도로","국지도로","소로","6m미만","2026-03-01 11:18:07.665"
"9839","영등포로79길","일반도로","국지도로","소로","6m미만","2026-03-01 11:18:07.665"
"9840","영등포로80길","일반도로","국지도로","소로","6m미만","2026-03-01 11:18:07.665"
"9841","영등포로81길","일반도로","국지도로","소로","6m미만","2026-03-01 11:18:07.67"
"9842","영등포로84길","일반도로","국지도로","소로","6m미만","2026-03-01 11:18:07.67"
"9843","영등포로86가길","일반도로","국지도로","소로","6m미만","2026-03-01 11:18:07.67"
"9844","영등포로86길","일반도로","국지도로","소로3류","폭6-8m","2026-03-01 11:18:07.67"
"9845","영등포로9길","일반도로","국지도로","소로3류","폭6-8m","2026-03-01 11:18:07.67"
"9846","영신로","일반도로","국지도로","소로1류","폭10-12m","2026-03-01 11:18:07.67"
"9847","영신로10길","일반도로","국지도로","소로","6m미만","2026-03-01 11:18:07.67"
"9848","영신로11길","일반도로","국지도로","소로","6m미만","2026-03-01 11:18:07.67"
"9849","영신로13길","일반도로","국지도로","소로","6m미만","2026-03-01 11:18:07.67"
"9850","영신로15길","일반도로","국지도로","소로3류","폭6-8m","2026-03-01 11:18:07.67"
"9851","영신로17길","일반도로","국지도로","소로","6m미만","2026-03-01 11:18:07.675"
"9852","영신로19길","일반도로","국지도로","소로3류","폭6-8m","2026-03-01 11:18:07.675"
"9853","영신로1가길","일반도로","국지도로","소로","6m미만","2026-03-01 11:18:07.675"
"9854","영신로1길","일반도로","국지도로","소로","6m미만","2026-03-01 11:18:07.675"
"9855","영신로20가길","일반도로","국지도로","소로","6m미만","2026-03-01 11:18:07.675"
"9856","영신로20길","일반도로","국지도로","소로2류","폭8-10m","2026-03-01 11:18:07.675"
"9857","영신로23길","일반도로","국지도로","소로3류","폭6-8m","2026-03-01 11:18:07.675"
"9858","영신로24길","일반도로","국지도로","소로3류","폭6-8m","2026-03-01 11:18:07.675"
"9859","영신로25길","일반도로","국지도로","소로","6m미만","2026-03-01 11:18:07.675"
"9860","영신로30길","일반도로","국지도로","소로","6m미만","2026-03-01 11:18:07.675"
"9861","영신로32길","일반도로","국지도로","소로","6m미만","2026-03-01 11:18:07.68"
"9862","영신로33길","일반도로","국지도로","소로3류","폭6-8m","2026-03-01 11:18:07.68"
"9863","영신로34길","일반도로","국지도로","소로3류","폭6-8m","2026-03-01 11:18:07.68"
"9864","영신로37길","일반도로","국지도로","소로","6m미만","2026-03-01 11:18:07.68"
"9865","영신로38길","일반도로","국지도로","소로","6m미만","2026-03-01 11:18:07.68"
"9866","영신로39길","일반도로","국지도로","소로","6m미만","2026-03-01 11:18:07.68"
"9867","영신로40길","일반도로","국지도로","소로","6m미만","2026-03-01 11:18:07.68"
"9868","영신로41길","일반도로","국지도로","소로","6m미만","2026-03-01 11:18:07.68"
"9869","영신로42길","일반도로","국지도로","소로","6m미만","2026-03-01 11:18:07.68"
"9870","영신로43길","일반도로","국지도로","소로","6m미만","2026-03-01 11:18:07.68"
"9871","영신로44길","일반도로","국지도로","소로2류","폭8-10m","2026-03-01 11:18:07.685"
"9872","영신로45길","일반도로","국지도로","소로","6m미만","2026-03-01 11:18:07.685"
"9873","영신로47길","일반도로","국지도로","소로3류","폭6-8m","2026-03-01 11:18:07.685"
"9874","영신로54길","일반도로","국지도로","소로3류","폭6-8m","2026-03-01 11:18:07.685"
"9875","영신로57길","일반도로","국지도로","소로1류","폭10-12m","2026-03-01 11:18:07.685"
"9876","영신로61길","일반도로","국지도로","중로2류","폭15-20m","2026-03-01 11:18:07.685"
"9877","영신로8길","일반도로","국지도로","소로","6m미만","2026-03-01 11:18:07.685"
"9878","영신로9가길","일반도로","국지도로","소로","6m미만","2026-03-01 11:18:07.685"
"9879","영신로9길","일반도로","국지도로","소로3류","폭6-8m","2026-03-01 11:18:07.685"
"9880","영신로9나길","일반도로","국지도로","소로","6m미만","2026-03-01 11:18:07.685"
"9881","영신로9다길","일반도로","국지도로","소로","6m미만","2026-03-01 11:18:07.69"
"9882","영신로9라길","일반도로","국지도로","소로3류","폭6-8m","2026-03-01 11:18:07.69"
"9883","영신로9마길","일반도로","국지도로","소로","6m미만","2026-03-01 11:18:07.69"
"9884","영신로9바길","일반도로","국지도로","소로","6m미만","2026-03-01 11:18:07.69"
"9885","영신로9사길","일반도로","국지도로","소로","6m미만","2026-03-01 11:18:07.69"
"9886","영신로9아길","일반도로","국지도로","소로","6m미만","2026-03-01 11:18:07.69"
"9887","영중로","일반도로","국지도로","소로3류","폭6-8m","2026-03-01 11:18:07.69"
"9888","영중로10길","일반도로","국지도로","소로3류","폭6-8m","2026-03-01 11:18:07.69"
"9889","영중로14길","일반도로","국지도로","소로3류","폭6-8m","2026-03-01 11:18:07.69"
"9890","영중로16길","일반도로","국지도로","소로","6m미만","2026-03-01 11:18:07.69"
"9891","영중로18길","일반도로","국지도로","소로","6m미만","2026-03-01 11:18:07.695"
"9892","영중로20길","일반도로","국지도로","소로","6m미만","2026-03-01 11:18:07.695"
"9893","영중로22길","일반도로","국지도로","소로","6m미만","2026-03-01 11:18:07.695"
"9894","영중로24길","일반도로","국지도로","소로3류","폭6-8m","2026-03-01 11:18:07.695"
"9895","영중로27길","일반도로","국지도로","소로","6m미만","2026-03-01 11:18:07.695"
"9896","영중로29길","일반도로","국지도로","소로","6m미만","2026-03-01 11:18:07.695"
"9897","영중로2길","일반도로","국지도로","소로","6m미만","2026-03-01 11:18:07.695"
"9898","영중로33길","일반도로","국지도로","소로3류","폭6-8m","2026-03-01 11:18:07.695"
"9899","영중로34길","일반도로","국지도로","소로","6m미만","2026-03-01 11:18:07.695"
"9900","영중로36길","일반도로","국지도로","소로","6m미만","2026-03-01 11:18:07.695"
"9901","영중로38길","일반도로","국지도로","소로3류","폭6-8m","2026-03-01 11:18:07.7"
"9902","영중로3길","일반도로","국지도로","소로2류","폭8-10m","2026-03-01 11:18:07.7"
"9903","영중로41길","일반도로","국지도로","중로2류","폭15-20m","2026-03-01 11:18:07.7"
"9904","영중로42길","일반도로","국지도로","소로3류","폭6-8m","2026-03-01 11:18:07.7"
"9905","영중로4길","일반도로","국지도로","소로","6m미만","2026-03-01 11:18:07.7"
"9906","영중로6길","일반도로","국지도로","소로","6m미만","2026-03-01 11:18:07.7"
"9907","영중로8길","일반도로","국지도로","소로","6m미만","2026-03-01 11:18:07.7"
"9908","영천시장길","일반도로","국지도로","소로","6m미만","2026-03-01 11:18:07.7"
"9909","영화사로","일반도로","국지도로","소로","6m미만","2026-03-01 11:18:07.7"
"9910","영화사로11길","일반도로","국지도로","소로","6m미만","2026-03-01 11:18:07.7"
"9911","영화사로13길","일반도로","국지도로","소로","6m미만","2026-03-01 11:18:07.705"
"9912","영화사로15길","일반도로","국지도로","소로","6m미만","2026-03-01 11:18:07.705"
"9913","영화사로16가길","일반도로","국지도로","소로","6m미만","2026-03-01 11:18:07.705"
"9914","영화사로16길","일반도로","국지도로","소로","6m미만","2026-03-01 11:18:07.705"
"9915","영화사로16나길","일반도로","국지도로","소로","6m미만","2026-03-01 11:18:07.705"
"9916","영화사로1길","일반도로","국지도로","소로3류","폭6-8m","2026-03-01 11:18:07.705"
"9917","영화사로3가길","일반도로","국지도로","소로","6m미만","2026-03-01 11:18:07.705"
"9918","영화사로3길","일반도로","국지도로","소로","6m미만","2026-03-01 11:18:07.705"
"9919","영화사로3나길","일반도로","국지도로","소로","6m미만","2026-03-01 11:18:07.705"
"9920","영화사로5길","일반도로","국지도로","소로","6m미만","2026-03-01 11:18:07.705"
"9921","영화사로7길","일반도로","국지도로","소로","6m미만","2026-03-01 11:18:07.71"
"9922","영화사로9가길","일반도로","국지도로","소로","6m미만","2026-03-01 11:18:07.71"
"9923","영화사로9길","일반도로","국지도로","소로","6m미만","2026-03-01 11:18:07.71"
"9924","영화사로9나길","일반도로","국지도로","소로","6m미만","2026-03-01 11:18:07.71"
"9925","오금로","일반도로","국지도로","소로2류","폭8-10m","2026-03-01 11:18:07.71"
"9926","오금로11길","일반도로","국지도로","소로3류","폭6-8m","2026-03-01 11:18:07.71"
"9927","오금로13길","일반도로","국지도로","소로","6m미만","2026-03-01 11:18:07.71"
"9928","오금로15길","일반도로","국지도로","소로3류","폭6-8m","2026-03-01 11:18:07.71"
"9929","오금로16길","일반도로","국지도로","소로","6m미만","2026-03-01 11:18:07.71"
"9930","오금로17길","일반도로","국지도로","소로3류","폭6-8m","2026-03-01 11:18:07.71"
"9931","오금로18길","일반도로","국지도로","소로3류","폭6-8m","2026-03-01 11:18:07.715"
"9932","오금로19길","일반도로","국지도로","소로3류","폭6-8m","2026-03-01 11:18:07.715"
"9933","오금로20길","일반도로","국지도로","소로2류","폭8-10m","2026-03-01 11:18:07.715"
"9934","오금로21길","일반도로","국지도로","소로","6m미만","2026-03-01 11:18:07.715"
"9935","오금로22길","일반도로","국지도로","소로","6m미만","2026-03-01 11:18:07.715"
"9936","오금로23길","일반도로","국지도로","소로","6m미만","2026-03-01 11:18:07.715"
"9937","오금로24길","일반도로","국지도로","소로2류","폭8-10m","2026-03-01 11:18:07.715"
"9938","오금로25길","일반도로","국지도로","소로2류","폭8-10m","2026-03-01 11:18:07.715"
"9939","오금로27길","일반도로","국지도로","소로2류","폭8-10m","2026-03-01 11:18:07.715"
"9940","오금로29길","일반도로","국지도로","소로2류","폭8-10m","2026-03-01 11:18:07.715"
"9941","오금로2길","일반도로","국지도로","중로2류","폭15-20m","2026-03-01 11:18:07.72"
"9942","오금로31가길","일반도로","국지도로","소로3류","폭6-8m","2026-03-01 11:18:07.72"
"9943","오금로31길","일반도로","국지도로","소로2류","폭8-10m","2026-03-01 11:18:07.72"
"9944","오금로32길","일반도로","국지도로","중로1류","폭20-25m","2026-03-01 11:18:07.72"
"9945","오금로34길","일반도로","국지도로","소로3류","폭6-8m","2026-03-01 11:18:07.72"
"9946","오금로35길","일반도로","국지도로","소로2류","폭8-10m","2026-03-01 11:18:07.72"
"9947","오금로36길","일반도로","국지도로","소로3류","폭6-8m","2026-03-01 11:18:07.72"
"9948","오금로38가길","일반도로","국지도로","소로2류","폭8-10m","2026-03-01 11:18:07.72"
"9949","오금로38길","일반도로","국지도로","소로","6m미만","2026-03-01 11:18:07.72"
"9950","오금로40길","일반도로","국지도로","중로2류","폭15-20m","2026-03-01 11:18:07.72"
"9951","오금로42길","일반도로","국지도로","소로2류","폭8-10m","2026-03-01 11:18:07.725"
"9952","오금로44가길","일반도로","국지도로","소로3류","폭6-8m","2026-03-01 11:18:07.725"
"9953","오금로44길","일반도로","국지도로","소로3류","폭6-8m","2026-03-01 11:18:07.725"
"9954","오금로44나길","일반도로","국지도로","소로","6m미만","2026-03-01 11:18:07.725"
"9955","오금로46길","일반도로","국지도로","소로2류","폭8-10m","2026-03-01 11:18:07.725"
"9956","오금로48길","일반도로","국지도로","소로3류","폭6-8m","2026-03-01 11:18:07.725"
"9957","오금로49길","일반도로","국지도로","소로2류","폭8-10m","2026-03-01 11:18:07.725"
"9958","오금로50길","일반도로","국지도로","소로2류","폭8-10m","2026-03-01 11:18:07.725"
"9959","오금로51길","일반도로","국지도로","소로2류","폭8-10m","2026-03-01 11:18:07.725"
"9960","오금로53길","일반도로","국지도로","소로3류","폭6-8m","2026-03-01 11:18:07.725"
"9961","오금로54길","일반도로","국지도로","소로","6m미만","2026-03-01 11:18:07.73"
"9962","오금로56길","일반도로","국지도로","소로3류","폭6-8m","2026-03-01 11:18:07.73"
"9963","오금로57길","일반도로","국지도로","소로3류","폭6-8m","2026-03-01 11:18:07.73"
"9964","오금로59길","일반도로","국지도로","소로","6m미만","2026-03-01 11:18:07.73"
"9965","오금로61길","일반도로","국지도로","소로","6m미만","2026-03-01 11:18:07.73"
"9966","오금로62길","일반도로","국지도로","소로","6m미만","2026-03-01 11:18:07.73"
"9967","오금로64가길","일반도로","국지도로","소로","6m미만","2026-03-01 11:18:07.73"
"9968","오금로64길","일반도로","국지도로","소로2류","폭8-10m","2026-03-01 11:18:07.73"
"9969","오금로64나길","일반도로","국지도로","소로","6m미만","2026-03-01 11:18:07.73"
"9970","오금로64다길","일반도로","국지도로","소로","6m미만","2026-03-01 11:18:07.73"
"9971","오금로64라길","일반도로","국지도로","소로","6m미만","2026-03-01 11:18:07.734"
"9972","오금로64마길","일반도로","국지도로","소로","6m미만","2026-03-01 11:18:07.734"
"9973","오금로66길","일반도로","국지도로","소로","6m미만","2026-03-01 11:18:07.734"
"9974","오금로68길","일반도로","국지도로","소로","6m미만","2026-03-01 11:18:07.734"
"9975","오류~대림선","일반도로","보조간선도로","대로1류","폭35-40m","2026-03-01 11:18:07.734"
"9976","오류로","일반도로","국지도로","소로2류","폭8-10m","2026-03-01 11:18:07.735"
"9977","오류로8가길","일반도로","국지도로","소로3류","폭6-8m","2026-03-01 11:18:07.735"
"9978","오류로8길","일반도로","국지도로","소로","6m미만","2026-03-01 11:18:07.735"
"9979","오류로8나길","일반도로","국지도로","소로","6m미만","2026-03-01 11:18:07.735"
"9980","오류로8다길","일반도로","국지도로","소로","6m미만","2026-03-01 11:18:07.735"
"9981","오류로8라길","일반도로","국지도로","소로","6m미만","2026-03-01 11:18:07.739"
"9982","오류로8마길","일반도로","국지도로","소로","6m미만","2026-03-01 11:18:07.739"
"9983","오류로8바길","일반도로","국지도로","소로","6m미만","2026-03-01 11:18:07.739"
"9984","오리로","일반도로","국지도로","소로3류","폭6-8m","2026-03-01 11:18:07.739"
"9985","오리로10길","일반도로","국지도로","소로","6m미만","2026-03-01 11:18:07.739"
"9986","오리로11길","일반도로","국지도로","소로","6m미만","2026-03-01 11:18:07.739"
"9987","오리로13가길","일반도로","국지도로","소로","6m미만","2026-03-01 11:18:07.739"
"9988","오리로13길","일반도로","국지도로","소로","6m미만","2026-03-01 11:18:07.739"
"9989","오리로15길","일반도로","국지도로","확인","불가","2026-03-01 11:18:07.739"
"9990","오리로17길","일반도로","국지도로","소로3류","폭6-8m","2026-03-01 11:18:07.739"
"9991","오리로1길","일반도로","국지도로","소로","6m미만","2026-03-01 11:18:07.744"
"9992","오리로20길","일반도로","국지도로","소로","6m미만","2026-03-01 11:18:07.744"
"9993","오리로21가길","일반도로","국지도로","소로","6m미만","2026-03-01 11:18:07.744"
"9994","오리로21길","일반도로","국지도로","소로","6m미만","2026-03-01 11:18:07.744"
"9995","오리로22가길","일반도로","국지도로","소로","6m미만","2026-03-01 11:18:07.744"
"9996","오리로22길","일반도로","국지도로","소로3류","폭6-8m","2026-03-01 11:18:07.744"
"9997","오리로22나길","일반도로","국지도로","소로3류","폭6-8m","2026-03-01 11:18:07.744"
"9998","오리로22다길","일반도로","국지도로","소로","6m미만","2026-03-01 11:18:07.744"
"9999","오리로23길","일반도로","국지도로","소로3류","폭6-8m","2026-03-01 11:18:07.744"
"10000","오리로3길","일반도로","국지도로","소로","6m미만","2026-03-01 11:18:07.744"
"10001","오리로7길","일반도로","국지도로","소로","6m미만","2026-03-01 11:18:07.889"
"10002","오리로9길","일반도로","국지도로","소로","6m미만","2026-03-01 11:18:07.889"
"10003","오목로","일반도로","국지도로","소로3류","폭6-8m","2026-03-01 11:18:07.889"
"10004","오목로10길","일반도로","국지도로","소로3류","폭6-8m","2026-03-01 11:18:07.889"
"10005","오목로11길","일반도로","국지도로","소로","6m미만","2026-03-01 11:18:07.889"
"10006","오목로13길","일반도로","국지도로","소로","6m미만","2026-03-01 11:18:07.889"
"10007","오목로15길","일반도로","국지도로","소로","6m미만","2026-03-01 11:18:07.889"
"10008","오목로17길","일반도로","국지도로","소로3류","폭6-8m","2026-03-01 11:18:07.889"
"10009","오목로19길","일반도로","국지도로","소로","6m미만","2026-03-01 11:18:07.889"
"10010","오목로1길","일반도로","국지도로","소로3류","폭6-8m","2026-03-01 11:18:07.889"
"10011","오목로23길","일반도로","국지도로","소로3류","폭6-8m","2026-03-01 11:18:07.894"
"10012","오목로24길","일반도로","국지도로","소로3류","폭6-8m","2026-03-01 11:18:07.894"
"10013","오목로25길","일반도로","국지도로","소로","6m미만","2026-03-01 11:18:07.894"
"10014","오목로26길","일반도로","국지도로","소로","6m미만","2026-03-01 11:18:07.894"
"10015","오목로27길","일반도로","국지도로","소로","6m미만","2026-03-01 11:18:07.894"
"10016","오목로29길","일반도로","국지도로","소로","6m미만","2026-03-01 11:18:07.894"
"10017","오목로30길","일반도로","국지도로","소로","6m미만","2026-03-01 11:18:07.894"
"10018","오목로32길","일반도로","국지도로","소로","6m미만","2026-03-01 11:18:07.894"
"10019","오목로34길","일반도로","국지도로","소로","6m미만","2026-03-01 11:18:07.894"
"10020","오목로35길","일반도로","국지도로","소로","6m미만","2026-03-01 11:18:07.894"
"10021","오목로37길","일반도로","국지도로","소로","6m미만","2026-03-01 11:18:07.9"
"10022","오목로38길","일반도로","국지도로","소로","6m미만","2026-03-01 11:18:07.9"
"10023","오목로3길","일반도로","국지도로","중로2류","폭15-20m","2026-03-01 11:18:07.9"
"10024","오목로40길","일반도로","국지도로","소로","6m미만","2026-03-01 11:18:07.9"
"10025","오목로41길","일반도로","국지도로","소로","6m미만","2026-03-01 11:18:07.9"
"10026","오목로42길","일반도로","국지도로","소로","6m미만","2026-03-01 11:18:07.9"
"10027","오목로46길","일반도로","국지도로","소로","6m미만","2026-03-01 11:18:07.9"
"10028","오목로48길","일반도로","국지도로","소로3류","폭6-8m","2026-03-01 11:18:07.9"
"10029","오목로4길","일반도로","국지도로","중로1류","폭20-25m","2026-03-01 11:18:07.9"
"10030","오목로50길","일반도로","국지도로","소로3류","폭6-8m","2026-03-01 11:18:07.9"
"10031","오목로52길","일반도로","국지도로","중로1류","폭20-25m","2026-03-01 11:18:07.905"
"10032","오목로54길","일반도로","국지도로","소로","6m미만","2026-03-01 11:18:07.905"
"10033","오목로56길","일반도로","국지도로","소로3류","폭6-8m","2026-03-01 11:18:07.905"
"10034","오목로5길","일반도로","국지도로","소로3류","폭6-8m","2026-03-01 11:18:07.905"
"10035","오목로7길","일반도로","국지도로","소로3류","폭6-8m","2026-03-01 11:18:07.905"
"10036","오목로9길","일반도로","국지도로","소로3류","폭6-8m","2026-03-01 11:18:07.905"
"10037","오부자로","일반도로","국지도로","중로1류","폭20-25m","2026-03-01 11:18:07.905"
"10038","오정로","일반도로","국지도로","소로1류","폭10-12m","2026-03-01 11:18:07.905"
"10039","오패산로","일반도로","국지도로","소로","6m미만","2026-03-01 11:18:07.905"
"10040","오패산로10길","일반도로","국지도로","중로2류","폭15-20m","2026-03-01 11:18:07.905"
"10041","오패산로13길","일반도로","국지도로","소로","6m미만","2026-03-01 11:18:07.91"
"10042","오패산로15길","일반도로","국지도로","소로","6m미만","2026-03-01 11:18:07.91"
"10043","오패산로16가길","일반도로","국지도로","중로2류","폭15-20m","2026-03-01 11:18:07.91"
"10044","오패산로16길","일반도로","국지도로","중로1류","폭20-25m","2026-03-01 11:18:07.91"
"10045","오패산로17길","일반도로","국지도로","소로","6m미만","2026-03-01 11:18:07.91"
"10046","오패산로19길","일반도로","국지도로","소로","6m미만","2026-03-01 11:18:07.91"
"10047","오패산로1가길","일반도로","국지도로","소로","6m미만","2026-03-01 11:18:07.91"
"10048","오패산로1길","일반도로","국지도로","소로","6m미만","2026-03-01 11:18:07.91"
"10049","오패산로21길","일반도로","국지도로","소로","6m미만","2026-03-01 11:18:07.91"
"10050","오패산로28길","일반도로","국지도로","소로","6m미만","2026-03-01 11:18:07.91"
"10051","오패산로30가길","일반도로","국지도로","소로","6m미만","2026-03-01 11:18:07.915"
"10052","오패산로30길","일반도로","국지도로","소로3류","폭6-8m","2026-03-01 11:18:07.915"
"10053","오패산로31길","일반도로","국지도로","소로","6m미만","2026-03-01 11:18:07.915"
"10054","오패산로32길","일반도로","국지도로","소로","6m미만","2026-03-01 11:18:07.915"
"10055","오패산로35길","일반도로","국지도로","소로","6m미만","2026-03-01 11:18:07.915"
"10056","오패산로37길","일반도로","국지도로","소로","6m미만","2026-03-01 11:18:07.915"
"10057","오패산로38길","일반도로","국지도로","소로","6m미만","2026-03-01 11:18:07.915"
"10058","오패산로3가길","일반도로","국지도로","소로","6m미만","2026-03-01 11:18:07.915"
"10059","오패산로3길","일반도로","국지도로","소로","6m미만","2026-03-01 11:18:07.915"
"10060","오패산로48길","일반도로","국지도로","소로","6m미만","2026-03-01 11:18:07.915"
"10061","오패산로4길","일반도로","국지도로","소로","6m미만","2026-03-01 11:18:07.92"
"10062","오패산로52가길","일반도로","국지도로","소로","6m미만","2026-03-01 11:18:07.92"
"10063","오패산로52길","일반도로","국지도로","소로","6m미만","2026-03-01 11:18:07.92"
"10064","오패산로52나길","일반도로","국지도로","소로","6m미만","2026-03-01 11:18:07.92"
"10065","오패산로52다길","일반도로","국지도로","소로","6m미만","2026-03-01 11:18:07.92"
"10066","오패산로52라길","일반도로","국지도로","소로","6m미만","2026-03-01 11:18:07.92"
"10067","오패산로52마길","일반도로","국지도로","소로","6m미만","2026-03-01 11:18:07.92"
"10068","오패산로52바길","일반도로","국지도로","소로","6m미만","2026-03-01 11:18:07.92"
"10069","오패산로52사길","일반도로","국지도로","소로3류","폭6-8m","2026-03-01 11:18:07.92"
"10070","오패산로52아길","일반도로","국지도로","소로","6m미만","2026-03-01 11:18:07.92"
"10071","오패산로52자길","일반도로","국지도로","소로","6m미만","2026-03-01 11:18:07.925"
"10072","오패산로58길","일반도로","국지도로","소로","6m미만","2026-03-01 11:18:07.925"
"10073","오패산로5길","일반도로","국지도로","소로","6m미만","2026-03-01 11:18:07.925"
"10074","오패산로60길","일반도로","국지도로","소로","6m미만","2026-03-01 11:18:07.925"
"10075","오패산로67길","일반도로","국지도로","소로","6m미만","2026-03-01 11:18:07.925"
"10076","오패산로6길","일반도로","국지도로","소로","6m미만","2026-03-01 11:18:07.925"
"10077","오패산로70길","일반도로","국지도로","소로","6m미만","2026-03-01 11:18:07.925"
"10078","오패산로72길","일반도로","국지도로","소로","6m미만","2026-03-01 11:18:07.925"
"10079","오패산로73길","일반도로","국지도로","소로","6m미만","2026-03-01 11:18:07.925"
"10080","오패산로74길","일반도로","국지도로","소로","6m미만","2026-03-01 11:18:07.925"
"10081","오패산로77가길","일반도로","국지도로","소로","6m미만","2026-03-01 11:18:07.93"
"10082","오패산로77길","일반도로","국지도로","소로","6m미만","2026-03-01 11:18:07.93"
"10083","오패산로78길","일반도로","국지도로","소로","6m미만","2026-03-01 11:18:07.93"
"10084","오패산로79길","일반도로","국지도로","소로","6m미만","2026-03-01 11:18:07.93"
"10085","오패산로8길","일반도로","국지도로","소로","6m미만","2026-03-01 11:18:07.93"
"10086","오현로","일반도로","국지도로","소로3류","폭6-8m","2026-03-01 11:18:07.93"
"10087","오현로10길","일반도로","국지도로","소로","6m미만","2026-03-01 11:18:07.93"
"10088","오현로20길","일반도로","국지도로","중로1류","폭20-25m","2026-03-01 11:18:07.93"
"10089","오현로21길","일반도로","국지도로","소로","6m미만","2026-03-01 11:18:07.93"
"10090","오현로25가길","일반도로","국지도로","소로","6m미만","2026-03-01 11:18:07.93"
"10091","오현로25길","일반도로","국지도로","소로","6m미만","2026-03-01 11:18:07.935"
"10092","오현로25나길","일반도로","국지도로","소로","6m미만","2026-03-01 11:18:07.935"
"10093","오현로25다길","일반도로","국지도로","소로","6m미만","2026-03-01 11:18:07.935"
"10094","오현로25라길","일반도로","국지도로","소로","6m미만","2026-03-01 11:18:07.935"
"10095","오현로25마길","일반도로","국지도로","소로","6m미만","2026-03-01 11:18:07.935"
"10096","오현로28길","일반도로","국지도로","소로2류","폭8-10m","2026-03-01 11:18:07.935"
"10097","오현로31길","일반도로","국지도로","소로","6m미만","2026-03-01 11:18:07.935"
"10098","오현로32길","일반도로","국지도로","소로3류","폭6-8m","2026-03-01 11:18:07.935"
"10099","오현로34길","일반도로","국지도로","소로3류","폭6-8m","2026-03-01 11:18:07.935"
"10100","오현로35길","일반도로","국지도로","중로2류","폭15-20m","2026-03-01 11:18:07.935"
"10101","오현로36길","일반도로","국지도로","중로2류","폭15-20m","2026-03-01 11:18:07.94"
"10102","오현로4길","일반도로","국지도로","소로","6m미만","2026-03-01 11:18:07.94"
"10103","오현로6길","일반도로","국지도로","소로","6m미만","2026-03-01 11:18:07.94"
"10104","오현로7길","일반도로","국지도로","소로3류","폭6-8m","2026-03-01 11:18:07.94"
"10105","오현로8길","일반도로","국지도로","소로","6m미만","2026-03-01 11:18:07.94"
"10106","오현로9길","일반도로","국지도로","소로3류","폭6-8m","2026-03-01 11:18:07.94"
"10107","옥인1길","일반도로","국지도로","소로","6m미만","2026-03-01 11:18:07.94"
"10108","옥인2길","일반도로","국지도로","소로","6m미만","2026-03-01 11:18:07.94"
"10109","옥인3길","일반도로","국지도로","소로","6m미만","2026-03-01 11:18:07.94"
"10110","옥인4길","일반도로","국지도로","소로","6m미만","2026-03-01 11:18:07.94"
"10111","옥인5길","일반도로","국지도로","소로","6m미만","2026-03-01 11:18:07.945"
"10112","옥인6가길","일반도로","국지도로","소로","6m미만","2026-03-01 11:18:07.945"
"10113","옥인6길","일반도로","국지도로","소로","6m미만","2026-03-01 11:18:07.945"
"10114","옥인길","일반도로","국지도로","소로","6m미만","2026-03-01 11:18:07.945"
"10115","온수~망우선","일반도로","주간선도로","대로2류","폭30-35m","2026-03-01 11:18:07.945"
"10116","올림픽대로","자동차전용도로","도시고속도로","광로3류","폭40-50m","2026-03-01 11:18:07.945"
"10117","올림픽대로","일반도로","국지도로","확인","불가","2026-03-01 11:18:07.945"
"10118","올림픽로","일반도로","국지도로","소로2류","폭8-10m","2026-03-01 11:18:07.945"
"10119","올림픽로100길","일반도로","국지도로","소로3류","폭6-8m","2026-03-01 11:18:07.945"
"10120","올림픽로104길","일반도로","국지도로","소로2류","폭8-10m","2026-03-01 11:18:07.945"
"10121","올림픽로107길","일반도로","국지도로","소로","6m미만","2026-03-01 11:18:07.949"
"10122","올림픽로108길","일반도로","국지도로","중로1류","폭20-25m","2026-03-01 11:18:07.949"
"10123","올림픽로10길","일반도로","국지도로","소로3류","폭6-8m","2026-03-01 11:18:07.949"
"10124","올림픽로112길","일반도로","국지도로","소로","6m미만","2026-03-01 11:18:07.949"
"10125","올림픽로12길","일반도로","국지도로","소로3류","폭6-8m","2026-03-01 11:18:07.949"
"10126","올림픽로30길","일반도로","국지도로","소로","6m미만","2026-03-01 11:18:07.949"
"10127","올림픽로32길","일반도로","국지도로","소로3류","폭6-8m","2026-03-01 11:18:07.949"
"10128","올림픽로33길","일반도로","국지도로","중로1류","폭20-25m","2026-03-01 11:18:07.949"
"10129","올림픽로34길","일반도로","국지도로","소로3류","폭6-8m","2026-03-01 11:18:07.949"
"10130","올림픽로35가길","일반도로","국지도로","대로3류","폭25-30m","2026-03-01 11:18:07.949"
"10131","올림픽로35길","일반도로","국지도로","확인","불가","2026-03-01 11:18:07.954"
"10132","올림픽로35나길","일반도로","국지도로","중로1류","폭20-25m","2026-03-01 11:18:07.954"
"10133","올림픽로35다길","일반도로","국지도로","중로1류","폭20-25m","2026-03-01 11:18:07.954"
"10134","올림픽로37길","일반도로","국지도로","중로2류","폭15-20m","2026-03-01 11:18:07.954"
"10135","올림픽로43길","일반도로","국지도로","중로1류","폭20-25m","2026-03-01 11:18:07.954"
"10136","올림픽로45길","일반도로","국지도로","소로","6m미만","2026-03-01 11:18:07.954"
"10137","올림픽로47길","일반도로","국지도로","소로","6m미만","2026-03-01 11:18:07.954"
"10138","올림픽로48길","일반도로","국지도로","소로3류","폭6-8m","2026-03-01 11:18:07.954"
"10139","올림픽로49길","일반도로","국지도로","소로3류","폭6-8m","2026-03-01 11:18:07.954"
"10140","올림픽로4길","일반도로","국지도로","중로1류","폭20-25m","2026-03-01 11:18:07.954"
"10141","올림픽로51길","일반도로","국지도로","소로3류","폭6-8m","2026-03-01 11:18:07.959"
"10142","올림픽로53길","일반도로","국지도로","소로","6m미만","2026-03-01 11:18:07.959"
"10143","올림픽로54길","일반도로","국지도로","소로3류","폭6-8m","2026-03-01 11:18:07.959"
"10144","올림픽로55길","일반도로","국지도로","소로","6m미만","2026-03-01 11:18:07.959"
"10145","올림픽로57길","일반도로","국지도로","소로","6m미만","2026-03-01 11:18:07.959"
"10146","올림픽로58길","일반도로","국지도로","소로","6m미만","2026-03-01 11:18:07.959"
"10147","올림픽로59길","일반도로","국지도로","소로","6m미만","2026-03-01 11:18:07.959"
"10148","올림픽로60길","일반도로","국지도로","소로","6m미만","2026-03-01 11:18:07.959"
"10149","올림픽로61길","일반도로","국지도로","소로3류","폭6-8m","2026-03-01 11:18:07.959"
"10150","올림픽로62길","일반도로","국지도로","소로","6m미만","2026-03-01 11:18:07.959"
"10151","올림픽로70길","일반도로","국지도로","소로","6m미만","2026-03-01 11:18:07.964"
"10152","올림픽로71길","일반도로","국지도로","소로","6m미만","2026-03-01 11:18:07.964"
"10153","올림픽로72길","일반도로","국지도로","소로","6m미만","2026-03-01 11:18:07.964"
"10154","올림픽로76길","일반도로","국지도로","소로2류","폭8-10m","2026-03-01 11:18:07.964"
"10155","올림픽로77길","일반도로","국지도로","소로","6m미만","2026-03-01 11:18:07.964"
"10156","올림픽로78길","일반도로","국지도로","소로3류","폭6-8m","2026-03-01 11:18:07.964"
"10157","올림픽로79길","일반도로","국지도로","소로","6m미만","2026-03-01 11:18:07.964"
"10158","올림픽로80길","일반도로","국지도로","소로","6m미만","2026-03-01 11:18:07.964"
"10159","올림픽로81길","일반도로","국지도로","소로3류","폭6-8m","2026-03-01 11:18:07.964"
"10160","올림픽로83길","일반도로","국지도로","소로","6m미만","2026-03-01 11:18:07.964"
"10161","올림픽로87길","일반도로","국지도로","소로","6m미만","2026-03-01 11:18:07.969"
"10162","올림픽로88길","일반도로","국지도로","소로2류","폭8-10m","2026-03-01 11:18:07.969"
"10163","올림픽로89길","일반도로","국지도로","소로","6m미만","2026-03-01 11:18:07.969"
"10164","올림픽로8길","일반도로","국지도로","중로2류","폭15-20m","2026-03-01 11:18:07.969"
"10165","올림픽로91길","일반도로","국지도로","소로3류","폭6-8m","2026-03-01 11:18:07.969"
"10166","올림픽로92길","일반도로","국지도로","소로3류","폭6-8m","2026-03-01 11:18:07.969"
"10167","올림픽로93길","일반도로","국지도로","소로3류","폭6-8m","2026-03-01 11:18:07.969"
"10168","올림픽로98가길","일반도로","국지도로","소로","6m미만","2026-03-01 11:18:07.969"
"10169","올림픽로98길","일반도로","국지도로","소로3류","폭6-8m","2026-03-01 11:18:07.969"
"10170","와룡공원길","일반도로","국지도로","소로","6m미만","2026-03-01 11:18:07.969"
"10171","와우산로","일반도로","국지도로","소로","6m미만","2026-03-01 11:18:07.974"
"10172","와우산로10길","일반도로","국지도로","소로","6m미만","2026-03-01 11:18:07.974"
"10173","와우산로11길","일반도로","국지도로","소로","6m미만","2026-03-01 11:18:07.974"
"10174","와우산로13길","일반도로","국지도로","소로","6m미만","2026-03-01 11:18:07.974"
"10175","와우산로14길","일반도로","국지도로","소로","6m미만","2026-03-01 11:18:07.974"
"10176","와우산로15길","일반도로","국지도로","소로","6m미만","2026-03-01 11:18:07.974"
"10177","와우산로17길","일반도로","국지도로","소로","6m미만","2026-03-01 11:18:07.974"
"10178","와우산로18길","일반도로","국지도로","소로","6m미만","2026-03-01 11:18:07.974"
"10179","와우산로19길","일반도로","국지도로","소로","6m미만","2026-03-01 11:18:07.974"
"10180","와우산로1길","일반도로","국지도로","소로","6m미만","2026-03-01 11:18:07.974"
"10181","와우산로21길","일반도로","국지도로","소로","6m미만","2026-03-01 11:18:07.979"
"10182","와우산로22길","일반도로","국지도로","소로","6m미만","2026-03-01 11:18:07.979"
"10183","와우산로23길","일반도로","국지도로","소로","6m미만","2026-03-01 11:18:07.979"
"10184","와우산로24길","일반도로","국지도로","소로","6m미만","2026-03-01 11:18:07.979"
"10185","와우산로25길","일반도로","국지도로","소로3류","폭6-8m","2026-03-01 11:18:07.979"
"10186","와우산로26길","일반도로","국지도로","소로","6m미만","2026-03-01 11:18:07.979"
"10187","와우산로27길","일반도로","국지도로","소로","6m미만","2026-03-01 11:18:07.979"
"10188","와우산로29가길","일반도로","국지도로","소로","6m미만","2026-03-01 11:18:07.979"
"10189","와우산로29길","일반도로","국지도로","소로","6m미만","2026-03-01 11:18:07.979"
"10190","와우산로29나길","일반도로","국지도로","소로","6m미만","2026-03-01 11:18:07.979"
"10191","와우산로29다길","일반도로","국지도로","소로","6m미만","2026-03-01 11:18:07.983"
"10192","와우산로29라길","일반도로","국지도로","소로","6m미만","2026-03-01 11:18:07.983"
"10193","와우산로29마길","일반도로","국지도로","소로","6m미만","2026-03-01 11:18:07.983"
"10194","와우산로29바길","일반도로","국지도로","소로","6m미만","2026-03-01 11:18:07.983"
"10195","와우산로30길","일반도로","국지도로","소로","6m미만","2026-03-01 11:18:07.983"
"10196","와우산로32길","일반도로","국지도로","소로","6m미만","2026-03-01 11:18:07.983"
"10197","와우산로33길","일반도로","국지도로","소로","6m미만","2026-03-01 11:18:07.983"
"10198","와우산로35길","일반도로","국지도로","소로3류","폭6-8m","2026-03-01 11:18:07.983"
"10199","와우산로37길","일반도로","국지도로","소로","6m미만","2026-03-01 11:18:07.983"
"10200","와우산로38길","일반도로","국지도로","소로","6m미만","2026-03-01 11:18:07.983"
"10201","와우산로3길","일반도로","국지도로","소로","6m미만","2026-03-01 11:18:07.988"
"10202","와우산로3안길","일반도로","국지도로","소로","6m미만","2026-03-01 11:18:07.988"
"10203","와우산로5길","일반도로","국지도로","소로","6m미만","2026-03-01 11:18:07.988"
"10204","와우산로7길","일반도로","국지도로","소로","6m미만","2026-03-01 11:18:07.988"
"10205","왕산로","일반도로","국지도로","소로","6m미만","2026-03-01 11:18:07.988"
"10206","왕산로11길","일반도로","국지도로","소로","6m미만","2026-03-01 11:18:07.988"
"10207","왕산로13가길","일반도로","국지도로","소로","6m미만","2026-03-01 11:18:07.988"
"10208","왕산로13길","일반도로","국지도로","소로","6m미만","2026-03-01 11:18:07.988"
"10209","왕산로16가길","일반도로","국지도로","소로","6m미만","2026-03-01 11:18:07.988"
"10210","왕산로16길","일반도로","국지도로","소로3류","폭6-8m","2026-03-01 11:18:07.988"
"10211","왕산로16나길","일반도로","국지도로","소로","6m미만","2026-03-01 11:18:07.993"
"10212","왕산로17길","일반도로","국지도로","소로","6m미만","2026-03-01 11:18:07.993"
"10213","왕산로19가길","일반도로","국지도로","소로","6m미만","2026-03-01 11:18:07.993"
"10214","왕산로19길","일반도로","국지도로","소로2류","폭8-10m","2026-03-01 11:18:07.993"
"10215","왕산로19나길","일반도로","국지도로","소로3류","폭6-8m","2026-03-01 11:18:07.993"
"10216","왕산로19다길","일반도로","국지도로","소로","6m미만","2026-03-01 11:18:07.993"
"10217","왕산로19라길","일반도로","국지도로","소로","6m미만","2026-03-01 11:18:07.993"
"10218","왕산로19마길","일반도로","국지도로","소로3류","폭6-8m","2026-03-01 11:18:07.993"
"10219","왕산로19바길","일반도로","국지도로","소로3류","폭6-8m","2026-03-01 11:18:07.993"
"10220","왕산로22길","일반도로","국지도로","소로","6m미만","2026-03-01 11:18:07.993"
"10221","왕산로23가길","일반도로","국지도로","소로","6m미만","2026-03-01 11:18:07.998"
"10222","왕산로23길","일반도로","국지도로","소로2류","폭8-10m","2026-03-01 11:18:07.998"
"10223","왕산로26가길","일반도로","국지도로","소로","6m미만","2026-03-01 11:18:07.998"
"10224","왕산로26길","일반도로","국지도로","소로","6m미만","2026-03-01 11:18:07.998"
"10225","왕산로28길","일반도로","국지도로","소로2류","폭8-10m","2026-03-01 11:18:07.998"
"10226","왕산로29길","일반도로","국지도로","소로2류","폭8-10m","2026-03-01 11:18:07.998"
"10227","왕산로2길","일반도로","국지도로","소로3류","폭6-8m","2026-03-01 11:18:07.998"
"10228","왕산로30길","일반도로","국지도로","소로","6m미만","2026-03-01 11:18:07.998"
"10229","왕산로32길","일반도로","국지도로","소로","6m미만","2026-03-01 11:18:07.998"
"10230","왕산로33길","일반도로","국지도로","소로1류","폭10-12m","2026-03-01 11:18:07.998"
"10231","왕산로35길","일반도로","국지도로","소로3류","폭6-8m","2026-03-01 11:18:08.003"
"10232","왕산로36길","일반도로","국지도로","소로","6m미만","2026-03-01 11:18:08.003"
"10233","왕산로37길","일반도로","국지도로","소로3류","폭6-8m","2026-03-01 11:18:08.003"
"10234","왕산로3가길","일반도로","국지도로","소로","6m미만","2026-03-01 11:18:08.003"
"10235","왕산로3길","일반도로","국지도로","소로","6m미만","2026-03-01 11:18:08.003"
"10236","왕산로41길","일반도로","국지도로","소로","6m미만","2026-03-01 11:18:08.003"
"10237","왕산로43가길","일반도로","국지도로","소로","6m미만","2026-03-01 11:18:08.003"
"10238","왕산로43길","일반도로","국지도로","소로","6m미만","2026-03-01 11:18:08.003"
"10239","왕산로43나길","일반도로","국지도로","소로","6m미만","2026-03-01 11:18:08.003"
"10240","왕산로43다길","일반도로","국지도로","소로","6m미만","2026-03-01 11:18:08.003"
"10241","왕산로45길","일반도로","국지도로","소로","6m미만","2026-03-01 11:18:08.008"
"10242","왕산로47길","일반도로","국지도로","소로","6m미만","2026-03-01 11:18:08.008"
"10243","왕산로49길","일반도로","국지도로","소로3류","폭6-8m","2026-03-01 11:18:08.008"
"10244","왕산로51길","일반도로","국지도로","소로","6m미만","2026-03-01 11:18:08.008"
"10245","왕산로53길","일반도로","국지도로","소로","6m미만","2026-03-01 11:18:08.008"
"10246","왕산로5길","일반도로","국지도로","소로","6m미만","2026-03-01 11:18:08.008"
"10247","왕산로7가길","일반도로","국지도로","소로","6m미만","2026-03-01 11:18:08.008"
"10248","왕산로7길","일반도로","국지도로","소로","6m미만","2026-03-01 11:18:08.008"
"10249","왕산로9길","일반도로","국지도로","소로1류","폭10-12m","2026-03-01 11:18:08.008"
"10250","왕십리광장로","일반도로","국지도로","소로1류","폭10-12m","2026-03-01 11:18:08.008"
"10251","왕십리로","일반도로","국지도로","소로3류","폭6-8m","2026-03-01 11:18:08.012"
"10252","왕십리로10길","일반도로","국지도로","소로","6m미만","2026-03-01 11:18:08.012"
"10253","왕십리로11길","일반도로","국지도로","소로3류","폭6-8m","2026-03-01 11:18:08.012"
"10254","왕십리로13길","일반도로","국지도로","소로3류","폭6-8m","2026-03-01 11:18:08.012"
"10255","왕십리로14가길","일반도로","국지도로","소로","6m미만","2026-03-01 11:18:08.012"
"10256","왕십리로14길","일반도로","국지도로","소로","6m미만","2026-03-01 11:18:08.012"
"10257","왕십리로14나길","일반도로","국지도로","소로","6m미만","2026-03-01 11:18:08.012"
"10258","왕십리로16가길","일반도로","국지도로","소로","6m미만","2026-03-01 11:18:08.012"
"10259","왕십리로16길","일반도로","국지도로","소로","6m미만","2026-03-01 11:18:08.012"
"10260","왕십리로19길","일반도로","국지도로","소로2류","폭8-10m","2026-03-01 11:18:08.012"
"10261","왕십리로20길","일반도로","국지도로","소로3류","폭6-8m","2026-03-01 11:18:08.017"
"10262","왕십리로21가길","일반도로","국지도로","소로","6m미만","2026-03-01 11:18:08.017"
"10263","왕십리로21길","일반도로","국지도로","소로","6m미만","2026-03-01 11:18:08.017"
"10264","왕십리로21나길","일반도로","국지도로","소로","6m미만","2026-03-01 11:18:08.017"
"10265","왕십리로21다길","일반도로","국지도로","소로","6m미만","2026-03-01 11:18:08.017"
"10266","왕십리로21라길","일반도로","국지도로","소로","6m미만","2026-03-01 11:18:08.017"
"10267","왕십리로21마길","일반도로","국지도로","소로","6m미만","2026-03-01 11:18:08.017"
"10268","왕십리로22길","일반도로","국지도로","소로","6m미만","2026-03-01 11:18:08.017"
"10269","왕십리로24가길","일반도로","국지도로","소로","6m미만","2026-03-01 11:18:08.017"
"10270","왕십리로24길","일반도로","국지도로","소로3류","폭6-8m","2026-03-01 11:18:08.017"
"10271","왕십리로24나길","일반도로","국지도로","소로1류","폭10-12m","2026-03-01 11:18:08.022"
"10272","왕십리로26길","일반도로","국지도로","소로","6m미만","2026-03-01 11:18:08.022"
"10273","왕십리로28가길","일반도로","국지도로","소로","6m미만","2026-03-01 11:18:08.022"
"10274","왕십리로28길","일반도로","국지도로","소로3류","폭6-8m","2026-03-01 11:18:08.022"
"10275","왕십리로2길","일반도로","국지도로","소로2류","폭8-10m","2026-03-01 11:18:08.022"
"10276","왕십리로30길","일반도로","국지도로","소로","6m미만","2026-03-01 11:18:08.022"
"10277","왕십리로31가길","일반도로","국지도로","소로","6m미만","2026-03-01 11:18:08.022"
"10278","왕십리로31길","일반도로","국지도로","소로","6m미만","2026-03-01 11:18:08.022"
"10279","왕십리로31나길","일반도로","국지도로","소로","6m미만","2026-03-01 11:18:08.022"
"10280","왕십리로33가길","일반도로","국지도로","소로","6m미만","2026-03-01 11:18:08.022"
"10281","왕십리로33길","일반도로","국지도로","소로","6m미만","2026-03-01 11:18:08.027"
"10282","왕십리로33나길","일반도로","국지도로","소로","6m미만","2026-03-01 11:18:08.027"
"10283","왕십리로37길","일반도로","국지도로","소로","6m미만","2026-03-01 11:18:08.027"
"10284","왕십리로39길","일반도로","국지도로","소로","6m미만","2026-03-01 11:18:08.027"
"10285","왕십리로4가길","일반도로","국지도로","소로3류","폭6-8m","2026-03-01 11:18:08.027"
"10286","왕십리로4길","일반도로","국지도로","소로","6m미만","2026-03-01 11:18:08.027"
"10287","왕십리로5길","일반도로","국지도로","소로3류","폭6-8m","2026-03-01 11:18:08.027"
"10288","왕십리로6길","일반도로","국지도로","소로","6m미만","2026-03-01 11:18:08.027"
"10289","왕십리로8길","일반도로","국지도로","소로","6m미만","2026-03-01 11:18:08.027"
"10290","외대역동로","일반도로","국지도로","소로","6m미만","2026-03-01 11:18:08.027"
"10291","외대역동로12가길","일반도로","국지도로","소로","6m미만","2026-03-01 11:18:08.031"
"10292","외대역동로12길","일반도로","국지도로","소로","6m미만","2026-03-01 11:18:08.031"
"10293","외대역동로14길","일반도로","국지도로","소로","6m미만","2026-03-01 11:18:08.031"
"10294","외대역동로16길","일반도로","국지도로","소로","6m미만","2026-03-01 11:18:08.031"
"10295","외대역동로18길","일반도로","국지도로","소로","6m미만","2026-03-01 11:18:08.031"
"10296","외대역동로1길","일반도로","국지도로","소로3류","폭6-8m","2026-03-01 11:18:08.031"
"10297","외대역동로20길","일반도로","국지도로","소로","6m미만","2026-03-01 11:18:08.031"
"10298","외대역동로22길","일반도로","국지도로","소로","6m미만","2026-03-01 11:18:08.031"
"10299","외대역동로24길","일반도로","국지도로","소로","6m미만","2026-03-01 11:18:08.031"
"10300","외대역동로26길","일반도로","국지도로","소로","6m미만","2026-03-01 11:18:08.031"
"10301","외대역동로27가길","일반도로","국지도로","소로","6m미만","2026-03-01 11:18:08.036"
"10302","외대역동로27길","일반도로","국지도로","소로","6m미만","2026-03-01 11:18:08.036"
"10303","외대역동로30길","일반도로","국지도로","소로","6m미만","2026-03-01 11:18:08.036"
"10304","외대역동로32길","일반도로","국지도로","소로","6m미만","2026-03-01 11:18:08.036"
"10305","외대역동로34가길","일반도로","국지도로","소로","6m미만","2026-03-01 11:18:08.036"
"10306","외대역동로34길","일반도로","국지도로","소로","6m미만","2026-03-01 11:18:08.036"
"10307","외대역동로35길","일반도로","국지도로","소로","6m미만","2026-03-01 11:18:08.036"
"10308","외대역동로3길","일반도로","국지도로","소로3류","폭6-8m","2026-03-01 11:18:08.036"
"10309","외대역동로4길","일반도로","국지도로","소로3류","폭6-8m","2026-03-01 11:18:08.036"
"10310","외대역동로5길","일반도로","국지도로","소로2류","폭8-10m","2026-03-01 11:18:08.036"
"10311","외대역동로6길","일반도로","국지도로","소로3류","폭6-8m","2026-03-01 11:18:08.041"
"10312","외발산~방화선","일반도로","보조간선도로","대로1류","폭35-40m","2026-03-01 11:18:08.041"
"10313","용답11길","일반도로","국지도로","소로","6m미만","2026-03-01 11:18:08.041"
"10314","용답13길","일반도로","국지도로","소로","6m미만","2026-03-01 11:18:08.041"
"10315","용답15가길","일반도로","국지도로","소로","6m미만","2026-03-01 11:18:08.041"
"10316","용답15길","일반도로","국지도로","소로","6m미만","2026-03-01 11:18:08.041"
"10317","용답17길","일반도로","국지도로","소로","6m미만","2026-03-01 11:18:08.041"
"10318","용답19가길","일반도로","국지도로","소로","6m미만","2026-03-01 11:18:08.041"
"10319","용답19길","일반도로","국지도로","소로3류","폭6-8m","2026-03-01 11:18:08.041"
"10320","용답1길","일반도로","국지도로","소로","6m미만","2026-03-01 11:18:08.041"
"10321","용답21길","일반도로","국지도로","소로","6m미만","2026-03-01 11:18:08.046"
"10322","용답23가길","일반도로","국지도로","소로","6m미만","2026-03-01 11:18:08.046"
"10323","용답23길","일반도로","국지도로","소로","6m미만","2026-03-01 11:18:08.046"
"10324","용답23나길","일반도로","국지도로","소로","6m미만","2026-03-01 11:18:08.046"
"10325","용답23다길","일반도로","국지도로","소로","6m미만","2026-03-01 11:18:08.046"
"10326","용답23라길","일반도로","국지도로","소로","6m미만","2026-03-01 11:18:08.046"
"10327","용답25가길","일반도로","국지도로","소로","6m미만","2026-03-01 11:18:08.046"
"10328","용답25길","일반도로","국지도로","소로","6m미만","2026-03-01 11:18:08.046"
"10329","용답25나길","일반도로","국지도로","소로","6m미만","2026-03-01 11:18:08.046"
"10330","용답25다길","일반도로","국지도로","소로","6m미만","2026-03-01 11:18:08.046"
"10331","용답25라길","일반도로","국지도로","소로","6m미만","2026-03-01 11:18:08.05"
"10332","용답27길","일반도로","국지도로","소로","6m미만","2026-03-01 11:18:08.05"
"10333","용답29가길","일반도로","국지도로","소로","6m미만","2026-03-01 11:18:08.05"
"10334","용답29길","일반도로","국지도로","소로","6m미만","2026-03-01 11:18:08.05"
"10335","용답9길","일반도로","국지도로","소로3류","폭6-8m","2026-03-01 11:18:08.05"
"10336","용답길","일반도로","국지도로","소로","6m미만","2026-03-01 11:18:08.05"
"10337","용답중앙11가길","일반도로","국지도로","소로","6m미만","2026-03-01 11:18:08.05"
"10338","용답중앙11길","일반도로","국지도로","소로","6m미만","2026-03-01 11:18:08.05"
"10339","용답중앙11나길","일반도로","국지도로","소로","6m미만","2026-03-01 11:18:08.05"
"10340","용답중앙11다길","일반도로","국지도로","소로","6m미만","2026-03-01 11:18:08.05"
"10341","용답중앙13가길","일반도로","국지도로","소로","6m미만","2026-03-01 11:18:08.055"
"10342","용답중앙13길","일반도로","국지도로","소로","6m미만","2026-03-01 11:18:08.055"
"10343","용답중앙15길","일반도로","국지도로","소로3류","폭6-8m","2026-03-01 11:18:08.055"
"10344","용답중앙17길","일반도로","국지도로","소로","6m미만","2026-03-01 11:18:08.055"
"10345","용답중앙19길","일반도로","국지도로","소로","6m미만","2026-03-01 11:18:08.055"
"10346","용답중앙21길","일반도로","국지도로","소로","6m미만","2026-03-01 11:18:08.055"
"10347","용답중앙23길","일반도로","국지도로","소로","6m미만","2026-03-01 11:18:08.055"
"10348","용답중앙25길","일반도로","국지도로","소로","6m미만","2026-03-01 11:18:08.055"
"10349","용답중앙27길","일반도로","국지도로","소로3류","폭6-8m","2026-03-01 11:18:08.055"
"10350","용답중앙3길","일반도로","국지도로","소로2류","폭8-10m","2026-03-01 11:18:08.055"
"10351","용답중앙5길","일반도로","국지도로","소로","6m미만","2026-03-01 11:18:08.059"
"10352","용답중앙길","일반도로","국지도로","소로","6m미만","2026-03-01 11:18:08.059"
"10353","용두~면목선","일반도로","보조간선도로","중로1류","폭20-25m","2026-03-01 11:18:08.059"
"10354","용마공원로","일반도로","국지도로","소로","6m미만","2026-03-01 11:18:08.059"
"10355","용마공원로10가길","일반도로","국지도로","소로","6m미만","2026-03-01 11:18:08.059"
"10356","용마공원로10길","일반도로","국지도로","소로","6m미만","2026-03-01 11:18:08.059"
"10357","용마공원로13길","일반도로","국지도로","소로","6m미만","2026-03-01 11:18:08.059"
"10358","용마공원로18길","일반도로","국지도로","소로","6m미만","2026-03-01 11:18:08.059"
"10359","용마공원로20길","일반도로","국지도로","소로","6m미만","2026-03-01 11:18:08.059"
"10360","용마공원로2길","일반도로","국지도로","소로","6m미만","2026-03-01 11:18:08.059"
"10361","용마공원로3길","일반도로","국지도로","소로","6m미만","2026-03-01 11:18:08.064"
"10362","용마공원로4길","일반도로","국지도로","소로","6m미만","2026-03-01 11:18:08.064"
"10363","용마공원로5가길","일반도로","국지도로","소로","6m미만","2026-03-01 11:18:08.064"
"10364","용마공원로5길","일반도로","국지도로","소로","6m미만","2026-03-01 11:18:08.064"
"10365","용마공원로9길","일반도로","국지도로","소로","6m미만","2026-03-01 11:18:08.064"
"10366","용마산로","일반도로","국지도로","소로","6m미만","2026-03-01 11:18:08.064"
"10367","용마산로100길","일반도로","국지도로","소로","6m미만","2026-03-01 11:18:08.064"
"10368","용마산로101길","일반도로","국지도로","소로","6m미만","2026-03-01 11:18:08.064"
"10369","용마산로102길","일반도로","국지도로","소로","6m미만","2026-03-01 11:18:08.064"
"10370","용마산로105길","일반도로","국지도로","소로","6m미만","2026-03-01 11:18:08.064"
"10371","용마산로106길","일반도로","국지도로","소로","6m미만","2026-03-01 11:18:08.069"
"10372","용마산로109길","일반도로","국지도로","소로","6m미만","2026-03-01 11:18:08.069"
"10373","용마산로10길","일반도로","국지도로","소로","6m미만","2026-03-01 11:18:08.069"
"10374","용마산로111길","일반도로","국지도로","소로","6m미만","2026-03-01 11:18:08.069"
"10375","용마산로112가길","일반도로","국지도로","소로","6m미만","2026-03-01 11:18:08.069"
"10376","용마산로112길","일반도로","국지도로","소로","6m미만","2026-03-01 11:18:08.069"
"10377","용마산로112나길","일반도로","국지도로","소로","6m미만","2026-03-01 11:18:08.069"
"10378","용마산로113길","일반도로","국지도로","소로","6m미만","2026-03-01 11:18:08.069"
"10379","용마산로114길","일반도로","국지도로","소로","6m미만","2026-03-01 11:18:08.069"
"10380","용마산로115가길","일반도로","국지도로","소로","6m미만","2026-03-01 11:18:08.069"
"10381","용마산로115길","일반도로","국지도로","소로2류","폭8-10m","2026-03-01 11:18:08.074"
"10382","용마산로115나길","일반도로","국지도로","소로","6m미만","2026-03-01 11:18:08.074"
"10383","용마산로116길","일반도로","국지도로","소로3류","폭6-8m","2026-03-01 11:18:08.074"
"10384","용마산로117가길","일반도로","국지도로","소로","6m미만","2026-03-01 11:18:08.074"
"10385","용마산로117길","일반도로","국지도로","중로2류","폭15-20m","2026-03-01 11:18:08.074"
"10386","용마산로118길","일반도로","국지도로","소로3류","폭6-8m","2026-03-01 11:18:08.074"
"10387","용마산로120길","일반도로","국지도로","소로","6m미만","2026-03-01 11:18:08.074"
"10388","용마산로122길","일반도로","국지도로","소로","6m미만","2026-03-01 11:18:08.074"
"10389","용마산로125가길","일반도로","국지도로","소로","6m미만","2026-03-01 11:18:08.074"
"10390","용마산로125길","일반도로","국지도로","소로","6m미만","2026-03-01 11:18:08.074"
"10391","용마산로125나길","일반도로","국지도로","소로3류","폭6-8m","2026-03-01 11:18:08.079"
"10392","용마산로125다길","일반도로","국지도로","소로3류","폭6-8m","2026-03-01 11:18:08.079"
"10393","용마산로128길","일반도로","국지도로","소로3류","폭6-8m","2026-03-01 11:18:08.079"
"10394","용마산로129가길","일반도로","국지도로","소로2류","폭8-10m","2026-03-01 11:18:08.079"
"10395","용마산로129길","일반도로","국지도로","소로","6m미만","2026-03-01 11:18:08.079"
"10396","용마산로129나길","일반도로","국지도로","소로","6m미만","2026-03-01 11:18:08.079"
"10397","용마산로12길","일반도로","국지도로","소로","6m미만","2026-03-01 11:18:08.079"
"10398","용마산로132길","일반도로","국지도로","소로","6m미만","2026-03-01 11:18:08.079"
"10399","용마산로136가길","일반도로","국지도로","소로","6m미만","2026-03-01 11:18:08.079"
"10400","용마산로136길","일반도로","국지도로","소로1류","폭10-12m","2026-03-01 11:18:08.079"
"10401","용마산로139가길","일반도로","국지도로","소로3류","폭6-8m","2026-03-01 11:18:08.083"
"10402","용마산로139길","일반도로","국지도로","소로","6m미만","2026-03-01 11:18:08.083"
"10403","용마산로139나길","일반도로","국지도로","소로","6m미만","2026-03-01 11:18:08.083"
"10404","용마산로139다길","일반도로","국지도로","소로","6m미만","2026-03-01 11:18:08.083"
"10405","용마산로139라길","일반도로","국지도로","소로","6m미만","2026-03-01 11:18:08.083"
"10406","용마산로142길","일반도로","국지도로","소로","6m미만","2026-03-01 11:18:08.083"
"10407","용마산로14길","일반도로","국지도로","소로","6m미만","2026-03-01 11:18:08.083"
"10408","용마산로16길","일반도로","국지도로","소로","6m미만","2026-03-01 11:18:08.083"
"10409","용마산로18길","일반도로","국지도로","소로","6m미만","2026-03-01 11:18:08.083"
"10410","용마산로1길","일반도로","국지도로","소로","6m미만","2026-03-01 11:18:08.083"
"10411","용마산로20길","일반도로","국지도로","소로","6m미만","2026-03-01 11:18:08.088"
"10412","용마산로21길","일반도로","국지도로","소로3류","폭6-8m","2026-03-01 11:18:08.088"
"10413","용마산로22길","일반도로","국지도로","소로3류","폭6-8m","2026-03-01 11:18:08.088"
"10414","용마산로23길","일반도로","국지도로","소로2류","폭8-10m","2026-03-01 11:18:08.088"
"10415","용마산로24길","일반도로","국지도로","소로3류","폭6-8m","2026-03-01 11:18:08.088"
"10416","용마산로25길","일반도로","국지도로","소로","6m미만","2026-03-01 11:18:08.088"
"10417","용마산로26길","일반도로","국지도로","소로","6m미만","2026-03-01 11:18:08.088"
"10418","용마산로27길","일반도로","국지도로","소로","6m미만","2026-03-01 11:18:08.088"
"10419","용마산로28가길","일반도로","국지도로","소로","6m미만","2026-03-01 11:18:08.088"
"10420","용마산로28길","일반도로","국지도로","소로","6m미만","2026-03-01 11:18:08.088"
"10421","용마산로28나길","일반도로","국지도로","소로","6m미만","2026-03-01 11:18:08.092"
"10422","용마산로28다길","일반도로","국지도로","소로","6m미만","2026-03-01 11:18:08.092"
"10423","용마산로29길","일반도로","국지도로","소로","6m미만","2026-03-01 11:18:08.092"
"10424","용마산로2길","일반도로","국지도로","소로","6m미만","2026-03-01 11:18:08.092"
"10425","용마산로30길","일반도로","국지도로","소로","6m미만","2026-03-01 11:18:08.092"
"10426","용마산로31길","일반도로","국지도로","소로","6m미만","2026-03-01 11:18:08.092"
"10427","용마산로32길","일반도로","국지도로","소로","6m미만","2026-03-01 11:18:08.092"
"10428","용마산로33길","일반도로","국지도로","소로","6m미만","2026-03-01 11:18:08.092"
"10429","용마산로34길","일반도로","국지도로","소로","6m미만","2026-03-01 11:18:08.092"
"10430","용마산로36길","일반도로","국지도로","소로","6m미만","2026-03-01 11:18:08.092"
"10431","용마산로3길","일반도로","국지도로","소로","6m미만","2026-03-01 11:18:08.097"
"10432","용마산로40길","일반도로","국지도로","소로2류","폭8-10m","2026-03-01 11:18:08.097"
"10433","용마산로45길","일반도로","국지도로","소로","6m미만","2026-03-01 11:18:08.097"
"10434","용마산로4길","일반도로","국지도로","소로","6m미만","2026-03-01 11:18:08.097"
"10435","용마산로51길","일반도로","국지도로","소로","6m미만","2026-03-01 11:18:08.097"
"10436","용마산로52길","일반도로","국지도로","소로","6m미만","2026-03-01 11:18:08.097"
"10437","용마산로53길","일반도로","국지도로","소로","6m미만","2026-03-01 11:18:08.097"
"10438","용마산로58길","일반도로","국지도로","소로","6m미만","2026-03-01 11:18:08.097"
"10439","용마산로5길","일반도로","국지도로","소로","6m미만","2026-03-01 11:18:08.097"
"10440","용마산로60가길","일반도로","국지도로","소로","6m미만","2026-03-01 11:18:08.097"
"10441","용마산로60길","일반도로","국지도로","소로","6m미만","2026-03-01 11:18:08.102"
"10442","용마산로62길","일반도로","국지도로","소로","6m미만","2026-03-01 11:18:08.102"
"10443","용마산로6길","일반도로","국지도로","소로3류","폭6-8m","2026-03-01 11:18:08.102"
"10444","용마산로70길","일반도로","국지도로","소로","6m미만","2026-03-01 11:18:08.102"
"10445","용마산로72길","일반도로","국지도로","소로","6m미만","2026-03-01 11:18:08.102"
"10446","용마산로77길","일반도로","국지도로","소로","6m미만","2026-03-01 11:18:08.102"
"10447","용마산로79길","일반도로","국지도로","소로","6m미만","2026-03-01 11:18:08.102"
"10448","용마산로7길","일반도로","국지도로","소로","6m미만","2026-03-01 11:18:08.102"
"10449","용마산로81길","일반도로","국지도로","소로","6m미만","2026-03-01 11:18:08.102"
"10450","용마산로84길","일반도로","국지도로","소로3류","폭6-8m","2026-03-01 11:18:08.102"
"10451","용마산로86길","일반도로","국지도로","소로","6m미만","2026-03-01 11:18:08.107"
"10452","용마산로89길","일반도로","국지도로","소로","6m미만","2026-03-01 11:18:08.107"
"10453","용마산로8가길","일반도로","국지도로","소로","6m미만","2026-03-01 11:18:08.107"
"10454","용마산로8길","일반도로","국지도로","소로","6m미만","2026-03-01 11:18:08.107"
"10455","용마산로8나길","일반도로","국지도로","소로","6m미만","2026-03-01 11:18:08.107"
"10456","용마산로8다길","일반도로","국지도로","소로","6m미만","2026-03-01 11:18:08.107"
"10457","용마산로8라길","일반도로","국지도로","소로","6m미만","2026-03-01 11:18:08.107"
"10458","용마산로8마길","일반도로","국지도로","소로","6m미만","2026-03-01 11:18:08.107"
"10459","용마산로90길","일반도로","국지도로","소로2류","폭8-10m","2026-03-01 11:18:08.107"
"10460","용마산로93길","일반도로","국지도로","소로3류","폭6-8m","2026-03-01 11:18:08.107"
"10461","용마산로94가길","일반도로","국지도로","소로","6m미만","2026-03-01 11:18:08.111"
"10462","용마산로94길","일반도로","국지도로","소로","6m미만","2026-03-01 11:18:08.112"
"10463","용마산로94나길","일반도로","국지도로","소로","6m미만","2026-03-01 11:18:08.112"
"10464","용마산로94다길","일반도로","국지도로","소로","6m미만","2026-03-01 11:18:08.112"
"10465","용마산로96가길","일반도로","국지도로","소로","6m미만","2026-03-01 11:18:08.112"
"10466","용마산로96길","일반도로","국지도로","소로","6m미만","2026-03-01 11:18:08.112"
"10467","용마산로96나길","일반도로","국지도로","소로","6m미만","2026-03-01 11:18:08.112"
"10468","용마산로99길","일반도로","국지도로","소로","6m미만","2026-03-01 11:18:08.112"
"10469","용산~서빙고선","일반도로","보조간선도로","중로1류","폭20-25m","2026-03-01 11:18:08.112"
"10470","용산~성수선","일반도로","보조간선도로","대로3류","폭25-30m","2026-03-01 11:18:08.112"
"10471","용인서울고속도로","일반도로","기타","소로1류","폭10-12m","2026-03-01 11:18:08.116"
"10472","우마1가길","일반도로","국지도로","소로","6m미만","2026-03-01 11:18:08.116"
"10473","우마1길","일반도로","국지도로","소로","6m미만","2026-03-01 11:18:08.116"
"10474","우마1나길","일반도로","국지도로","소로","6m미만","2026-03-01 11:18:08.116"
"10475","우마1다길","일반도로","국지도로","소로","6m미만","2026-03-01 11:18:08.116"
"10476","우마2가길","일반도로","국지도로","소로","6m미만","2026-03-01 11:18:08.116"
"10477","우마2길","일반도로","국지도로","소로","6m미만","2026-03-01 11:18:08.116"
"10478","우마2나길","일반도로","국지도로","소로","6m미만","2026-03-01 11:18:08.116"
"10479","우마3길","일반도로","국지도로","소로","6m미만","2026-03-01 11:18:08.116"
"10480","우마길","일반도로","국지도로","소로","6m미만","2026-03-01 11:18:08.116"
"10481","우면~수서선","일반도로","주간선도로","대로2류","폭30-35m","2026-03-01 11:18:08.121"
"10482","우면~중학선","일반도로","주간선도로","대로2류","폭30-35m","2026-03-01 11:18:08.121"
"10483","우면산로","일반도로","국지도로","확인","불가","2026-03-01 11:18:08.121"
"10484","우사단로","일반도로","국지도로","소로","6m미만","2026-03-01 11:18:08.121"
"10485","우사단로10가길","일반도로","국지도로","소로","6m미만","2026-03-01 11:18:08.121"
"10486","우사단로10길","일반도로","국지도로","소로","6m미만","2026-03-01 11:18:08.121"
"10487","우사단로10나길","일반도로","국지도로","소로","6m미만","2026-03-01 11:18:08.121"
"10488","우사단로10다길","일반도로","국지도로","소로","6m미만","2026-03-01 11:18:08.121"
"10489","우사단로10라길","일반도로","국지도로","소로","6m미만","2026-03-01 11:18:08.121"
"10490","우사단로10마길","일반도로","국지도로","소로","6m미만","2026-03-01 11:18:08.121"
"10491","우사단로10바길","일반도로","국지도로","소로","6m미만","2026-03-01 11:18:08.126"
"10492","우사단로12길","일반도로","국지도로","소로","6m미만","2026-03-01 11:18:08.126"
"10493","우사단로14길","일반도로","국지도로","소로","6m미만","2026-03-01 11:18:08.126"
"10494","우사단로2가길","일반도로","국지도로","소로","6m미만","2026-03-01 11:18:08.126"
"10495","우사단로2길","일반도로","국지도로","소로","6m미만","2026-03-01 11:18:08.126"
"10496","우사단로2나길","일반도로","국지도로","소로","6m미만","2026-03-01 11:18:08.126"
"10497","우사단로4가길","일반도로","국지도로","소로","6m미만","2026-03-01 11:18:08.126"
"10498","우사단로4길","일반도로","국지도로","소로","6m미만","2026-03-01 11:18:08.126"
"10499","우사단로4나길","일반도로","국지도로","소로","6m미만","2026-03-01 11:18:08.126"
"10500","우사단로4다길","일반도로","국지도로","소로","6m미만","2026-03-01 11:18:08.126"
"10501","우사단로4라길","일반도로","국지도로","소로","6m미만","2026-03-01 11:18:08.131"
"10502","우사단로6길","일반도로","국지도로","소로","6m미만","2026-03-01 11:18:08.131"
"10503","우이천로","일반도로","국지도로","소로","6m미만","2026-03-01 11:18:08.131"
"10504","우이천로10길","일반도로","국지도로","소로","6m미만","2026-03-01 11:18:08.131"
"10505","우이천로12길","일반도로","국지도로","소로","6m미만","2026-03-01 11:18:08.131"
"10506","우이천로16길","일반도로","국지도로","소로","6m미만","2026-03-01 11:18:08.131"
"10507","우이천로20길","일반도로","국지도로","중로2류","폭15-20m","2026-03-01 11:18:08.131"
"10508","우이천로22길","일반도로","국지도로","소로3류","폭6-8m","2026-03-01 11:18:08.131"
"10509","우이천로24길","일반도로","국지도로","소로","6m미만","2026-03-01 11:18:08.131"
"10510","우이천로2가길","일반도로","국지도로","소로2류","폭8-10m","2026-03-01 11:18:08.131"
"10511","우이천로2길","일반도로","국지도로","소로3류","폭6-8m","2026-03-01 11:18:08.135"
"10512","우이천로2나길","일반도로","국지도로","소로3류","폭6-8m","2026-03-01 11:18:08.135"
"10513","우이천로30길","일반도로","국지도로","소로3류","폭6-8m","2026-03-01 11:18:08.135"
"10514","우이천로32길","일반도로","국지도로","소로","6m미만","2026-03-01 11:18:08.135"
"10515","우이천로34가길","일반도로","국지도로","소로3류","폭6-8m","2026-03-01 11:18:08.135"
"10516","우이천로34길","일반도로","국지도로","소로3류","폭6-8m","2026-03-01 11:18:08.135"
"10517","우이천로34나길","일반도로","국지도로","소로","6m미만","2026-03-01 11:18:08.135"
"10518","우이천로36길","일반도로","국지도로","소로","6m미만","2026-03-01 11:18:08.135"
"10519","우이천로38가길","일반도로","국지도로","소로2류","폭8-10m","2026-03-01 11:18:08.135"
"10520","우이천로38길","일반도로","국지도로","소로","6m미만","2026-03-01 11:18:08.135"
"10521","우이천로38나길","일반도로","국지도로","소로","6m미만","2026-03-01 11:18:08.14"
"10522","우이천로38다길","일반도로","국지도로","소로","6m미만","2026-03-01 11:18:08.14"
"10523","우이천로38라길","일반도로","국지도로","소로","6m미만","2026-03-01 11:18:08.14"
"10524","우이천로38마길","일반도로","국지도로","소로","6m미만","2026-03-01 11:18:08.14"
"10525","우이천로39가길","일반도로","국지도로","소로3류","폭6-8m","2026-03-01 11:18:08.14"
"10526","우이천로39길","일반도로","국지도로","소로","6m미만","2026-03-01 11:18:08.14"
"10527","우이천로39나길","일반도로","국지도로","소로","6m미만","2026-03-01 11:18:08.14"
"10528","우이천로42가길","일반도로","국지도로","소로","6m미만","2026-03-01 11:18:08.14"
"10529","우이천로42길","일반도로","국지도로","소로","6m미만","2026-03-01 11:18:08.14"
"10530","우이천로42나길","일반도로","국지도로","소로","6m미만","2026-03-01 11:18:08.14"
"10531","우이천로44길","일반도로","국지도로","소로","6m미만","2026-03-01 11:18:08.145"
"10532","우이천로45길","일반도로","국지도로","소로","6m미만","2026-03-01 11:18:08.145"
"10533","우이천로46가길","일반도로","국지도로","소로","6m미만","2026-03-01 11:18:08.145"
"10534","우이천로46길","일반도로","국지도로","소로","6m미만","2026-03-01 11:18:08.145"
"10535","우이천로47길","일반도로","국지도로","소로","6m미만","2026-03-01 11:18:08.145"
"10536","우이천로48길","일반도로","국지도로","소로","6m미만","2026-03-01 11:18:08.145"
"10537","우이천로4가길","일반도로","국지도로","소로","6m미만","2026-03-01 11:18:08.145"
"10538","우이천로4길","일반도로","국지도로","소로","6m미만","2026-03-01 11:18:08.145"
"10539","우이천로4나길","일반도로","국지도로","소로","6m미만","2026-03-01 11:18:08.145"
"10540","우이천로4다길","일반도로","국지도로","소로3류","폭6-8m","2026-03-01 11:18:08.145"
"10541","우이천로4라길","일반도로","국지도로","소로3류","폭6-8m","2026-03-01 11:18:08.15"
"10542","우이천로50길","일반도로","국지도로","소로","6m미만","2026-03-01 11:18:08.15"
"10543","우이천로6길","일반도로","국지도로","소로","6m미만","2026-03-01 11:18:08.15"
"10544","우이천로8길","일반도로","국지도로","소로","6m미만","2026-03-01 11:18:08.15"
"10545","우장산로","일반도로","국지도로","소로3류","폭6-8m","2026-03-01 11:18:08.15"
"10546","우장산로10길","일반도로","국지도로","소로2류","폭8-10m","2026-03-01 11:18:08.15"
"10547","우장산로14길","일반도로","국지도로","소로","6m미만","2026-03-01 11:18:08.15"
"10548","우장산로15길","일반도로","국지도로","소로","6m미만","2026-03-01 11:18:08.15"
"10549","우장산로16길","일반도로","국지도로","소로","6m미만","2026-03-01 11:18:08.15"
"10550","우장산로2길","일반도로","국지도로","소로3류","폭6-8m","2026-03-01 11:18:08.15"
"10551","우장산로4길","일반도로","국지도로","소로","6m미만","2026-03-01 11:18:08.155"
"10552","우장산로6길","일반도로","국지도로","소로","6m미만","2026-03-01 11:18:08.155"
"10553","우장산로8길","일반도로","국지도로","소로","6m미만","2026-03-01 11:18:08.155"
"10554","우정국로","일반도로","국지도로","소로","6m미만","2026-03-01 11:18:08.155"
"10555","우정국로2길","일반도로","국지도로","소로3류","폭6-8m","2026-03-01 11:18:08.155"
"10556","우현로","일반도로","국지도로","소로3류","폭6-8m","2026-03-01 11:18:08.155"
"10557","워커힐로","일반도로","국지도로","중로2류","폭15-20m","2026-03-01 11:18:08.155"
"10558","원신10길","일반도로","국지도로","소로","6m미만","2026-03-01 11:18:08.155"
"10559","원신1길","일반도로","국지도로","소로","6m미만","2026-03-01 11:18:08.155"
"10560","원신2길","일반도로","국지도로","소로","6m미만","2026-03-01 11:18:08.155"
"10561","원신3길","일반도로","국지도로","소로","6m미만","2026-03-01 11:18:08.16"
"10562","원신4길","일반도로","국지도로","소로","6m미만","2026-03-01 11:18:08.16"
"10563","원신5길","일반도로","국지도로","소로","6m미만","2026-03-01 11:18:08.16"
"10564","원신6길","일반도로","국지도로","소로","6m미만","2026-03-01 11:18:08.16"
"10565","원신8길","일반도로","국지도로","소로","6m미만","2026-03-01 11:18:08.16"
"10566","원신길","일반도로","국지도로","소로","6m미만","2026-03-01 11:18:08.16"
"10567","원터1길","일반도로","국지도로","소로","6m미만","2026-03-01 11:18:08.16"
"10568","원터2길","일반도로","국지도로","소로","6m미만","2026-03-01 11:18:08.16"
"10569","원터3길","일반도로","국지도로","소로","6m미만","2026-03-01 11:18:08.16"
"10570","원터4길","일반도로","국지도로","소로","6m미만","2026-03-01 11:18:08.16"
"10571","원터5길","일반도로","국지도로","소로","6m미만","2026-03-01 11:18:08.165"
"10572","원터6길","일반도로","국지도로","소로","6m미만","2026-03-01 11:18:08.165"
"10573","원터길","일반도로","국지도로","소로","6m미만","2026-03-01 11:18:08.165"
"10574","원효로","일반도로","국지도로","소로3류","폭6-8m","2026-03-01 11:18:08.165"
"10575","원효로19가길","일반도로","국지도로","소로","6m미만","2026-03-01 11:18:08.165"
"10576","원효로19길","일반도로","국지도로","소로","6m미만","2026-03-01 11:18:08.165"
"10577","원효로19나길","일반도로","국지도로","소로","6m미만","2026-03-01 11:18:08.165"
"10578","원효로1길","일반도로","국지도로","소로3류","폭6-8m","2026-03-01 11:18:08.165"
"10579","원효로25길","일반도로","국지도로","소로","6m미만","2026-03-01 11:18:08.165"
"10580","원효로27길","일반도로","국지도로","소로","6m미만","2026-03-01 11:18:08.165"
"10581","원효로31길","일반도로","국지도로","소로","6m미만","2026-03-01 11:18:08.17"
"10582","원효로35가길","일반도로","국지도로","소로","6m미만","2026-03-01 11:18:08.17"
"10583","원효로35길","일반도로","국지도로","소로","6m미만","2026-03-01 11:18:08.17"
"10584","원효로35나길","일반도로","국지도로","소로","6m미만","2026-03-01 11:18:08.17"
"10585","원효로39길","일반도로","국지도로","소로","6m미만","2026-03-01 11:18:08.17"
"10586","원효로3길","일반도로","국지도로","소로","6m미만","2026-03-01 11:18:08.17"
"10587","원효로41가길","일반도로","국지도로","소로","6m미만","2026-03-01 11:18:08.17"
"10588","원효로41길","일반도로","국지도로","소로","6m미만","2026-03-01 11:18:08.17"
"10589","원효로48길","일반도로","국지도로","소로3류","폭6-8m","2026-03-01 11:18:08.17"
"10590","원효로52길","일반도로","국지도로","소로","6m미만","2026-03-01 11:18:08.17"
"10591","원효로53가길","일반도로","국지도로","소로","6m미만","2026-03-01 11:18:08.175"
"10592","원효로53길","일반도로","국지도로","소로","6m미만","2026-03-01 11:18:08.175"
"10593","원효로54길","일반도로","국지도로","소로3류","폭6-8m","2026-03-01 11:18:08.175"
"10594","원효로56길","일반도로","국지도로","소로","6m미만","2026-03-01 11:18:08.175"
"10595","원효로58길","일반도로","국지도로","소로","6m미만","2026-03-01 11:18:08.175"
"10596","원효로63길","일반도로","국지도로","소로3류","폭6-8m","2026-03-01 11:18:08.175"
"10597","원효로64길","일반도로","국지도로","소로","6m미만","2026-03-01 11:18:08.175"
"10598","원효로67길","일반도로","국지도로","소로","6m미만","2026-03-01 11:18:08.175"
"10599","원효로71길","일반도로","국지도로","소로","6m미만","2026-03-01 11:18:08.175"
"10600","원효로77가길","일반도로","국지도로","소로","6m미만","2026-03-01 11:18:08.175"
"10601","원효로77길","일반도로","국지도로","소로","6m미만","2026-03-01 11:18:08.18"
"10602","원효로80길","일반도로","국지도로","소로","6m미만","2026-03-01 11:18:08.18"
"10603","원효로81길","일반도로","국지도로","소로","6m미만","2026-03-01 11:18:08.18"
"10604","원효로83길","일반도로","국지도로","소로","6m미만","2026-03-01 11:18:08.18"
"10605","원효로84길","일반도로","국지도로","소로","6m미만","2026-03-01 11:18:08.18"
"10606","원효로89길","일반도로","국지도로","소로","6m미만","2026-03-01 11:18:08.18"
"10607","원효로90길","일반도로","국지도로","소로1류","폭10-12m","2026-03-01 11:18:08.18"
"10608","원효로93길","일반도로","국지도로","소로","6m미만","2026-03-01 11:18:08.18"
"10609","원효로97길","일반도로","국지도로","소로","6m미만","2026-03-01 11:18:08.18"
"10610","월계~도봉선","일반도로","보조간선도로","중로1류","폭20-25m","2026-03-01 11:18:08.18"
"10611","월계~마들선","일반도로","보조간선도로","중로1류","폭20-25m","2026-03-01 11:18:08.185"
"10612","월계로","일반도로","국지도로","소로","6m미만","2026-03-01 11:18:08.185"
"10613","월계로10길","일반도로","국지도로","소로","6m미만","2026-03-01 11:18:08.185"
"10614","월계로12길","일반도로","국지도로","소로","6m미만","2026-03-01 11:18:08.185"
"10615","월계로13길","일반도로","국지도로","소로","6m미만","2026-03-01 11:18:08.185"
"10616","월계로21가길","일반도로","국지도로","소로","6m미만","2026-03-01 11:18:08.185"
"10617","월계로21길","일반도로","국지도로","소로","6m미만","2026-03-01 11:18:08.185"
"10618","월계로21나길","일반도로","국지도로","소로","6m미만","2026-03-01 11:18:08.185"
"10619","월계로21다길","일반도로","국지도로","소로","6m미만","2026-03-01 11:18:08.185"
"10620","월계로22길","일반도로","국지도로","소로","6m미만","2026-03-01 11:18:08.185"
"10621","월계로32길","일반도로","국지도로","소로","6m미만","2026-03-01 11:18:08.19"
"10622","월계로36길","일반도로","국지도로","중로1류","폭20-25m","2026-03-01 11:18:08.19"
"10623","월계로37길","일반도로","국지도로","소로3류","폭6-8m","2026-03-01 11:18:08.19"
"10624","월계로38길","일반도로","국지도로","소로2류","폭8-10m","2026-03-01 11:18:08.19"
"10625","월계로3가길","일반도로","국지도로","소로","6m미만","2026-03-01 11:18:08.19"
"10626","월계로3길","일반도로","국지도로","소로","6m미만","2026-03-01 11:18:08.19"
"10627","월계로40길","일반도로","국지도로","소로3류","폭6-8m","2026-03-01 11:18:08.19"
"10628","월계로42길","일반도로","국지도로","소로2류","폭8-10m","2026-03-01 11:18:08.19"
"10629","월계로44가길","일반도로","국지도로","소로","6m미만","2026-03-01 11:18:08.19"
"10630","월계로44길","일반도로","국지도로","소로2류","폭8-10m","2026-03-01 11:18:08.19"
"10631","월계로44나길","일반도로","국지도로","소로","6m미만","2026-03-01 11:18:08.195"
"10632","월계로45가길","일반도로","국지도로","소로1류","폭10-12m","2026-03-01 11:18:08.195"
"10633","월계로45길","일반도로","국지도로","중로1류","폭20-25m","2026-03-01 11:18:08.195"
"10634","월계로49길","일반도로","국지도로","중로1류","폭20-25m","2026-03-01 11:18:08.195"
"10635","월계로53길","일반도로","국지도로","소로2류","폭8-10m","2026-03-01 11:18:08.195"
"10636","월계로55길","일반도로","국지도로","중로1류","폭20-25m","2026-03-01 11:18:08.195"
"10637","월계로5길","일반도로","국지도로","소로","6m미만","2026-03-01 11:18:08.195"
"10638","월계로7가길","일반도로","국지도로","소로","6m미만","2026-03-01 11:18:08.195"
"10639","월계로7길","일반도로","국지도로","소로","6m미만","2026-03-01 11:18:08.195"
"10640","월계로7나길","일반도로","국지도로","소로","6m미만","2026-03-01 11:18:08.195"
"10641","월계로8길","일반도로","국지도로","소로","6m미만","2026-03-01 11:18:08.2"
"10642","월곡로","일반도로","국지도로","소로","6m미만","2026-03-01 11:18:08.2"
"10643","월곡로10길","일반도로","국지도로","소로","6m미만","2026-03-01 11:18:08.2"
"10644","월곡로11길","일반도로","국지도로","소로","6m미만","2026-03-01 11:18:08.2"
"10645","월곡로13길","일반도로","국지도로","소로","6m미만","2026-03-01 11:18:08.2"
"10646","월곡로14길","일반도로","국지도로","소로","6m미만","2026-03-01 11:18:08.2"
"10647","월곡로16길","일반도로","국지도로","소로","6m미만","2026-03-01 11:18:08.2"
"10648","월곡로18가길","일반도로","국지도로","소로","6m미만","2026-03-01 11:18:08.2"
"10649","월곡로18길","일반도로","국지도로","소로","6m미만","2026-03-01 11:18:08.2"
"10650","월곡로18나길","일반도로","국지도로","소로","6m미만","2026-03-01 11:18:08.2"
"10651","월곡로2길","일반도로","국지도로","소로3류","폭6-8m","2026-03-01 11:18:08.205"
"10652","월곡로4길","일반도로","국지도로","소로","6m미만","2026-03-01 11:18:08.205"
"10653","월곡로5가길","일반도로","국지도로","소로","6m미만","2026-03-01 11:18:08.205"
"10654","월곡로5길","일반도로","국지도로","소로","6m미만","2026-03-01 11:18:08.205"
"10655","월곡로5나길","일반도로","국지도로","소로","6m미만","2026-03-01 11:18:08.205"
"10656","월곡로6길","일반도로","국지도로","소로","6m미만","2026-03-01 11:18:08.205"
"10657","월곡로7길","일반도로","국지도로","소로","6m미만","2026-03-01 11:18:08.205"
"10658","월곡로8길","일반도로","국지도로","소로","6m미만","2026-03-01 11:18:08.205"
"10659","월곡선","일반도로","보조간선도로","중로1류","폭20-25m","2026-03-01 11:18:08.205"
"10660","월드컵로","일반도로","국지도로","소로3류","폭6-8m","2026-03-01 11:18:08.205"
"10661","월드컵로10길","일반도로","국지도로","소로2류","폭8-10m","2026-03-01 11:18:08.21"
"10662","월드컵로11길","일반도로","국지도로","소로","6m미만","2026-03-01 11:18:08.21"
"10663","월드컵로12길","일반도로","국지도로","소로","6m미만","2026-03-01 11:18:08.21"
"10664","월드컵로13길","일반도로","국지도로","소로","6m미만","2026-03-01 11:18:08.21"
"10665","월드컵로14길","일반도로","국지도로","소로","6m미만","2026-03-01 11:18:08.21"
"10666","월드컵로15길","일반도로","국지도로","소로","6m미만","2026-03-01 11:18:08.21"
"10667","월드컵로16길","일반도로","국지도로","소로","6m미만","2026-03-01 11:18:08.21"
"10668","월드컵로17길","일반도로","국지도로","소로","6m미만","2026-03-01 11:18:08.21"
"10669","월드컵로19길","일반도로","국지도로","소로","6m미만","2026-03-01 11:18:08.21"
"10670","월드컵로1길","일반도로","국지도로","소로3류","폭6-8m","2026-03-01 11:18:08.21"
"10671","월드컵로20길","일반도로","국지도로","소로","6m미만","2026-03-01 11:18:08.215"
"10672","월드컵로21길","일반도로","국지도로","소로","6m미만","2026-03-01 11:18:08.215"
"10673","월드컵로23길","일반도로","국지도로","소로","6m미만","2026-03-01 11:18:08.215"
"10674","월드컵로25길","일반도로","국지도로","소로3류","폭6-8m","2026-03-01 11:18:08.215"
"10675","월드컵로26길","일반도로","국지도로","소로3류","폭6-8m","2026-03-01 11:18:08.215"
"10676","월드컵로28길","일반도로","국지도로","소로3류","폭6-8m","2026-03-01 11:18:08.215"
"10677","월드컵로29길","일반도로","국지도로","소로","6m미만","2026-03-01 11:18:08.215"
"10678","월드컵로30가길","일반도로","국지도로","소로","6m미만","2026-03-01 11:18:08.215"
"10679","월드컵로30길","일반도로","국지도로","소로","6m미만","2026-03-01 11:18:08.215"
"10680","월드컵로30나길","일반도로","국지도로","소로","6m미만","2026-03-01 11:18:08.215"
"10681","월드컵로30다길","일반도로","국지도로","소로","6m미만","2026-03-01 11:18:08.221"
"10682","월드컵로31길","일반도로","국지도로","소로3류","폭6-8m","2026-03-01 11:18:08.221"
"10683","월드컵로32길","일반도로","국지도로","소로","6m미만","2026-03-01 11:18:08.221"
"10684","월드컵로34길","일반도로","국지도로","소로2류","폭8-10m","2026-03-01 11:18:08.221"
"10685","월드컵로36길","일반도로","국지도로","소로3류","폭6-8m","2026-03-01 11:18:08.221"
"10686","월드컵로3길","일반도로","국지도로","소로2류","폭8-10m","2026-03-01 11:18:08.221"
"10687","월드컵로42길","일반도로","국지도로","중로2류","폭15-20m","2026-03-01 11:18:08.221"
"10688","월드컵로5길","일반도로","국지도로","소로3류","폭6-8m","2026-03-01 11:18:08.221"
"10689","월드컵로7길","일반도로","국지도로","소로","6m미만","2026-03-01 11:18:08.221"
"10690","월드컵로7안길","일반도로","국지도로","소로","6m미만","2026-03-01 11:18:08.221"
"10691","월드컵로8길","일반도로","국지도로","소로","6m미만","2026-03-01 11:18:08.226"
"10692","월드컵북로","일반도로","국지도로","소로3류","폭6-8m","2026-03-01 11:18:08.226"
"10693","월드컵북로11길","일반도로","국지도로","소로","6m미만","2026-03-01 11:18:08.226"
"10694","월드컵북로12길","일반도로","국지도로","소로","6m미만","2026-03-01 11:18:08.226"
"10695","월드컵북로12안길","일반도로","국지도로","소로3류","폭6-8m","2026-03-01 11:18:08.226"
"10696","월드컵북로15길","일반도로","국지도로","소로","6m미만","2026-03-01 11:18:08.226"
"10697","월드컵북로15안길","일반도로","국지도로","소로","6m미만","2026-03-01 11:18:08.226"
"10698","월드컵북로16길","일반도로","국지도로","소로3류","폭6-8m","2026-03-01 11:18:08.226"
"10699","월드컵북로18길","일반도로","국지도로","소로","6m미만","2026-03-01 11:18:08.226"
"10700","월드컵북로1길","일반도로","국지도로","소로","6m미만","2026-03-01 11:18:08.226"
"10701","월드컵북로20길","일반도로","국지도로","소로","6m미만","2026-03-01 11:18:08.231"
"10702","월드컵북로20안길","일반도로","국지도로","소로","6m미만","2026-03-01 11:18:08.231"
"10703","월드컵북로22길","일반도로","국지도로","소로3류","폭6-8m","2026-03-01 11:18:08.231"
"10704","월드컵북로23길","일반도로","국지도로","소로3류","폭6-8m","2026-03-01 11:18:08.231"
"10705","월드컵북로26길","일반도로","국지도로","소로","6m미만","2026-03-01 11:18:08.231"
"10706","월드컵북로26안길","일반도로","국지도로","소로","6m미만","2026-03-01 11:18:08.231"
"10707","월드컵북로27길","일반도로","국지도로","소로","6m미만","2026-03-01 11:18:08.231"
"10708","월드컵북로2길","일반도로","국지도로","소로3류","폭6-8m","2026-03-01 11:18:08.231"
"10709","월드컵북로30길","일반도로","국지도로","소로3류","폭6-8m","2026-03-01 11:18:08.231"
"10710","월드컵북로31길","일반도로","국지도로","소로","6m미만","2026-03-01 11:18:08.231"
"10711","월드컵북로33길","일반도로","국지도로","소로","6m미만","2026-03-01 11:18:08.236"
"10712","월드컵북로36길","일반도로","국지도로","소로3류","폭6-8m","2026-03-01 11:18:08.236"
"10713","월드컵북로38가길","일반도로","국지도로","소로","6m미만","2026-03-01 11:18:08.236"
"10714","월드컵북로38길","일반도로","국지도로","소로1류","폭10-12m","2026-03-01 11:18:08.236"
"10715","월드컵북로38나길","일반도로","국지도로","소로3류","폭6-8m","2026-03-01 11:18:08.236"
"10716","월드컵북로42가길","일반도로","국지도로","소로3류","폭6-8m","2026-03-01 11:18:08.236"
"10717","월드컵북로42길","일반도로","국지도로","중로1류","폭20-25m","2026-03-01 11:18:08.236"
"10718","월드컵북로42나길","일반도로","국지도로","소로","6m미만","2026-03-01 11:18:08.236"
"10719","월드컵북로42다길","일반도로","국지도로","소로","6m미만","2026-03-01 11:18:08.236"
"10720","월드컵북로42라길","일반도로","국지도로","소로","6m미만","2026-03-01 11:18:08.236"
"10721","월드컵북로43길","일반도로","국지도로","소로1류","폭10-12m","2026-03-01 11:18:08.241"
"10722","월드컵북로44길","일반도로","국지도로","소로","6m미만","2026-03-01 11:18:08.241"
"10723","월드컵북로45길","일반도로","국지도로","소로","6m미만","2026-03-01 11:18:08.241"
"10724","월드컵북로47길","일반도로","국지도로","중로1류","폭20-25m","2026-03-01 11:18:08.241"
"10725","월드컵북로48길","일반도로","국지도로","소로","6m미만","2026-03-01 11:18:08.241"
"10726","월드컵북로4길","일반도로","국지도로","소로","6m미만","2026-03-01 11:18:08.241"
"10727","월드컵북로50길","일반도로","국지도로","소로","6m미만","2026-03-01 11:18:08.241"
"10728","월드컵북로54길","일반도로","국지도로","중로1류","폭20-25m","2026-03-01 11:18:08.241"
"10729","월드컵북로56길","일반도로","국지도로","중로1류","폭20-25m","2026-03-01 11:18:08.241"
"10730","월드컵북로58길","일반도로","국지도로","중로1류","폭20-25m","2026-03-01 11:18:08.241"
"10731","월드컵북로5가길","일반도로","국지도로","소로3류","폭6-8m","2026-03-01 11:18:08.246"
"10732","월드컵북로5길","일반도로","국지도로","소로2류","폭8-10m","2026-03-01 11:18:08.246"
"10733","월드컵북로5나길","일반도로","국지도로","소로3류","폭6-8m","2026-03-01 11:18:08.246"
"10734","월드컵북로60길","일반도로","국지도로","중로1류","폭20-25m","2026-03-01 11:18:08.246"
"10735","월드컵북로62길","일반도로","국지도로","중로1류","폭20-25m","2026-03-01 11:18:08.246"
"10736","월드컵북로6길","일반도로","국지도로","소로3류","폭6-8m","2026-03-01 11:18:08.246"
"10737","월드컵북로7길","일반도로","국지도로","소로","6m미만","2026-03-01 11:18:08.246"
"10738","월드컵북로8길","일반도로","국지도로","소로","6m미만","2026-03-01 11:18:08.246"
"10739","월드컵북로9길","일반도로","국지도로","소로","6m미만","2026-03-01 11:18:08.246"
"10740","월정로","일반도로","국지도로","소로1류","폭10-12m","2026-03-01 11:18:08.246"
"10741","월정로11길","일반도로","국지도로","소로3류","폭6-8m","2026-03-01 11:18:08.251"
"10742","월정로13길","일반도로","국지도로","소로","6m미만","2026-03-01 11:18:08.251"
"10743","월정로14길","일반도로","국지도로","소로","6m미만","2026-03-01 11:18:08.251"
"10744","월정로15길","일반도로","국지도로","소로","6m미만","2026-03-01 11:18:08.251"
"10745","월정로16길","일반도로","국지도로","소로","6m미만","2026-03-01 11:18:08.251"
"10746","월정로17길","일반도로","국지도로","소로3류","폭6-8m","2026-03-01 11:18:08.251"
"10747","월정로18길","일반도로","국지도로","소로","6m미만","2026-03-01 11:18:08.251"
"10748","월정로19길","일반도로","국지도로","소로","6m미만","2026-03-01 11:18:08.251"
"10749","월정로20길","일반도로","국지도로","소로","6m미만","2026-03-01 11:18:08.251"
"10750","월정로24길","일반도로","국지도로","소로","6m미만","2026-03-01 11:18:08.251"
"10751","월정로25길","일반도로","국지도로","소로","6m미만","2026-03-01 11:18:08.255"
"10752","월정로27길","일반도로","국지도로","소로","6m미만","2026-03-01 11:18:08.255"
"10753","월정로28가길","일반도로","국지도로","소로","6m미만","2026-03-01 11:18:08.255"
"10754","월정로28길","일반도로","국지도로","소로3류","폭6-8m","2026-03-01 11:18:08.255"
"10755","월정로29길","일반도로","국지도로","소로3류","폭6-8m","2026-03-01 11:18:08.255"
"10756","월정로30가길","일반도로","국지도로","소로","6m미만","2026-03-01 11:18:08.255"
"10757","월정로30길","일반도로","국지도로","소로3류","폭6-8m","2026-03-01 11:18:08.255"
"10758","월정로30나길","일반도로","국지도로","소로","6m미만","2026-03-01 11:18:08.255"
"10759","월정로31길","일반도로","국지도로","소로","6m미만","2026-03-01 11:18:08.255"
"10760","월정로32길","일반도로","국지도로","소로","6m미만","2026-03-01 11:18:08.255"
"10761","월정로33길","일반도로","국지도로","소로","6m미만","2026-03-01 11:18:08.26"
"10762","월정로34길","일반도로","국지도로","소로","6m미만","2026-03-01 11:18:08.26"
"10763","월정로36길","일반도로","국지도로","소로2류","폭8-10m","2026-03-01 11:18:08.26"
"10764","월정로38길","일반도로","국지도로","소로3류","폭6-8m","2026-03-01 11:18:08.26"
"10765","월정로40길","일반도로","국지도로","소로3류","폭6-8m","2026-03-01 11:18:08.26"
"10766","월정로42길","일반도로","국지도로","소로","6m미만","2026-03-01 11:18:08.26"
"10767","월정로46길","일반도로","국지도로","소로","6m미만","2026-03-01 11:18:08.26"
"10768","월정로48길","일반도로","국지도로","소로","6m미만","2026-03-01 11:18:08.261"
"10769","월정로50길","일반도로","국지도로","중로2류","폭15-20m","2026-03-01 11:18:08.261"
"10770","월정로5길","일반도로","국지도로","소로2류","폭8-10m","2026-03-01 11:18:08.261"
"10771","월정로6길","일반도로","국지도로","소로","6m미만","2026-03-01 11:18:08.265"
"10772","월정로7길","일반도로","국지도로","소로3류","폭6-8m","2026-03-01 11:18:08.265"
"10773","월정로8길","일반도로","국지도로","소로","6m미만","2026-03-01 11:18:08.265"
"10774","월정로9길","일반도로","국지도로","소로3류","폭6-8m","2026-03-01 11:18:08.265"
"10775","위례~거여선","일반도로","보조간선도로","대로2류","폭30-35m","2026-03-01 11:18:08.265"
"10776","위례광장로","일반도로","국지도로","대로3류","폭25-30m","2026-03-01 11:18:08.265"
"10777","위례광장로2길","일반도로","국지도로","중로1류","폭20-25m","2026-03-01 11:18:08.265"
"10778","위례대로","일반도로","국지도로","대로1류","폭35-40m","2026-03-01 11:18:08.265"
"10779","위례북로","일반도로","국지도로","중로1류","폭20-25m","2026-03-01 11:18:08.265"
"10780","위례북로1길","일반도로","국지도로","소로1류","폭10-12m","2026-03-01 11:18:08.266"
"10781","위례북로2길","일반도로","국지도로","중로1류","폭20-25m","2026-03-01 11:18:08.27"
"10782","위례북로3길","일반도로","국지도로","소로2류","폭8-10m","2026-03-01 11:18:08.27"
"10783","위례북로4길","일반도로","국지도로","중로1류","폭20-25m","2026-03-01 11:18:08.27"
"10784","위례북로6길","일반도로","국지도로","중로1류","폭20-25m","2026-03-01 11:18:08.27"
"10785","위례서로","일반도로","국지도로","확인","불가","2026-03-01 11:18:08.27"
"10786","위례서이로","일반도로","국지도로","중로1류","폭20-25m","2026-03-01 11:18:08.27"
"10787","위례성대로","일반도로","국지도로","확인","불가","2026-03-01 11:18:08.27"
"10788","위례성대로10길","일반도로","국지도로","소로3류","폭6-8m","2026-03-01 11:18:08.27"
"10789","위례성대로12길","일반도로","국지도로","소로2류","폭8-10m","2026-03-01 11:18:08.27"
"10790","위례성대로14길","일반도로","국지도로","소로","6m미만","2026-03-01 11:18:08.27"
"10791","위례성대로16길","일반도로","국지도로","소로2류","폭8-10m","2026-03-01 11:18:08.275"
"10792","위례성대로18길","일반도로","국지도로","소로3류","폭6-8m","2026-03-01 11:18:08.275"
"10793","위례성대로20길","일반도로","국지도로","소로3류","폭6-8m","2026-03-01 11:18:08.275"
"10794","위례성대로22가길","일반도로","국지도로","소로2류","폭8-10m","2026-03-01 11:18:08.275"
"10795","위례성대로22길","일반도로","국지도로","소로2류","폭8-10m","2026-03-01 11:18:08.275"
"10796","위례성대로22나길","일반도로","국지도로","소로3류","폭6-8m","2026-03-01 11:18:08.275"
"10797","위례성대로2길","일반도로","국지도로","소로","6m미만","2026-03-01 11:18:08.275"
"10798","위례성대로4길","일반도로","국지도로","소로","6m미만","2026-03-01 11:18:08.275"
"10799","위례성대로6길","일반도로","국지도로","소로3류","폭6-8m","2026-03-01 11:18:08.275"
"10800","위례성대로8길","일반도로","국지도로","소로","6m미만","2026-03-01 11:18:08.275"
"10801","위례송파로","일반도로","국지도로","대로2류","폭30-35m","2026-03-01 11:18:08.28"
"10802","위례송파로1길","일반도로","국지도로","중로1류","폭20-25m","2026-03-01 11:18:08.28"
"10803","위례송파로2길","일반도로","국지도로","중로1류","폭20-25m","2026-03-01 11:18:08.28"
"10804","위례송파로3길","일반도로","국지도로","중로1류","폭20-25m","2026-03-01 11:18:08.28"
"10805","위례송파로5길","일반도로","국지도로","중로1류","폭20-25m","2026-03-01 11:18:08.28"
"10806","위례순환로","일반도로","국지도로","대로3류","폭25-30m","2026-03-01 11:18:08.28"
"10807","위례중앙로","일반도로","국지도로","중로1류","폭20-25m","2026-03-01 11:18:08.28"
"10808","위례터널선","일반도로","보조간선도로","중로2류","폭15-20m","2026-03-01 11:18:08.28"
"10809","유엔빌리지1길","일반도로","국지도로","소로3류","폭6-8m","2026-03-01 11:18:08.28"
"10810","유엔빌리지2길","일반도로","국지도로","소로2류","폭8-10m","2026-03-01 11:18:08.28"
"10811","유엔빌리지3길","일반도로","국지도로","소로","6m미만","2026-03-01 11:18:08.285"
"10812","유엔빌리지길","일반도로","국지도로","소로","6m미만","2026-03-01 11:18:08.285"
"10813","유통단지길","일반도로","국지도로","중로1류","폭20-25m","2026-03-01 11:18:08.285"
"10814","윤보선길","일반도로","국지도로","소로","6m미만","2026-03-01 11:18:08.285"
"10815","율곡로","일반도로","국지도로","소로","6m미만","2026-03-01 11:18:08.285"
"10816","율곡로10길","일반도로","국지도로","소로","6m미만","2026-03-01 11:18:08.285"
"10817","율곡로13가길","일반도로","국지도로","소로","6m미만","2026-03-01 11:18:08.285"
"10818","율곡로13길","일반도로","국지도로","소로","6m미만","2026-03-01 11:18:08.285"
"10819","율곡로14길","일반도로","국지도로","소로","6m미만","2026-03-01 11:18:08.285"
"10820","율곡로16길","일반도로","국지도로","소로","6m미만","2026-03-01 11:18:08.285"
"10821","율곡로17길","일반도로","국지도로","소로","6m미만","2026-03-01 11:18:08.29"
"10822","율곡로19가길","일반도로","국지도로","소로","6m미만","2026-03-01 11:18:08.29"
"10823","율곡로19길","일반도로","국지도로","소로","6m미만","2026-03-01 11:18:08.291"
"10824","율곡로1길","일반도로","국지도로","소로","6m미만","2026-03-01 11:18:08.291"
"10825","율곡로20길","일반도로","국지도로","소로","6m미만","2026-03-01 11:18:08.291"
"10826","율곡로22가길","일반도로","국지도로","소로","6m미만","2026-03-01 11:18:08.291"
"10827","율곡로22길","일반도로","국지도로","소로","6m미만","2026-03-01 11:18:08.291"
"10828","율곡로22나길","일반도로","국지도로","소로","6m미만","2026-03-01 11:18:08.291"
"10829","율곡로23가길","일반도로","국지도로","소로","6m미만","2026-03-01 11:18:08.291"
"10830","율곡로23길","일반도로","국지도로","소로","6m미만","2026-03-01 11:18:08.291"
"10831","율곡로25길","일반도로","국지도로","소로","6m미만","2026-03-01 11:18:08.296"
"10832","율곡로27길","일반도로","국지도로","소로","6m미만","2026-03-01 11:18:08.296"
"10833","율곡로29길","일반도로","국지도로","소로","6m미만","2026-03-01 11:18:08.296"
"10834","율곡로2길","일반도로","국지도로","중로2류","폭15-20m","2026-03-01 11:18:08.296"
"10835","율곡로30길","일반도로","국지도로","소로","6m미만","2026-03-01 11:18:08.296"
"10836","율곡로3길","일반도로","국지도로","소로","6m미만","2026-03-01 11:18:08.296"
"10837","율곡로4길","일반도로","국지도로","소로","6m미만","2026-03-01 11:18:08.296"
"10838","율곡로5길","일반도로","국지도로","소로","6m미만","2026-03-01 11:18:08.296"
"10839","율곡로6길","일반도로","국지도로","소로","6m미만","2026-03-01 11:18:08.296"
"10840","율곡로8길","일반도로","국지도로","소로","6m미만","2026-03-01 11:18:08.296"
"10841","은천로","일반도로","국지도로","소로","6m미만","2026-03-01 11:18:08.3"
"10842","은천로10길","일반도로","국지도로","소로3류","폭6-8m","2026-03-01 11:18:08.301"
"10843","은천로11길","일반도로","국지도로","소로2류","폭8-10m","2026-03-01 11:18:08.301"
"10844","은천로15길","일반도로","국지도로","소로","6m미만","2026-03-01 11:18:08.301"
"10845","은천로19길","일반도로","국지도로","소로","6m미만","2026-03-01 11:18:08.301"
"10846","은천로1길","일반도로","국지도로","소로","6m미만","2026-03-01 11:18:08.301"
"10847","은천로21길","일반도로","국지도로","소로","6m미만","2026-03-01 11:18:08.301"
"10848","은천로23길","일반도로","국지도로","소로","6m미만","2026-03-01 11:18:08.301"
"10849","은천로24길","일반도로","국지도로","소로","6m미만","2026-03-01 11:18:08.301"
"10850","은천로25가길","일반도로","국지도로","소로1류","폭10-12m","2026-03-01 11:18:08.301"
"10851","은천로25길","일반도로","국지도로","소로","6m미만","2026-03-01 11:18:08.306"
"10852","은천로26길","일반도로","국지도로","소로","6m미만","2026-03-01 11:18:08.306"
"10853","은천로28가길","일반도로","국지도로","소로","6m미만","2026-03-01 11:18:08.306"
"10854","은천로28길","일반도로","국지도로","소로","6m미만","2026-03-01 11:18:08.306"
"10855","은천로2길","일반도로","국지도로","소로","6m미만","2026-03-01 11:18:08.306"
"10856","은천로30길","일반도로","국지도로","소로","6m미만","2026-03-01 11:18:08.306"
"10857","은천로32길","일반도로","국지도로","소로","6m미만","2026-03-01 11:18:08.306"
"10858","은천로33길","일반도로","국지도로","중로1류","폭20-25m","2026-03-01 11:18:08.306"
"10859","은천로34길","일반도로","국지도로","소로","6m미만","2026-03-01 11:18:08.306"
"10860","은천로35가길","일반도로","국지도로","소로","6m미만","2026-03-01 11:18:08.306"
"10861","은천로35길","일반도로","국지도로","소로","6m미만","2026-03-01 11:18:08.311"
"10862","은천로35나길","일반도로","국지도로","소로","6m미만","2026-03-01 11:18:08.311"
"10863","은천로35다길","일반도로","국지도로","소로","6m미만","2026-03-01 11:18:08.311"
"10864","은천로35라길","일반도로","국지도로","소로","6m미만","2026-03-01 11:18:08.311"
"10865","은천로35마길","일반도로","국지도로","소로","6m미만","2026-03-01 11:18:08.311"
"10866","은천로35바길","일반도로","국지도로","소로3류","폭6-8m","2026-03-01 11:18:08.311"
"10867","은천로36길","일반도로","국지도로","소로","6m미만","2026-03-01 11:18:08.311"
"10868","은천로37길","일반도로","국지도로","소로","6m미만","2026-03-01 11:18:08.311"
"10869","은천로38길","일반도로","국지도로","소로","6m미만","2026-03-01 11:18:08.311"
"10870","은천로39길","일반도로","국지도로","소로","6m미만","2026-03-01 11:18:08.311"
"10871","은천로41길","일반도로","국지도로","소로","6m미만","2026-03-01 11:18:08.316"
"10872","은천로5길","일반도로","국지도로","소로","6m미만","2026-03-01 11:18:08.316"
"10873","은천로6길","일반도로","국지도로","소로","6m미만","2026-03-01 11:18:08.316"
"10874","은천로8길","일반도로","국지도로","소로","6m미만","2026-03-01 11:18:08.316"
"10875","은천로9길","일반도로","국지도로","소로","6m미만","2026-03-01 11:18:08.316"
"10876","은평로","일반도로","국지도로","소로3류","폭6-8m","2026-03-01 11:18:08.316"
"10877","은평로10길","일반도로","국지도로","소로","6m미만","2026-03-01 11:18:08.316"
"10878","은평로11길","일반도로","국지도로","소로3류","폭6-8m","2026-03-01 11:18:08.316"
"10879","은평로12길","일반도로","국지도로","소로","6m미만","2026-03-01 11:18:08.316"
"10880","은평로13길","일반도로","국지도로","소로3류","폭6-8m","2026-03-01 11:18:08.316"
"10881","은평로14길","일반도로","국지도로","소로","6m미만","2026-03-01 11:18:08.321"
"10882","은평로16길","일반도로","국지도로","소로3류","폭6-8m","2026-03-01 11:18:08.321"
"10883","은평로16나길","일반도로","국지도로","소로","6m미만","2026-03-01 11:18:08.321"
"10884","은평로18길","일반도로","국지도로","소로3류","폭6-8m","2026-03-01 11:18:08.321"
"10885","은평로1길","일반도로","국지도로","소로3류","폭6-8m","2026-03-01 11:18:08.321"
"10886","은평로20길","일반도로","국지도로","소로3류","폭6-8m","2026-03-01 11:18:08.321"
"10887","은평로21가길","일반도로","국지도로","소로3류","폭6-8m","2026-03-01 11:18:08.321"
"10888","은평로21길","일반도로","국지도로","소로","6m미만","2026-03-01 11:18:08.321"
"10889","은평로2길","일반도로","국지도로","소로","6m미만","2026-03-01 11:18:08.321"
"10890","은평로3가길","일반도로","국지도로","소로","6m미만","2026-03-01 11:18:08.321"
"10891","은평로3길","일반도로","국지도로","소로","6m미만","2026-03-01 11:18:08.326"
"10892","은평로4길","일반도로","국지도로","소로","6m미만","2026-03-01 11:18:08.326"
"10893","은평로6길","일반도로","국지도로","소로","6m미만","2026-03-01 11:18:08.326"
"10894","은평로8길","일반도로","국지도로","소로","6m미만","2026-03-01 11:18:08.326"
"10895","은평로9길","일반도로","국지도로","소로3류","폭6-8m","2026-03-01 11:18:08.326"
"10896","은평터널로","일반도로","국지도로","소로","6m미만","2026-03-01 11:18:08.326"
"10897","은평터널로11길","일반도로","국지도로","소로","6m미만","2026-03-01 11:18:08.326"
"10898","은평터널로13길","일반도로","국지도로","소로","6m미만","2026-03-01 11:18:08.326"
"10899","은평터널로1길","일반도로","국지도로","소로2류","폭8-10m","2026-03-01 11:18:08.326"
"10900","은평터널로2길","일반도로","국지도로","소로","6m미만","2026-03-01 11:18:08.326"
"10901","은평터널로5길","일반도로","국지도로","소로","6m미만","2026-03-01 11:18:08.331"
"10902","은평터널로7가길","일반도로","국지도로","소로","6m미만","2026-03-01 11:18:08.331"
"10903","은평터널로7길","일반도로","국지도로","소로","6m미만","2026-03-01 11:18:08.331"
"10904","은평터널로9가길","일반도로","국지도로","소로","6m미만","2026-03-01 11:18:08.331"
"10905","은평터널로9길","일반도로","국지도로","소로","6m미만","2026-03-01 11:18:08.331"
"10906","은행나무로","일반도로","국지도로","소로2류","폭8-10m","2026-03-01 11:18:08.331"
"10907","은행나무로10길","일반도로","국지도로","소로","6m미만","2026-03-01 11:18:08.331"
"10908","은행나무로12길","일반도로","국지도로","소로","6m미만","2026-03-01 11:18:08.331"
"10909","은행나무로7길","일반도로","국지도로","소로","6m미만","2026-03-01 11:18:08.331"
"10910","은행로","일반도로","국지도로","중로1류","폭20-25m","2026-03-01 11:18:08.331"
"10911","은행정로","일반도로","국지도로","소로3류","폭6-8m","2026-03-01 11:18:08.336"
"10912","은행정로11가길","일반도로","국지도로","소로","6m미만","2026-03-01 11:18:08.336"
"10913","은행정로11길","일반도로","국지도로","소로","6m미만","2026-03-01 11:18:08.336"
"10914","은행정로11나길","일반도로","국지도로","소로","6m미만","2026-03-01 11:18:08.336"
"10915","은행정로13길","일반도로","국지도로","소로","6m미만","2026-03-01 11:18:08.336"
"10916","은행정로15길","일반도로","국지도로","소로","6m미만","2026-03-01 11:18:08.336"
"10917","은행정로17길","일반도로","국지도로","소로","6m미만","2026-03-01 11:18:08.336"
"10918","은행정로18길","일반도로","국지도로","소로","6m미만","2026-03-01 11:18:08.336"
"10919","은행정로19가길","일반도로","국지도로","소로","6m미만","2026-03-01 11:18:08.336"
"10920","은행정로19길","일반도로","국지도로","소로","6m미만","2026-03-01 11:18:08.336"
"10921","은행정로1길","일반도로","국지도로","소로","6m미만","2026-03-01 11:18:08.341"
"10922","은행정로20길","일반도로","국지도로","소로","6m미만","2026-03-01 11:18:08.341"
"10923","은행정로2길","일반도로","국지도로","소로","6m미만","2026-03-01 11:18:08.341"
"10924","은행정로3길","일반도로","국지도로","소로3류","폭6-8m","2026-03-01 11:18:08.341"
"10925","은행정로4길","일반도로","국지도로","소로3류","폭6-8m","2026-03-01 11:18:08.341"
"10926","은행정로5길","일반도로","국지도로","소로","6m미만","2026-03-01 11:18:08.341"
"10927","은행정로6길","일반도로","국지도로","소로","6m미만","2026-03-01 11:18:08.341"
"10928","은행정로7길","일반도로","국지도로","소로","6m미만","2026-03-01 11:18:08.341"
"10929","을지~둔촌선","일반도로","주간선도로","대로3류","폭25-30m","2026-03-01 11:18:08.341"
"10930","을지로","일반도로","국지도로","소로","6m미만","2026-03-01 11:18:08.341"
"10931","을지로11길","일반도로","국지도로","소로","6m미만","2026-03-01 11:18:08.346"
"10932","을지로12길","일반도로","국지도로","소로","6m미만","2026-03-01 11:18:08.346"
"10933","을지로13길","일반도로","국지도로","소로","6m미만","2026-03-01 11:18:08.346"
"10934","을지로14길","일반도로","국지도로","소로","6m미만","2026-03-01 11:18:08.346"
"10935","을지로15길","일반도로","국지도로","소로","6m미만","2026-03-01 11:18:08.346"
"10936","을지로16길","일반도로","국지도로","소로","6m미만","2026-03-01 11:18:08.346"
"10937","을지로17길","일반도로","국지도로","소로","6m미만","2026-03-01 11:18:08.346"
"10938","을지로18길","일반도로","국지도로","소로","6m미만","2026-03-01 11:18:08.346"
"10939","을지로1길","일반도로","국지도로","소로3류","폭6-8m","2026-03-01 11:18:08.346"
"10940","을지로20길","일반도로","국지도로","소로","6m미만","2026-03-01 11:18:08.346"
"10941","을지로22길","일반도로","국지도로","소로","6m미만","2026-03-01 11:18:08.351"
"10942","을지로24길","일반도로","국지도로","소로2류","폭8-10m","2026-03-01 11:18:08.351"
"10943","을지로27가길","일반도로","국지도로","소로","6m미만","2026-03-01 11:18:08.351"
"10944","을지로27길","일반도로","국지도로","소로","6m미만","2026-03-01 11:18:08.351"
"10945","을지로28길","일반도로","국지도로","소로","6m미만","2026-03-01 11:18:08.351"
"10946","을지로30길","일반도로","국지도로","소로","6m미만","2026-03-01 11:18:08.351"
"10947","을지로32길","일반도로","국지도로","소로3류","폭6-8m","2026-03-01 11:18:08.351"
"10948","을지로33길","일반도로","국지도로","소로","6m미만","2026-03-01 11:18:08.351"
"10949","을지로35길","일반도로","국지도로","소로","6m미만","2026-03-01 11:18:08.351"
"10950","을지로36길","일반도로","국지도로","소로3류","폭6-8m","2026-03-01 11:18:08.351"
"10951","을지로38길","일반도로","국지도로","소로","6m미만","2026-03-01 11:18:08.356"
"10952","을지로39길","일반도로","국지도로","중로1류","폭20-25m","2026-03-01 11:18:08.356"
"10953","을지로3길","일반도로","국지도로","소로2류","폭8-10m","2026-03-01 11:18:08.356"
"10954","을지로40길","일반도로","국지도로","소로","6m미만","2026-03-01 11:18:08.356"
"10955","을지로41길","일반도로","국지도로","소로3류","폭6-8m","2026-03-01 11:18:08.356"
"10956","을지로42길","일반도로","국지도로","소로","6m미만","2026-03-01 11:18:08.356"
"10957","을지로43길","일반도로","국지도로","소로","6m미만","2026-03-01 11:18:08.356"
"10958","을지로44길","일반도로","국지도로","소로","6m미만","2026-03-01 11:18:08.356"
"10959","을지로45길","일반도로","국지도로","중로1류","폭20-25m","2026-03-01 11:18:08.356"
"10960","을지로5길","일반도로","국지도로","소로1류","폭10-12m","2026-03-01 11:18:08.356"
"10961","을지로7길","일반도로","국지도로","소로2류","폭8-10m","2026-03-01 11:18:08.361"
"10962","을지로9길","일반도로","국지도로","소로2류","폭8-10m","2026-03-01 11:18:08.361"
"10963","응암로","일반도로","국지도로","소로","6m미만","2026-03-01 11:18:08.361"
"10964","응암로11길","일반도로","국지도로","소로3류","폭6-8m","2026-03-01 11:18:08.361"
"10965","응암로12길","일반도로","국지도로","소로","6m미만","2026-03-01 11:18:08.361"
"10966","응암로13길","일반도로","국지도로","소로1류","폭10-12m","2026-03-01 11:18:08.361"
"10967","응암로14길","일반도로","국지도로","소로","6m미만","2026-03-01 11:18:08.361"
"10968","응암로16가길","일반도로","국지도로","소로3류","폭6-8m","2026-03-01 11:18:08.361"
"10969","응암로16길","일반도로","국지도로","소로3류","폭6-8m","2026-03-01 11:18:08.361"
"10970","응암로18길","일반도로","국지도로","소로","6m미만","2026-03-01 11:18:08.361"
"10971","응암로1길","일반도로","국지도로","소로2류","폭8-10m","2026-03-01 11:18:08.365"
"10972","응암로20길","일반도로","국지도로","소로","6m미만","2026-03-01 11:18:08.365"
"10973","응암로21가길","일반도로","국지도로","소로3류","폭6-8m","2026-03-01 11:18:08.365"
"10974","응암로21길","일반도로","국지도로","소로3류","폭6-8m","2026-03-01 11:18:08.365"
"10975","응암로22길","일반도로","국지도로","소로","6m미만","2026-03-01 11:18:08.365"
"10976","응암로24길","일반도로","국지도로","소로3류","폭6-8m","2026-03-01 11:18:08.365"
"10977","응암로25길","일반도로","국지도로","소로","6m미만","2026-03-01 11:18:08.365"
"10978","응암로26길","일반도로","국지도로","소로","6m미만","2026-03-01 11:18:08.365"
"10979","응암로28길","일반도로","국지도로","중로1류","폭20-25m","2026-03-01 11:18:08.365"
"10980","응암로29길","일반도로","국지도로","소로","6m미만","2026-03-01 11:18:08.365"
"10981","응암로2길","일반도로","국지도로","소로2류","폭8-10m","2026-03-01 11:18:08.37"
"10982","응암로30길","일반도로","국지도로","소로2류","폭8-10m","2026-03-01 11:18:08.37"
"10983","응암로32길","일반도로","국지도로","소로","6m미만","2026-03-01 11:18:08.37"
"10984","응암로34가길","일반도로","국지도로","소로","6m미만","2026-03-01 11:18:08.37"
"10985","응암로34길","일반도로","국지도로","소로","6m미만","2026-03-01 11:18:08.37"
"10986","응암로34나길","일반도로","국지도로","소로","6m미만","2026-03-01 11:18:08.37"
"10987","응암로4길","일반도로","국지도로","소로","6m미만","2026-03-01 11:18:08.37"
"10988","응암로5길","일반도로","국지도로","소로","6m미만","2026-03-01 11:18:08.37"
"10989","응암로7길","일반도로","국지도로","소로","6m미만","2026-03-01 11:18:08.37"
"10990","응암로9길","일반도로","국지도로","소로","6m미만","2026-03-01 11:18:08.37"
"10991","의사당대로","일반도로","국지도로","대로3류","폭25-30m","2026-03-01 11:18:08.375"
"10992","의사당대로1길","일반도로","국지도로","소로1류","폭10-12m","2026-03-01 11:18:08.375"
"10993","의사당선","일반도로","보조간선도로","중로2류","폭15-20m","2026-03-01 11:18:08.375"
"10994","의상봉길","일반도로","국지도로","소로","6m미만","2026-03-01 11:18:08.375"
"10995","이문~신내선","일반도로","보조간선도로","중로2류","폭15-20m","2026-03-01 11:18:08.375"
"10996","이문~창동선","일반도로","보조간선도로","중로1류","폭20-25m","2026-03-01 11:18:08.375"
"10997","이문로","일반도로","국지도로","소로","6m미만","2026-03-01 11:18:08.375"
"10998","이문로12길","일반도로","국지도로","소로","6m미만","2026-03-01 11:18:08.375"
"10999","이문로13길","일반도로","국지도로","소로3류","폭6-8m","2026-03-01 11:18:08.375"
"11000","이문로16가길","일반도로","국지도로","소로","6m미만","2026-03-01 11:18:08.375"
"11001","이문로16길","일반도로","국지도로","소로","6m미만","2026-03-01 11:18:08.38"
"11002","이문로17길","일반도로","국지도로","소로","6m미만","2026-03-01 11:18:08.38"
"11003","이문로19길","일반도로","국지도로","소로","6m미만","2026-03-01 11:18:08.38"
"11004","이문로1길","일반도로","국지도로","소로3류","폭6-8m","2026-03-01 11:18:08.38"
"11005","이문로21길","일반도로","국지도로","소로","6m미만","2026-03-01 11:18:08.38"
"11006","이문로24길","일반도로","국지도로","소로","6m미만","2026-03-01 11:18:08.38"
"11007","이문로25길","일반도로","국지도로","소로","6m미만","2026-03-01 11:18:08.38"
"11008","이문로28길","일반도로","국지도로","소로","6m미만","2026-03-01 11:18:08.38"
"11009","이문로30길","일반도로","국지도로","소로3류","폭6-8m","2026-03-01 11:18:08.38"
"11010","이문로33가길","일반도로","국지도로","소로","6m미만","2026-03-01 11:18:08.38"
"11011","이문로33길","일반도로","국지도로","소로","6m미만","2026-03-01 11:18:08.385"
"11012","이문로34길","일반도로","국지도로","소로2류","폭8-10m","2026-03-01 11:18:08.385"
"11013","이문로35길","일반도로","국지도로","소로","6m미만","2026-03-01 11:18:08.385"
"11014","이문로35라길","일반도로","국지도로","소로","6m미만","2026-03-01 11:18:08.385"
"11015","이문로38길","일반도로","국지도로","소로","6m미만","2026-03-01 11:18:08.385"
"11016","이문로3길","일반도로","국지도로","소로","6m미만","2026-03-01 11:18:08.385"
"11017","이문로42길","일반도로","국지도로","소로","6m미만","2026-03-01 11:18:08.385"
"11018","이문로46길","일반도로","국지도로","소로","6m미만","2026-03-01 11:18:08.385"
"11019","이문로50길","일반도로","국지도로","소로","6m미만","2026-03-01 11:18:08.385"
"11020","이문로51길","일반도로","국지도로","소로","6m미만","2026-03-01 11:18:08.385"
"11021","이문로54길","일반도로","국지도로","중로1류","폭20-25m","2026-03-01 11:18:08.39"
"11022","이문로6길","일반도로","국지도로","소로","6m미만","2026-03-01 11:18:08.39"
"11023","이문로8길","일반도로","국지도로","소로","6m미만","2026-03-01 11:18:08.39"
"11024","이문로9가길","일반도로","국지도로","소로","6m미만","2026-03-01 11:18:08.39"
"11025","이문로9길","일반도로","국지도로","소로","6m미만","2026-03-01 11:18:08.39"
"11026","이문로9나길","일반도로","국지도로","소로","6m미만","2026-03-01 11:18:08.39"
"11027","이수1고가도로","일반도로","국지도로","확인","불가","2026-03-01 11:18:08.39"
"11028","이수2고가도로","일반도로","국지도로","확인","불가","2026-03-01 11:18:08.39"
"11029","이수~청담선","일반도로","보조간선도로","대로3류","폭25-30m","2026-03-01 11:18:08.39"
"11030","이촌로","일반도로","국지도로","소로1류","폭10-12m","2026-03-01 11:18:08.39"
"11031","이촌로14길","일반도로","국지도로","소로3류","폭6-8m","2026-03-01 11:18:08.395"
"11032","이촌로18길","일반도로","국지도로","소로","6m미만","2026-03-01 11:18:08.395"
"11033","이촌로22길","일반도로","국지도로","소로","6m미만","2026-03-01 11:18:08.395"
"11034","이촌로29길","일반도로","국지도로","소로","6m미만","2026-03-01 11:18:08.395"
"11035","이촌로2가길","일반도로","국지도로","소로3류","폭6-8m","2026-03-01 11:18:08.395"
"11036","이촌로2길","일반도로","국지도로","소로2류","폭8-10m","2026-03-01 11:18:08.395"
"11037","이촌로34길","일반도로","국지도로","소로1류","폭10-12m","2026-03-01 11:18:08.395"
"11038","이촌로37길","일반도로","국지도로","소로","6m미만","2026-03-01 11:18:08.395"
"11039","이촌로46길","일반도로","국지도로","소로2류","폭8-10m","2026-03-01 11:18:08.395"
"11040","이촌로51길","일반도로","국지도로","소로1류","폭10-12m","2026-03-01 11:18:08.395"
"11041","이촌로54길","일반도로","국지도로","소로1류","폭10-12m","2026-03-01 11:18:08.4"
"11042","이촌로58길","일반도로","국지도로","소로3류","폭6-8m","2026-03-01 11:18:08.4"
"11043","이촌로62길","일반도로","국지도로","소로3류","폭6-8m","2026-03-01 11:18:08.4"
"11044","이촌로64길","일반도로","국지도로","소로2류","폭8-10m","2026-03-01 11:18:08.4"
"11045","이촌로65가길","일반도로","국지도로","중로2류","폭15-20m","2026-03-01 11:18:08.4"
"11046","이촌로69길","일반도로","국지도로","소로","6m미만","2026-03-01 11:18:08.4"
"11047","이촌로71길","일반도로","국지도로","소로2류","폭8-10m","2026-03-01 11:18:08.4"
"11048","이촌로75길","일반도로","국지도로","소로3류","폭6-8m","2026-03-01 11:18:08.4"
"11049","이촌로77길","일반도로","국지도로","소로3류","폭6-8m","2026-03-01 11:18:08.4"
"11050","이촌로81길","일반도로","국지도로","소로2류","폭8-10m","2026-03-01 11:18:08.4"
"11051","이촌로84길","일반도로","국지도로","소로3류","폭6-8m","2026-03-01 11:18:08.405"
"11052","이촌로87길","일반도로","국지도로","중로2류","폭15-20m","2026-03-01 11:18:08.405"
"11053","이촌로88길","일반도로","국지도로","소로2류","폭8-10m","2026-03-01 11:18:08.405"
"11054","이태원로","일반도로","국지도로","소로","6m미만","2026-03-01 11:18:08.405"
"11055","이태원로14길","일반도로","국지도로","소로","6m미만","2026-03-01 11:18:08.405"
"11056","이태원로15길","일반도로","국지도로","소로","6m미만","2026-03-01 11:18:08.405"
"11057","이태원로16길","일반도로","국지도로","소로","6m미만","2026-03-01 11:18:08.405"
"11058","이태원로17길","일반도로","국지도로","소로","6m미만","2026-03-01 11:18:08.405"
"11059","이태원로19길","일반도로","국지도로","소로","6m미만","2026-03-01 11:18:08.405"
"11060","이태원로20가길","일반도로","국지도로","소로","6m미만","2026-03-01 11:18:08.405"
"11061","이태원로20길","일반도로","국지도로","소로","6m미만","2026-03-01 11:18:08.41"
"11062","이태원로23길","일반도로","국지도로","소로","6m미만","2026-03-01 11:18:08.41"
"11063","이태원로26길","일반도로","국지도로","소로","6m미만","2026-03-01 11:18:08.41"
"11064","이태원로27가길","일반도로","국지도로","소로","6m미만","2026-03-01 11:18:08.41"
"11065","이태원로27길","일반도로","국지도로","소로","6m미만","2026-03-01 11:18:08.41"
"11066","이태원로27나길","일반도로","국지도로","소로3류","폭6-8m","2026-03-01 11:18:08.41"
"11067","이태원로27다길","일반도로","국지도로","소로3류","폭6-8m","2026-03-01 11:18:08.41"
"11068","이태원로27라길","일반도로","국지도로","소로","6m미만","2026-03-01 11:18:08.41"
"11069","이태원로2길","일반도로","국지도로","소로2류","폭8-10m","2026-03-01 11:18:08.41"
"11070","이태원로36길","일반도로","국지도로","소로","6m미만","2026-03-01 11:18:08.41"
"11071","이태원로42길","일반도로","국지도로","소로","6m미만","2026-03-01 11:18:08.415"
"11072","이태원로45길","일반도로","국지도로","소로","6m미만","2026-03-01 11:18:08.415"
"11073","이태원로49길","일반도로","국지도로","소로","6m미만","2026-03-01 11:18:08.415"
"11074","이태원로4가길","일반도로","국지도로","소로","6m미만","2026-03-01 11:18:08.415"
"11075","이태원로4길","일반도로","국지도로","중로1류","폭20-25m","2026-03-01 11:18:08.415"
"11076","이태원로54가길","일반도로","국지도로","소로","6m미만","2026-03-01 11:18:08.415"
"11077","이태원로54길","일반도로","국지도로","소로","6m미만","2026-03-01 11:18:08.415"
"11078","이태원로55가길","일반도로","국지도로","소로","6m미만","2026-03-01 11:18:08.415"
"11079","이태원로55길","일반도로","국지도로","소로","6m미만","2026-03-01 11:18:08.415"
"11080","이태원로55나길","일반도로","국지도로","소로","6m미만","2026-03-01 11:18:08.415"
"11081","이태원로55다길","일반도로","국지도로","소로","6m미만","2026-03-01 11:18:08.42"
"11082","이태원로55라길","일반도로","국지도로","소로","6m미만","2026-03-01 11:18:08.42"
"11083","이화여대1길","일반도로","국지도로","소로3류","폭6-8m","2026-03-01 11:18:08.42"
"11084","이화여대1안길","일반도로","국지도로","소로3류","폭6-8m","2026-03-01 11:18:08.42"
"11085","이화여대2가길","일반도로","국지도로","소로3류","폭6-8m","2026-03-01 11:18:08.42"
"11086","이화여대2길","일반도로","국지도로","소로","6m미만","2026-03-01 11:18:08.42"
"11087","이화여대2나길","일반도로","국지도로","소로","6m미만","2026-03-01 11:18:08.42"
"11088","이화여대2다길","일반도로","국지도로","소로2류","폭8-10m","2026-03-01 11:18:08.42"
"11089","이화여대3길","일반도로","국지도로","소로","6m미만","2026-03-01 11:18:08.42"
"11090","이화여대5길","일반도로","국지도로","소로","6m미만","2026-03-01 11:18:08.42"
"11091","이화여대7길","일반도로","국지도로","소로3류","폭6-8m","2026-03-01 11:18:08.425"
"11092","이화여대8길","일반도로","국지도로","중로2류","폭15-20m","2026-03-01 11:18:08.425"
"11093","이화여대길","일반도로","국지도로","소로","6m미만","2026-03-01 11:18:08.425"
"11094","이화장1가길","일반도로","국지도로","소로","6m미만","2026-03-01 11:18:08.425"
"11095","이화장1길","일반도로","국지도로","소로","6m미만","2026-03-01 11:18:08.425"
"11096","이화장1나길","일반도로","국지도로","소로","6m미만","2026-03-01 11:18:08.425"
"11097","이화장2길","일반도로","국지도로","소로","6m미만","2026-03-01 11:18:08.425"
"11098","이화장길","일반도로","국지도로","소로","6m미만","2026-03-01 11:18:08.425"
"11099","인사동10길","일반도로","국지도로","소로","6m미만","2026-03-01 11:18:08.425"
"11100","인사동11길","일반도로","국지도로","소로","6m미만","2026-03-01 11:18:08.425"
"11101","인사동12길","일반도로","국지도로","소로","6m미만","2026-03-01 11:18:08.431"
"11102","인사동14길","일반도로","국지도로","소로","6m미만","2026-03-01 11:18:08.431"
"11103","인사동16길","일반도로","국지도로","소로","6m미만","2026-03-01 11:18:08.431"
"11104","인사동1길","일반도로","국지도로","소로","6m미만","2026-03-01 11:18:08.431"
"11105","인사동3길","일반도로","국지도로","소로","6m미만","2026-03-01 11:18:08.431"
"11106","인사동4길","일반도로","국지도로","소로2류","폭8-10m","2026-03-01 11:18:08.431"
"11107","인사동5길","일반도로","국지도로","소로3류","폭6-8m","2026-03-01 11:18:08.431"
"11108","인사동6길","일반도로","국지도로","소로3류","폭6-8m","2026-03-01 11:18:08.431"
"11109","인사동7길","일반도로","국지도로","소로3류","폭6-8m","2026-03-01 11:18:08.431"
"11110","인사동8길","일반도로","국지도로","소로","6m미만","2026-03-01 11:18:08.431"
"11111","인사동9길","일반도로","국지도로","소로","6m미만","2026-03-01 11:18:08.436"
"11112","인사동길","일반도로","국지도로","소로","6m미만","2026-03-01 11:18:08.436"
"11113","인수봉로","일반도로","국지도로","소로","6m미만","2026-03-01 11:18:08.436"
"11114","인수봉로12가길","일반도로","국지도로","소로","6m미만","2026-03-01 11:18:08.436"
"11115","인수봉로12길","일반도로","국지도로","소로","6m미만","2026-03-01 11:18:08.436"
"11116","인수봉로12나길","일반도로","국지도로","소로","6m미만","2026-03-01 11:18:08.436"
"11117","인수봉로14길","일반도로","국지도로","소로","6m미만","2026-03-01 11:18:08.436"
"11118","인수봉로15길","일반도로","국지도로","소로","6m미만","2026-03-01 11:18:08.436"
"11119","인수봉로17길","일반도로","국지도로","소로","6m미만","2026-03-01 11:18:08.436"
"11120","인수봉로19가길","일반도로","국지도로","소로","6m미만","2026-03-01 11:18:08.436"
"11121","인수봉로19길","일반도로","국지도로","소로","6m미만","2026-03-01 11:18:08.441"
"11122","인수봉로19나길","일반도로","국지도로","소로","6m미만","2026-03-01 11:18:08.441"
"11123","인수봉로20가길","일반도로","국지도로","소로","6m미만","2026-03-01 11:18:08.441"
"11124","인수봉로20길","일반도로","국지도로","소로","6m미만","2026-03-01 11:18:08.441"
"11125","인수봉로20나길","일반도로","국지도로","소로","6m미만","2026-03-01 11:18:08.441"
"11126","인수봉로23가길","일반도로","국지도로","소로","6m미만","2026-03-01 11:18:08.441"
"11127","인수봉로23길","일반도로","국지도로","소로","6m미만","2026-03-01 11:18:08.441"
"11128","인수봉로27길","일반도로","국지도로","소로","6m미만","2026-03-01 11:18:08.441"
"11129","인수봉로28가길","일반도로","국지도로","소로","6m미만","2026-03-01 11:18:08.441"
"11130","인수봉로28길","일반도로","국지도로","소로","6m미만","2026-03-01 11:18:08.441"
"11131","인수봉로28나길","일반도로","국지도로","소로","6m미만","2026-03-01 11:18:08.446"
"11132","인수봉로30길","일반도로","국지도로","소로","6m미만","2026-03-01 11:18:08.446"
"11133","인수봉로31길","일반도로","국지도로","소로2류","폭8-10m","2026-03-01 11:18:08.446"
"11134","인수봉로32길","일반도로","국지도로","소로","6m미만","2026-03-01 11:18:08.446"
"11135","인수봉로34길","일반도로","국지도로","소로","6m미만","2026-03-01 11:18:08.446"
"11136","인수봉로37길","일반도로","국지도로","소로3류","폭6-8m","2026-03-01 11:18:08.446"
"11137","인수봉로38가길","일반도로","국지도로","소로","6m미만","2026-03-01 11:18:08.446"
"11138","인수봉로38길","일반도로","국지도로","소로","6m미만","2026-03-01 11:18:08.446"
"11139","인수봉로40길","일반도로","국지도로","소로","6m미만","2026-03-01 11:18:08.446"
"11140","인수봉로41길","일반도로","국지도로","소로","6m미만","2026-03-01 11:18:08.446"
"11141","인수봉로42길","일반도로","국지도로","소로","6m미만","2026-03-01 11:18:08.451"
"11142","인수봉로44길","일반도로","국지도로","소로","6m미만","2026-03-01 11:18:08.451"
"11143","인수봉로48길","일반도로","국지도로","소로","6m미만","2026-03-01 11:18:08.451"
"11144","인수봉로50길","일반도로","국지도로","소로","6m미만","2026-03-01 11:18:08.451"
"11145","인수봉로51길","일반도로","국지도로","소로","6m미만","2026-03-01 11:18:08.452"
"11146","인수봉로52가길","일반도로","국지도로","소로","6m미만","2026-03-01 11:18:08.452"
"11147","인수봉로52길","일반도로","국지도로","소로","6m미만","2026-03-01 11:18:08.452"
"11148","인수봉로55가길","일반도로","국지도로","소로","6m미만","2026-03-01 11:18:08.452"
"11149","인수봉로55길","일반도로","국지도로","소로","6m미만","2026-03-01 11:18:08.452"
"11150","인수봉로55나길","일반도로","국지도로","소로","6m미만","2026-03-01 11:18:08.452"
"11151","인수봉로55다길","일반도로","국지도로","소로3류","폭6-8m","2026-03-01 11:18:08.457"
"11152","인수봉로56길","일반도로","국지도로","소로","6m미만","2026-03-01 11:18:08.457"
"11153","인수봉로57길","일반도로","국지도로","소로","6m미만","2026-03-01 11:18:08.457"
"11154","인수봉로58길","일반도로","국지도로","소로","6m미만","2026-03-01 11:18:08.457"
"11155","인수봉로60가길","일반도로","국지도로","소로","6m미만","2026-03-01 11:18:08.457"
"11156","인수봉로60길","일반도로","국지도로","소로","6m미만","2026-03-01 11:18:08.457"
"11157","인수봉로61길","일반도로","국지도로","소로","6m미만","2026-03-01 11:18:08.457"
"11158","인수봉로62가길","일반도로","국지도로","소로","6m미만","2026-03-01 11:18:08.457"
"11159","인수봉로62길","일반도로","국지도로","소로","6m미만","2026-03-01 11:18:08.457"
"11160","인수봉로62나길","일반도로","국지도로","소로","6m미만","2026-03-01 11:18:08.457"
"11161","인수봉로64길","일반도로","국지도로","소로","6m미만","2026-03-01 11:18:08.462"
"11162","인수봉로66길","일반도로","국지도로","소로","6m미만","2026-03-01 11:18:08.462"
"11163","인수봉로67길","일반도로","국지도로","소로","6m미만","2026-03-01 11:18:08.462"
"11164","인수봉로68길","일반도로","국지도로","소로","6m미만","2026-03-01 11:18:08.462"
"11165","인수봉로6가길","일반도로","국지도로","소로","6m미만","2026-03-01 11:18:08.462"
"11166","인수봉로6길","일반도로","국지도로","소로","6m미만","2026-03-01 11:18:08.462"
"11167","인수봉로6나길","일반도로","국지도로","소로","6m미만","2026-03-01 11:18:08.462"
"11168","인수봉로70길","일반도로","국지도로","소로","6m미만","2026-03-01 11:18:08.462"
"11169","인수봉로72가길","일반도로","국지도로","소로","6m미만","2026-03-01 11:18:08.462"
"11170","인수봉로72길","일반도로","국지도로","소로","6m미만","2026-03-01 11:18:08.462"
"11171","인수봉로73가길","일반도로","국지도로","소로","6m미만","2026-03-01 11:18:08.466"
"11172","인수봉로73길","일반도로","국지도로","소로","6m미만","2026-03-01 11:18:08.466"
"11173","인수봉로73나길","일반도로","국지도로","소로","6m미만","2026-03-01 11:18:08.466"
"11174","인수봉로75길","일반도로","국지도로","소로","6m미만","2026-03-01 11:18:08.466"
"11175","인수봉로76길","일반도로","국지도로","소로","6m미만","2026-03-01 11:18:08.466"
"11176","인수봉로77길","일반도로","국지도로","소로","6m미만","2026-03-01 11:18:08.466"
"11177","인수봉로78길","일반도로","국지도로","소로2류","폭8-10m","2026-03-01 11:18:08.466"
"11178","인수봉로79가길","일반도로","국지도로","소로","6m미만","2026-03-01 11:18:08.467"
"11179","인수봉로79길","일반도로","국지도로","소로","6m미만","2026-03-01 11:18:08.467"
"11180","인수봉로79나길","일반도로","국지도로","소로","6m미만","2026-03-01 11:18:08.467"
"11181","인수봉로79다길","일반도로","국지도로","소로","6m미만","2026-03-01 11:18:08.471"
"11182","인수봉로80길","일반도로","국지도로","소로","6m미만","2026-03-01 11:18:08.471"
"11183","인수봉로81길","일반도로","국지도로","소로","6m미만","2026-03-01 11:18:08.471"
"11184","인수봉로82길","일반도로","국지도로","소로","6m미만","2026-03-01 11:18:08.471"
"11185","인수봉로84길","일반도로","국지도로","소로","6m미만","2026-03-01 11:18:08.471"
"11186","인수봉로85길","일반도로","국지도로","소로","6m미만","2026-03-01 11:18:08.471"
"11187","인수봉로8길","일반도로","국지도로","소로","6m미만","2026-03-01 11:18:08.471"
"11188","인왕산로","일반도로","국지도로","확인","불가","2026-03-01 11:18:08.471"
"11189","인왕산로1가길","일반도로","국지도로","소로","6m미만","2026-03-01 11:18:08.471"
"11190","인왕산로1길","일반도로","국지도로","소로","6m미만","2026-03-01 11:18:08.471"
"11191","인왕시장길","일반도로","국지도로","확인","불가","2026-03-01 11:18:08.476"
"11192","인천국제공항고속도로","일반도로","기타","중로1류","폭20-25m","2026-03-01 11:18:08.476"
"11193","인헌11길","일반도로","국지도로","소로","6m미만","2026-03-01 11:18:08.476"
"11194","인헌12가길","일반도로","국지도로","소로","6m미만","2026-03-01 11:18:08.476"
"11195","인헌12길","일반도로","국지도로","소로","6m미만","2026-03-01 11:18:08.476"
"11196","인헌12나길","일반도로","국지도로","소로","6m미만","2026-03-01 11:18:08.476"
"11197","인헌12다길","일반도로","국지도로","소로","6m미만","2026-03-01 11:18:08.476"
"11198","인헌13길","일반도로","국지도로","소로","6m미만","2026-03-01 11:18:08.476"
"11199","인헌14길","일반도로","국지도로","소로","6m미만","2026-03-01 11:18:08.476"
"11200","인헌15길","일반도로","국지도로","소로","6m미만","2026-03-01 11:18:08.476"
"11201","인헌16가길","일반도로","국지도로","소로3류","폭6-8m","2026-03-01 11:18:08.481"
"11202","인헌16길","일반도로","국지도로","소로3류","폭6-8m","2026-03-01 11:18:08.481"
"11203","인헌16나길","일반도로","국지도로","소로","6m미만","2026-03-01 11:18:08.481"
"11204","인헌16다길","일반도로","국지도로","소로3류","폭6-8m","2026-03-01 11:18:08.481"
"11205","인헌17길","일반도로","국지도로","소로","6m미만","2026-03-01 11:18:08.481"
"11206","인헌19길","일반도로","국지도로","소로","6m미만","2026-03-01 11:18:08.481"
"11207","인헌1가길","일반도로","국지도로","소로","6m미만","2026-03-01 11:18:08.481"
"11208","인헌1길","일반도로","국지도로","소로","6m미만","2026-03-01 11:18:08.481"
"11209","인헌1나길","일반도로","국지도로","소로","6m미만","2026-03-01 11:18:08.481"
"11210","인헌1다길","일반도로","국지도로","소로","6m미만","2026-03-01 11:18:08.481"
"11211","인헌21길","일반도로","국지도로","소로","6m미만","2026-03-01 11:18:08.487"
"11212","인헌23길","일반도로","국지도로","소로2류","폭8-10m","2026-03-01 11:18:08.487"
"11213","인헌2길","일반도로","국지도로","소로3류","폭6-8m","2026-03-01 11:18:08.487"
"11214","인헌3가길","일반도로","국지도로","소로","6m미만","2026-03-01 11:18:08.487"
"11215","인헌3길","일반도로","국지도로","소로","6m미만","2026-03-01 11:18:08.487"
"11216","인헌3나길","일반도로","국지도로","소로","6m미만","2026-03-01 11:18:08.487"
"11217","인헌4길","일반도로","국지도로","소로","6m미만","2026-03-01 11:18:08.487"
"11218","인헌6길","일반도로","국지도로","소로3류","폭6-8m","2026-03-01 11:18:08.487"
"11219","인헌7길","일반도로","국지도로","소로","6m미만","2026-03-01 11:18:08.487"
"11220","인헌9길","일반도로","국지도로","소로","6m미만","2026-03-01 11:18:08.487"
"11221","인헌길","일반도로","국지도로","소로","6m미만","2026-03-01 11:18:08.492"
"11222","일원~잠실선","일반도로","보조간선도로","대로2류","폭30-35m","2026-03-01 11:18:08.492"
"11223","일원로","일반도로","국지도로","중로1류","폭20-25m","2026-03-01 11:18:08.492"
"11224","일원로13길","일반도로","국지도로","중로1류","폭20-25m","2026-03-01 11:18:08.492"
"11225","일원로14길","일반도로","국지도로","중로1류","폭20-25m","2026-03-01 11:18:08.492"
"11226","일원로3길","일반도로","국지도로","중로2류","폭15-20m","2026-03-01 11:18:08.492"
"11227","일원로5길","일반도로","국지도로","소로3류","폭6-8m","2026-03-01 11:18:08.492"
"11228","일원로8길","일반도로","국지도로","중로2류","폭15-20m","2026-03-01 11:18:08.492"
"11229","일원로9길","일반도로","국지도로","소로3류","폭6-8m","2026-03-01 11:18:08.492"
"11230","임정로","일반도로","국지도로","소로","6m미만","2026-03-01 11:18:08.492"
"11231","임정로11길","일반도로","국지도로","소로","6m미만","2026-03-01 11:18:08.497"
"11232","임정로13길","일반도로","국지도로","소로","6m미만","2026-03-01 11:18:08.497"
"11233","임정로15길","일반도로","국지도로","소로","6m미만","2026-03-01 11:18:08.497"
"11234","임정로17길","일반도로","국지도로","소로3류","폭6-8m","2026-03-01 11:18:08.497"
"11235","임정로19길","일반도로","국지도로","소로","6m미만","2026-03-01 11:18:08.497"
"11236","임정로21길","일반도로","국지도로","소로","6m미만","2026-03-01 11:18:08.497"
"11237","임정로25길","일반도로","국지도로","소로","6m미만","2026-03-01 11:18:08.497"
"11238","자곡~문정선","일반도로","보조간선도로","대로1류","폭35-40m","2026-03-01 11:18:08.497"
"11239","자곡로","일반도로","국지도로","중로1류","폭20-25m","2026-03-01 11:18:08.497"
"11240","자곡로11길","일반도로","국지도로","중로2류","폭15-20m","2026-03-01 11:18:08.497"
"11241","자곡로3길","일반도로","국지도로","중로1류","폭20-25m","2026-03-01 11:18:08.502"
"11242","자곡로5길","일반도로","국지도로","중로1류","폭20-25m","2026-03-01 11:18:08.502"
"11243","자곡로7길","일반도로","국지도로","소로3류","폭6-8m","2026-03-01 11:18:08.502"
"11244","자동차시장1길","일반도로","국지도로","소로2류","폭8-10m","2026-03-01 11:18:08.502"
"11245","자동차시장3길","일반도로","국지도로","소로","6m미만","2026-03-01 11:18:08.502"
"11246","자동차시장길","일반도로","국지도로","대로3류","폭25-30m","2026-03-01 11:18:08.502"
"11247","자양강변길","일반도로","국지도로","소로3류","폭6-8m","2026-03-01 11:18:08.502"
"11248","자양로","일반도로","국지도로","소로","6m미만","2026-03-01 11:18:08.502"
"11249","자양로11길","일반도로","국지도로","소로","6m미만","2026-03-01 11:18:08.502"
"11250","자양로13가길","일반도로","국지도로","소로","6m미만","2026-03-01 11:18:08.502"
"11251","자양로13길","일반도로","국지도로","소로","6m미만","2026-03-01 11:18:08.507"
"11252","자양로13나길","일반도로","국지도로","소로3류","폭6-8m","2026-03-01 11:18:08.507"
"11253","자양로13다길","일반도로","국지도로","소로3류","폭6-8m","2026-03-01 11:18:08.507"
"11254","자양로15길","일반도로","국지도로","소로","6m미만","2026-03-01 11:18:08.507"
"11255","자양로16길","일반도로","국지도로","소로","6m미만","2026-03-01 11:18:08.507"
"11256","자양로18길","일반도로","국지도로","소로","6m미만","2026-03-01 11:18:08.507"
"11257","자양로19가길","일반도로","국지도로","소로","6m미만","2026-03-01 11:18:08.507"
"11258","자양로19길","일반도로","국지도로","소로","6m미만","2026-03-01 11:18:08.507"
"11259","자양로21길","일반도로","국지도로","소로","6m미만","2026-03-01 11:18:08.507"
"11260","자양로22길","일반도로","국지도로","소로","6m미만","2026-03-01 11:18:08.507"
"11261","자양로23가길","일반도로","국지도로","소로","6m미만","2026-03-01 11:18:08.512"
"11262","자양로23길","일반도로","국지도로","소로","6m미만","2026-03-01 11:18:08.512"
"11263","자양로23나길","일반도로","국지도로","소로","6m미만","2026-03-01 11:18:08.512"
"11264","자양로25길","일반도로","국지도로","소로","6m미만","2026-03-01 11:18:08.512"
"11265","자양로26길","일반도로","국지도로","소로","6m미만","2026-03-01 11:18:08.512"
"11266","자양로28가길","일반도로","국지도로","소로","6m미만","2026-03-01 11:18:08.512"
"11267","자양로28길","일반도로","국지도로","소로","6m미만","2026-03-01 11:18:08.512"
"11268","자양로29길","일반도로","국지도로","소로","6m미만","2026-03-01 11:18:08.512"
"11269","자양로2길","일반도로","국지도로","소로","6m미만","2026-03-01 11:18:08.512"
"11270","자양로30길","일반도로","국지도로","소로","6m미만","2026-03-01 11:18:08.512"
"11271","자양로32길","일반도로","국지도로","소로","6m미만","2026-03-01 11:18:08.517"
"11272","자양로33길","일반도로","국지도로","소로","6m미만","2026-03-01 11:18:08.517"
"11273","자양로34길","일반도로","국지도로","소로","6m미만","2026-03-01 11:18:08.517"
"11274","자양로35길","일반도로","국지도로","소로","6m미만","2026-03-01 11:18:08.517"
"11275","자양로36길","일반도로","국지도로","소로","6m미만","2026-03-01 11:18:08.517"
"11276","자양로37가길","일반도로","국지도로","소로","6m미만","2026-03-01 11:18:08.517"
"11277","자양로37길","일반도로","국지도로","소로","6m미만","2026-03-01 11:18:08.517"
"11278","자양로38길","일반도로","국지도로","소로","6m미만","2026-03-01 11:18:08.517"
"11279","자양로39길","일반도로","국지도로","소로","6m미만","2026-03-01 11:18:08.517"
"11280","자양로3가길","일반도로","국지도로","소로","6m미만","2026-03-01 11:18:08.517"
"11281","자양로3길","일반도로","국지도로","소로","6m미만","2026-03-01 11:18:08.522"
"11282","자양로40길","일반도로","국지도로","소로","6m미만","2026-03-01 11:18:08.522"
"11283","자양로41길","일반도로","국지도로","소로","6m미만","2026-03-01 11:18:08.522"
"11284","자양로42길","일반도로","국지도로","소로","6m미만","2026-03-01 11:18:08.522"
"11285","자양로43길","일반도로","국지도로","소로","6m미만","2026-03-01 11:18:08.522"
"11286","자양로44가길","일반도로","국지도로","소로","6m미만","2026-03-01 11:18:08.522"
"11287","자양로44길","일반도로","국지도로","소로","6m미만","2026-03-01 11:18:08.522"
"11288","자양로44나길","일반도로","국지도로","소로","6m미만","2026-03-01 11:18:08.522"
"11289","자양로44다길","일반도로","국지도로","소로","6m미만","2026-03-01 11:18:08.522"
"11290","자양로45길","일반도로","국지도로","소로","6m미만","2026-03-01 11:18:08.522"
"11291","자양로46길","일반도로","국지도로","소로","6m미만","2026-03-01 11:18:08.527"
"11292","자양로47길","일반도로","국지도로","소로","6m미만","2026-03-01 11:18:08.527"
"11293","자양로48길","일반도로","국지도로","소로","6m미만","2026-03-01 11:18:08.527"
"11294","자양로49길","일반도로","국지도로","소로","6m미만","2026-03-01 11:18:08.527"
"11295","자양로4가길","일반도로","국지도로","소로","6m미만","2026-03-01 11:18:08.527"
"11296","자양로4길","일반도로","국지도로","소로3류","폭6-8m","2026-03-01 11:18:08.527"
"11297","자양로4나길","일반도로","국지도로","소로","6m미만","2026-03-01 11:18:08.527"
"11298","자양로50가길","일반도로","국지도로","소로","6m미만","2026-03-01 11:18:08.527"
"11299","자양로50길","일반도로","국지도로","소로","6m미만","2026-03-01 11:18:08.527"
"11300","자양로51길","일반도로","국지도로","소로","6m미만","2026-03-01 11:18:08.527"
"11301","자양로52길","일반도로","국지도로","소로","6m미만","2026-03-01 11:18:08.532"
"11302","자양로53길","일반도로","국지도로","소로","6m미만","2026-03-01 11:18:08.532"
"11303","자양로54길","일반도로","국지도로","소로","6m미만","2026-03-01 11:18:08.532"
"11304","자양로5길","일반도로","국지도로","소로3류","폭6-8m","2026-03-01 11:18:08.532"
"11305","자양로6길","일반도로","국지도로","소로","6m미만","2026-03-01 11:18:08.532"
"11306","자양로7길","일반도로","국지도로","소로3류","폭6-8m","2026-03-01 11:18:08.532"
"11307","자양로9길","일반도로","국지도로","소로","6m미만","2026-03-01 11:18:08.532"
"11308","자양번영로","일반도로","국지도로","소로1류","폭10-12m","2026-03-01 11:18:08.532"
"11309","자양번영로10길","일반도로","국지도로","소로","6m미만","2026-03-01 11:18:08.532"
"11310","자양번영로11길","일반도로","국지도로","소로","6m미만","2026-03-01 11:18:08.532"
"11311","자양번영로12길","일반도로","국지도로","소로","6m미만","2026-03-01 11:18:08.537"
"11312","자양번영로13길","일반도로","국지도로","소로","6m미만","2026-03-01 11:18:08.537"
"11313","자양번영로1길","일반도로","국지도로","소로","6m미만","2026-03-01 11:18:08.537"
"11314","자양번영로2길","일반도로","국지도로","소로","6m미만","2026-03-01 11:18:08.537"
"11315","자양번영로3가길","일반도로","국지도로","소로","6m미만","2026-03-01 11:18:08.537"
"11316","자양번영로3길","일반도로","국지도로","소로","6m미만","2026-03-01 11:18:08.537"
"11317","자양번영로3나길","일반도로","국지도로","소로","6m미만","2026-03-01 11:18:08.537"
"11318","자양번영로3다길","일반도로","국지도로","소로","6m미만","2026-03-01 11:18:08.537"
"11319","자양번영로4길","일반도로","국지도로","소로","6m미만","2026-03-01 11:18:08.537"
"11320","자양번영로5길","일반도로","국지도로","소로","6m미만","2026-03-01 11:18:08.537"
"11321","자양번영로6길","일반도로","국지도로","소로3류","폭6-8m","2026-03-01 11:18:08.542"
"11322","자양번영로7길","일반도로","국지도로","소로","6m미만","2026-03-01 11:18:08.542"
"11323","자양번영로8길","일반도로","국지도로","소로","6m미만","2026-03-01 11:18:08.542"
"11324","자양번영로9길","일반도로","국지도로","소로","6m미만","2026-03-01 11:18:08.542"
"11325","자유로","일반도로","국지도로","확인","불가","2026-03-01 11:18:08.542"
"11326","자하문로","일반도로","국지도로","소로","6m미만","2026-03-01 11:18:08.542"
"11327","자하문로10길","일반도로","국지도로","소로","6m미만","2026-03-01 11:18:08.542"
"11328","자하문로11길","일반도로","국지도로","소로","6m미만","2026-03-01 11:18:08.542"
"11329","자하문로12길","일반도로","국지도로","소로","6m미만","2026-03-01 11:18:08.542"
"11330","자하문로13길","일반도로","국지도로","소로","6m미만","2026-03-01 11:18:08.542"
"11331","자하문로14길","일반도로","국지도로","소로","6m미만","2026-03-01 11:18:08.547"
"11332","자하문로15길","일반도로","국지도로","소로","6m미만","2026-03-01 11:18:08.547"
"11333","자하문로16길","일반도로","국지도로","소로","6m미만","2026-03-01 11:18:08.547"
"11334","자하문로17길","일반도로","국지도로","소로","6m미만","2026-03-01 11:18:08.547"
"11335","자하문로19길","일반도로","국지도로","소로","6m미만","2026-03-01 11:18:08.547"
"11336","자하문로1가길","일반도로","국지도로","소로","6m미만","2026-03-01 11:18:08.547"
"11337","자하문로1길","일반도로","국지도로","소로","6m미만","2026-03-01 11:18:08.547"
"11338","자하문로1나길","일반도로","국지도로","소로","6m미만","2026-03-01 11:18:08.547"
"11339","자하문로1다길","일반도로","국지도로","소로","6m미만","2026-03-01 11:18:08.547"
"11340","자하문로1라길","일반도로","국지도로","소로","6m미만","2026-03-01 11:18:08.547"
"11341","자하문로21길","일반도로","국지도로","소로","6m미만","2026-03-01 11:18:08.552"
"11342","자하문로23길","일반도로","국지도로","소로","6m미만","2026-03-01 11:18:08.552"
"11343","자하문로24길","일반도로","국지도로","소로","6m미만","2026-03-01 11:18:08.552"
"11344","자하문로26길","일반도로","국지도로","소로2류","폭8-10m","2026-03-01 11:18:08.552"
"11345","자하문로28가길","일반도로","국지도로","소로3류","폭6-8m","2026-03-01 11:18:08.552"
"11346","자하문로28길","일반도로","국지도로","소로3류","폭6-8m","2026-03-01 11:18:08.552"
"11347","자하문로2길","일반도로","국지도로","소로","6m미만","2026-03-01 11:18:08.552"
"11348","자하문로30길","일반도로","국지도로","소로","6m미만","2026-03-01 11:18:08.552"
"11349","자하문로33가길","일반도로","국지도로","소로","6m미만","2026-03-01 11:18:08.552"
"11350","자하문로33길","일반도로","국지도로","소로","6m미만","2026-03-01 11:18:08.552"
"11351","자하문로33나길","일반도로","국지도로","소로","6m미만","2026-03-01 11:18:08.557"
"11352","자하문로33다길","일반도로","국지도로","소로","6m미만","2026-03-01 11:18:08.557"
"11353","자하문로35길","일반도로","국지도로","소로","6m미만","2026-03-01 11:18:08.557"
"11354","자하문로36길","일반도로","국지도로","소로","6m미만","2026-03-01 11:18:08.557"
"11355","자하문로37길","일반도로","국지도로","소로","6m미만","2026-03-01 11:18:08.557"
"11356","자하문로38길","일반도로","국지도로","소로","6m미만","2026-03-01 11:18:08.557"
"11357","자하문로40가길","일반도로","국지도로","소로","6m미만","2026-03-01 11:18:08.557"
"11358","자하문로40길","일반도로","국지도로","소로","6m미만","2026-03-01 11:18:08.557"
"11359","자하문로41길","일반도로","국지도로","소로","6m미만","2026-03-01 11:18:08.557"
"11360","자하문로42길","일반도로","국지도로","소로","6m미만","2026-03-01 11:18:08.557"
"11361","자하문로43길","일반도로","국지도로","소로","6m미만","2026-03-01 11:18:08.562"
"11362","자하문로45길","일반도로","국지도로","소로","6m미만","2026-03-01 11:18:08.562"
"11363","자하문로4길","일반도로","국지도로","소로","6m미만","2026-03-01 11:18:08.562"
"11364","자하문로5가길","일반도로","국지도로","소로","6m미만","2026-03-01 11:18:08.562"
"11365","자하문로5길","일반도로","국지도로","소로","6m미만","2026-03-01 11:18:08.562"
"11366","자하문로6길","일반도로","국지도로","소로","6m미만","2026-03-01 11:18:08.562"
"11367","자하문로7길","일반도로","국지도로","소로","6m미만","2026-03-01 11:18:08.562"
"11368","자하문로8길","일반도로","국지도로","소로","6m미만","2026-03-01 11:18:08.562"
"11369","자하문로9길","일반도로","국지도로","소로","6m미만","2026-03-01 11:18:08.562"
"11370","잔다리로","일반도로","국지도로","소로3류","폭6-8m","2026-03-01 11:18:08.562"
"11371","잔다리로2길","일반도로","국지도로","소로3류","폭6-8m","2026-03-01 11:18:08.567"
"11372","잔다리로3길","일반도로","국지도로","소로3류","폭6-8m","2026-03-01 11:18:08.567"
"11373","잔다리로3안길","일반도로","국지도로","소로","6m미만","2026-03-01 11:18:08.567"
"11374","잔다리로6길","일반도로","국지도로","소로","6m미만","2026-03-01 11:18:08.567"
"11375","잔다리로7길","일반도로","국지도로","소로","6m미만","2026-03-01 11:18:08.567"
"11376","잔다리로7안길","일반도로","국지도로","소로","6m미만","2026-03-01 11:18:08.567"
"11377","잔다리로9길","일반도로","국지도로","소로","6m미만","2026-03-01 11:18:08.567"
"11378","잠실~방이선","일반도로","보조간선도로","대로1류","폭35-40m","2026-03-01 11:18:08.567"
"11379","잠실로","일반도로","국지도로","대로3류","폭25-30m","2026-03-01 11:18:08.567"
"11380","잠실철교선","일반도로","보조간선도로","중로1류","폭20-25m","2026-03-01 11:18:08.567"
"11381","잠원로","일반도로","국지도로","소로2류","폭8-10m","2026-03-01 11:18:08.572"
"11382","잠원로12길","일반도로","국지도로","소로3류","폭6-8m","2026-03-01 11:18:08.573"
"11383","잠원로14길","일반도로","국지도로","중로1류","폭20-25m","2026-03-01 11:18:08.573"
"11384","잠원로3길","일반도로","국지도로","중로1류","폭20-25m","2026-03-01 11:18:08.573"
"11385","잠원로4길","일반도로","국지도로","소로1류","폭10-12m","2026-03-01 11:18:08.573"
"11386","잠원로8길","일반도로","국지도로","중로1류","폭20-25m","2026-03-01 11:18:08.573"
"11387","장군봉11길","일반도로","국지도로","소로","6m미만","2026-03-01 11:18:08.573"
"11388","장군봉13길","일반도로","국지도로","소로","6m미만","2026-03-01 11:18:08.573"
"11389","장군봉15길","일반도로","국지도로","소로","6m미만","2026-03-01 11:18:08.573"
"11390","장군봉1길","일반도로","국지도로","소로","6m미만","2026-03-01 11:18:08.573"
"11391","장군봉2길","일반도로","국지도로","소로","6m미만","2026-03-01 11:18:08.577"
"11392","장군봉3길","일반도로","국지도로","소로","6m미만","2026-03-01 11:18:08.577"
"11393","장군봉4길","일반도로","국지도로","소로","6m미만","2026-03-01 11:18:08.577"
"11394","장군봉5길","일반도로","국지도로","소로","6m미만","2026-03-01 11:18:08.577"
"11395","장군봉6길","일반도로","국지도로","소로","6m미만","2026-03-01 11:18:08.577"
"11396","장군봉7길","일반도로","국지도로","소로","6m미만","2026-03-01 11:18:08.577"
"11397","장군봉8길","일반도로","국지도로","소로","6m미만","2026-03-01 11:18:08.577"
"11398","장군봉9길","일반도로","국지도로","소로","6m미만","2026-03-01 11:18:08.577"
"11399","장군봉길","일반도로","국지도로","소로","6m미만","2026-03-01 11:18:08.577"
"11400","장문로","일반도로","국지도로","소로","6m미만","2026-03-01 11:18:08.577"
"11401","장문로15가길","일반도로","국지도로","소로","6m미만","2026-03-01 11:18:08.582"
"11402","장문로15길","일반도로","국지도로","소로","6m미만","2026-03-01 11:18:08.582"
"11403","장문로15나길","일반도로","국지도로","소로","6m미만","2026-03-01 11:18:08.582"
"11404","장문로17길","일반도로","국지도로","소로","6m미만","2026-03-01 11:18:08.582"
"11405","장문로19길","일반도로","국지도로","소로","6m미만","2026-03-01 11:18:08.582"
"11406","장문로27길","일반도로","국지도로","소로","6m미만","2026-03-01 11:18:08.582"
"11407","장문로39길","일반도로","국지도로","소로","6m미만","2026-03-01 11:18:08.582"
"11408","장문로41가길","일반도로","국지도로","소로","6m미만","2026-03-01 11:18:08.582"
"11409","장문로41길","일반도로","국지도로","소로","6m미만","2026-03-01 11:18:08.582"
"11410","장문로45가길","일반도로","국지도로","소로","6m미만","2026-03-01 11:18:08.582"
"11411","장문로45길","일반도로","국지도로","소로3류","폭6-8m","2026-03-01 11:18:08.587"
"11412","장문로45나길","일반도로","국지도로","소로","6m미만","2026-03-01 11:18:08.587"
"11413","장문로45다길","일반도로","국지도로","소로","6m미만","2026-03-01 11:18:08.587"
"11414","장문로45라길","일반도로","국지도로","소로","6m미만","2026-03-01 11:18:08.587"
"11415","장문로45마길","일반도로","국지도로","소로","6m미만","2026-03-01 11:18:08.587"
"11416","장문로45바길","일반도로","국지도로","소로","6m미만","2026-03-01 11:18:08.587"
"11417","장문로49가길","일반도로","국지도로","소로","6m미만","2026-03-01 11:18:08.587"
"11418","장문로49길","일반도로","국지도로","소로","6m미만","2026-03-01 11:18:08.587"
"11419","장문로49나길","일반도로","국지도로","소로","6m미만","2026-03-01 11:18:08.587"
"11420","장문로51길","일반도로","국지도로","소로","6m미만","2026-03-01 11:18:08.587"
"11421","장문로6길","일반도로","국지도로","소로","6m미만","2026-03-01 11:18:08.592"
"11422","장문로9가길","일반도로","국지도로","소로","6m미만","2026-03-01 11:18:08.592"
"11423","장문로9길","일반도로","국지도로","소로3류","폭6-8m","2026-03-01 11:18:08.592"
"11424","장승배기로","일반도로","국지도로","소로","6m미만","2026-03-01 11:18:08.592"
"11425","장승배기로10가길","일반도로","국지도로","소로","6m미만","2026-03-01 11:18:08.592"
"11426","장승배기로10길","일반도로","국지도로","소로3류","폭6-8m","2026-03-01 11:18:08.592"
"11427","장승배기로11나길","일반도로","국지도로","소로","6m미만","2026-03-01 11:18:08.592"
"11428","장승배기로13길","일반도로","국지도로","소로","6m미만","2026-03-01 11:18:08.592"
"11429","장승배기로15길","일반도로","국지도로","소로","6m미만","2026-03-01 11:18:08.592"
"11430","장승배기로16가길","일반도로","국지도로","소로","6m미만","2026-03-01 11:18:08.592"
"11431","장승배기로16길","일반도로","국지도로","소로","6m미만","2026-03-01 11:18:08.597"
"11432","장승배기로18가길","일반도로","국지도로","소로","6m미만","2026-03-01 11:18:08.597"
"11433","장승배기로18길","일반도로","국지도로","소로","6m미만","2026-03-01 11:18:08.597"
"11434","장승배기로18나길","일반도로","국지도로","소로","6m미만","2026-03-01 11:18:08.597"
"11435","장승배기로19가길","일반도로","국지도로","소로","6m미만","2026-03-01 11:18:08.597"
"11436","장승배기로19길","일반도로","국지도로","소로","6m미만","2026-03-01 11:18:08.597"
"11437","장승배기로19다길","일반도로","국지도로","소로","6m미만","2026-03-01 11:18:08.597"
"11438","장승배기로1길","일반도로","국지도로","소로","6m미만","2026-03-01 11:18:08.597"
"11439","장승배기로20가길","일반도로","국지도로","소로","6m미만","2026-03-01 11:18:08.597"
"11440","장승배기로20길","일반도로","국지도로","소로","6m미만","2026-03-01 11:18:08.597"
"11441","장승배기로20나길","일반도로","국지도로","소로","6m미만","2026-03-01 11:18:08.602"
"11442","장승배기로20다길","일반도로","국지도로","소로","6m미만","2026-03-01 11:18:08.602"
"11443","장승배기로20라길","일반도로","국지도로","소로","6m미만","2026-03-01 11:18:08.602"
"11444","장승배기로21길","일반도로","국지도로","소로","6m미만","2026-03-01 11:18:08.602"
"11445","장승배기로22길","일반도로","국지도로","소로","6m미만","2026-03-01 11:18:08.602"
"11446","장승배기로23길","일반도로","국지도로","소로","6m미만","2026-03-01 11:18:08.602"
"11447","장승배기로24가길","일반도로","국지도로","소로","6m미만","2026-03-01 11:18:08.602"
"11448","장승배기로24길","일반도로","국지도로","소로","6m미만","2026-03-01 11:18:08.602"
"11449","장승배기로24나길","일반도로","국지도로","소로","6m미만","2026-03-01 11:18:08.602"
"11450","장승배기로25길","일반도로","국지도로","소로","6m미만","2026-03-01 11:18:08.602"
"11451","장승배기로26길","일반도로","국지도로","소로","6m미만","2026-03-01 11:18:08.607"
"11452","장승배기로27가길","일반도로","국지도로","소로","6m미만","2026-03-01 11:18:08.607"
"11453","장승배기로27길","일반도로","국지도로","소로","6m미만","2026-03-01 11:18:08.607"
"11454","장승배기로27나길","일반도로","국지도로","소로","6m미만","2026-03-01 11:18:08.607"
"11455","장승배기로27다길","일반도로","국지도로","소로","6m미만","2026-03-01 11:18:08.607"
"11456","장승배기로27라길","일반도로","국지도로","소로","6m미만","2026-03-01 11:18:08.607"
"11457","장승배기로27마길","일반도로","국지도로","소로","6m미만","2026-03-01 11:18:08.607"
"11458","장승배기로28길","일반도로","국지도로","소로","6m미만","2026-03-01 11:18:08.607"
"11459","장승배기로30길","일반도로","국지도로","소로","6m미만","2026-03-01 11:18:08.607"
"11460","장승배기로3길","일반도로","국지도로","소로","6m미만","2026-03-01 11:18:08.607"
"11461","장승배기로4길","일반도로","국지도로","중로1류","폭20-25m","2026-03-01 11:18:08.613"
"11462","장승배기로5길","일반도로","국지도로","소로","6m미만","2026-03-01 11:18:08.613"
"11463","장승배기로7길","일반도로","국지도로","소로","6m미만","2026-03-01 11:18:08.613"
"11464","장안~수유선","일반도로","보조간선도로","중로1류","폭20-25m","2026-03-01 11:18:08.613"
"11465","장안교지하도로","일반도로","국지도로","중로1류","폭20-25m","2026-03-01 11:18:08.613"
"11466","장안벚꽃로","일반도로","국지도로","소로1류","폭10-12m","2026-03-01 11:18:08.613"
"11467","장안벚꽃로1길","일반도로","국지도로","소로1류","폭10-12m","2026-03-01 11:18:08.613"
"11468","장안벚꽃로3길","일반도로","국지도로","소로3류","폭6-8m","2026-03-01 11:18:08.613"
"11469","장안벚꽃로5길","일반도로","국지도로","소로2류","폭8-10m","2026-03-01 11:18:08.613"
"11470","장안벚꽃로7가길","일반도로","국지도로","소로","6m미만","2026-03-01 11:18:08.613"
"11471","장안벚꽃로7길","일반도로","국지도로","소로3류","폭6-8m","2026-03-01 11:18:08.618"
"11472","장월로","일반도로","국지도로","소로","6m미만","2026-03-01 11:18:08.618"
"11473","장월로10길","일반도로","국지도로","소로","6m미만","2026-03-01 11:18:08.618"
"11474","장월로11길","일반도로","국지도로","소로","6m미만","2026-03-01 11:18:08.618"
"11475","장월로12길","일반도로","국지도로","소로","6m미만","2026-03-01 11:18:08.618"
"11476","장월로14길","일반도로","국지도로","소로","6m미만","2026-03-01 11:18:08.618"
"11477","장월로16길","일반도로","국지도로","소로","6m미만","2026-03-01 11:18:08.618"
"11478","장월로17길","일반도로","국지도로","소로","6m미만","2026-03-01 11:18:08.618"
"11479","장월로18길","일반도로","국지도로","소로","6m미만","2026-03-01 11:18:08.618"
"11480","장월로1가길","일반도로","국지도로","소로3류","폭6-8m","2026-03-01 11:18:08.618"
"11481","장월로1길","일반도로","국지도로","소로","6m미만","2026-03-01 11:18:08.623"
"11482","장월로1나길","일반도로","국지도로","소로","6m미만","2026-03-01 11:18:08.623"
"11483","장월로1다길","일반도로","국지도로","소로","6m미만","2026-03-01 11:18:08.623"
"11484","장월로1라길","일반도로","국지도로","소로","6m미만","2026-03-01 11:18:08.623"
"11485","장월로1마길","일반도로","국지도로","소로","6m미만","2026-03-01 11:18:08.623"
"11486","장월로20길","일반도로","국지도로","소로","6m미만","2026-03-01 11:18:08.623"
"11487","장월로21길","일반도로","국지도로","소로","6m미만","2026-03-01 11:18:08.623"
"11488","장월로23길","일반도로","국지도로","소로","6m미만","2026-03-01 11:18:08.623"
"11489","장월로24길","일반도로","국지도로","소로","6m미만","2026-03-01 11:18:08.623"
"11490","장월로26길","일반도로","국지도로","소로","6m미만","2026-03-01 11:18:08.623"
"11491","장월로28길","일반도로","국지도로","소로","6m미만","2026-03-01 11:18:08.628"
"11492","장월로2길","일반도로","국지도로","소로","6m미만","2026-03-01 11:18:08.628"
"11493","장월로32길","일반도로","국지도로","소로","6m미만","2026-03-01 11:18:08.628"
"11494","장월로37길","일반도로","국지도로","중로1류","폭20-25m","2026-03-01 11:18:08.628"
"11495","장월로38가길","일반도로","국지도로","소로","6m미만","2026-03-01 11:18:08.628"
"11496","장월로38길","일반도로","국지도로","소로1류","폭10-12m","2026-03-01 11:18:08.628"
"11497","장월로3길","일반도로","국지도로","소로1류","폭10-12m","2026-03-01 11:18:08.628"
"11498","장월로41길","일반도로","국지도로","소로","6m미만","2026-03-01 11:18:08.628"
"11499","장월로4길","일반도로","국지도로","소로","6m미만","2026-03-01 11:18:08.628"
"11500","장월로5길","일반도로","국지도로","소로","6m미만","2026-03-01 11:18:08.628"
"11501","장월로6길","일반도로","국지도로","소로","6m미만","2026-03-01 11:18:08.633"
"11502","장월로8가길","일반도로","국지도로","소로","6m미만","2026-03-01 11:18:08.633"
"11503","장월로8길","일반도로","국지도로","소로","6m미만","2026-03-01 11:18:08.633"
"11504","장월로9가길","일반도로","국지도로","소로","6m미만","2026-03-01 11:18:08.633"
"11505","장월로9길","일반도로","국지도로","소로","6m미만","2026-03-01 11:18:08.633"
"11506","장월로9나길","일반도로","국지도로","소로","6m미만","2026-03-01 11:18:08.633"
"11507","장위로","일반도로","국지도로","소로","6m미만","2026-03-01 11:18:08.633"
"11508","장위로10길","일반도로","국지도로","소로","6m미만","2026-03-01 11:18:08.633"
"11509","장위로11가길","일반도로","국지도로","소로","6m미만","2026-03-01 11:18:08.633"
"11510","장위로11길","일반도로","국지도로","소로","6m미만","2026-03-01 11:18:08.633"
"11511","장위로13길","일반도로","국지도로","소로","6m미만","2026-03-01 11:18:08.638"
"11512","장위로15길","일반도로","국지도로","소로","6m미만","2026-03-01 11:18:08.638"
"11513","장위로16길","일반도로","국지도로","소로","6m미만","2026-03-01 11:18:08.638"
"11514","장위로17길","일반도로","국지도로","소로","6m미만","2026-03-01 11:18:08.638"
"11515","장위로19길","일반도로","국지도로","소로","6m미만","2026-03-01 11:18:08.638"
"11516","장위로20길","일반도로","국지도로","소로","6m미만","2026-03-01 11:18:08.638"
"11517","장위로21가길","일반도로","국지도로","소로","6m미만","2026-03-01 11:18:08.638"
"11518","장위로21길","일반도로","국지도로","소로3류","폭6-8m","2026-03-01 11:18:08.638"
"11519","장위로21나길","일반도로","국지도로","소로","6m미만","2026-03-01 11:18:08.638"
"11520","장위로21다길","일반도로","국지도로","소로","6m미만","2026-03-01 11:18:08.638"
"11521","장위로21라길","일반도로","국지도로","소로","6m미만","2026-03-01 11:18:08.643"
"11522","장위로22길","일반도로","국지도로","소로","6m미만","2026-03-01 11:18:08.643"
"11523","장위로24길","일반도로","국지도로","소로","6m미만","2026-03-01 11:18:08.643"
"11524","장위로26길","일반도로","국지도로","소로","6m미만","2026-03-01 11:18:08.643"
"11525","장위로28길","일반도로","국지도로","소로","6m미만","2026-03-01 11:18:08.643"
"11526","장위로29길","일반도로","국지도로","소로","6m미만","2026-03-01 11:18:08.643"
"11527","장위로30길","일반도로","국지도로","소로","6m미만","2026-03-01 11:18:08.643"
"11528","장위로31길","일반도로","국지도로","소로","6m미만","2026-03-01 11:18:08.643"
"11529","장위로32길","일반도로","국지도로","소로","6m미만","2026-03-01 11:18:08.643"
"11530","장위로33길","일반도로","국지도로","소로","6m미만","2026-03-01 11:18:08.643"
"11531","장위로35길","일반도로","국지도로","소로","6m미만","2026-03-01 11:18:08.648"
"11532","장위로37길","일반도로","국지도로","소로","6m미만","2026-03-01 11:18:08.648"
"11533","장위로38길","일반도로","국지도로","소로","6m미만","2026-03-01 11:18:08.648"
"11534","장위로39길","일반도로","국지도로","소로","6m미만","2026-03-01 11:18:08.648"
"11535","장위로40길","일반도로","국지도로","소로","6m미만","2026-03-01 11:18:08.648"
"11536","장위로40다길","일반도로","국지도로","소로","6m미만","2026-03-01 11:18:08.648"
"11537","장위로40라길","일반도로","국지도로","소로","6m미만","2026-03-01 11:18:08.648"
"11538","장위로40마길","일반도로","국지도로","소로","6m미만","2026-03-01 11:18:08.648"
"11539","장위로41길","일반도로","국지도로","소로","6m미만","2026-03-01 11:18:08.648"
"11540","장위로43길","일반도로","국지도로","소로","6m미만","2026-03-01 11:18:08.648"
"11541","장위로45가길","일반도로","국지도로","소로","6m미만","2026-03-01 11:18:08.653"
"11542","장위로45길","일반도로","국지도로","소로","6m미만","2026-03-01 11:18:08.653"
"11543","장위로49길","일반도로","국지도로","소로3류","폭6-8m","2026-03-01 11:18:08.653"
"11544","장위로4길","일반도로","국지도로","소로3류","폭6-8m","2026-03-01 11:18:08.653"
"11545","장위로51길","일반도로","국지도로","소로","6m미만","2026-03-01 11:18:08.653"
"11546","장위로6길","일반도로","국지도로","소로","6m미만","2026-03-01 11:18:08.653"
"11547","장위로8길","일반도로","국지도로","소로","6m미만","2026-03-01 11:18:08.653"
"11548","장지~가회선","일반도로","주간선도로","광로2류","폭50-70m","2026-03-01 11:18:08.653"
"11549","장지~문정선","일반도로","보조간선도로","대로1류","폭35-40m","2026-03-01 11:18:08.653"
"11550","장지~성수선","일반도로","주간선도로","대로2류","폭30-35m","2026-03-01 11:18:08.653"
"11551","장충단로","일반도로","국지도로","소로","6m미만","2026-03-01 11:18:08.658"
"11552","장충단로10길","일반도로","국지도로","소로","6m미만","2026-03-01 11:18:08.659"
"11553","장충단로13길","일반도로","국지도로","소로1류","폭10-12m","2026-03-01 11:18:08.659"
"11554","장충단로4길","일반도로","국지도로","소로","6m미만","2026-03-01 11:18:08.659"
"11555","장충단로6가길","일반도로","국지도로","소로","6m미만","2026-03-01 11:18:08.659"
"11556","장충단로6길","일반도로","국지도로","소로","6m미만","2026-03-01 11:18:08.659"
"11557","장충단로7가길","일반도로","국지도로","소로","6m미만","2026-03-01 11:18:08.659"
"11558","장충단로7길","일반도로","국지도로","소로","6m미만","2026-03-01 11:18:08.659"
"11559","장충단로8가길","일반도로","국지도로","소로","6m미만","2026-03-01 11:18:08.659"
"11560","장충단로8길","일반도로","국지도로","소로","6m미만","2026-03-01 11:18:08.659"
"11561","장충단로8나길","일반도로","국지도로","소로","6m미만","2026-03-01 11:18:08.663"
"11562","장터1가길","일반도로","국지도로","소로","6m미만","2026-03-01 11:18:08.663"
"11563","장터1길","일반도로","국지도로","소로3류","폭6-8m","2026-03-01 11:18:08.663"
"11564","장터2길","일반도로","국지도로","소로","6m미만","2026-03-01 11:18:08.663"
"11565","장터3길","일반도로","국지도로","소로","6m미만","2026-03-01 11:18:08.663"
"11566","장터5가길","일반도로","국지도로","소로","6m미만","2026-03-01 11:18:08.663"
"11567","장터5길","일반도로","국지도로","소로","6m미만","2026-03-01 11:18:08.663"
"11568","장터길","일반도로","국지도로","소로","6m미만","2026-03-01 11:18:08.663"
"11569","장한로","일반도로","국지도로","확인","불가","2026-03-01 11:18:08.663"
"11570","장한로10길","일반도로","국지도로","소로3류","폭6-8m","2026-03-01 11:18:08.663"
"11571","장한로12길","일반도로","국지도로","중로2류","폭15-20m","2026-03-01 11:18:08.668"
"11572","장한로13길","일반도로","국지도로","소로1류","폭10-12m","2026-03-01 11:18:08.668"
"11573","장한로14길","일반도로","국지도로","소로1류","폭10-12m","2026-03-01 11:18:08.668"
"11574","장한로16길","일반도로","국지도로","소로3류","폭6-8m","2026-03-01 11:18:08.668"
"11575","장한로17길","일반도로","국지도로","소로2류","폭8-10m","2026-03-01 11:18:08.668"
"11576","장한로18길","일반도로","국지도로","소로2류","폭8-10m","2026-03-01 11:18:08.668"
"11577","장한로20길","일반도로","국지도로","소로","6m미만","2026-03-01 11:18:08.668"
"11578","장한로21길","일반도로","국지도로","소로","6m미만","2026-03-01 11:18:08.668"
"11579","장한로22길","일반도로","국지도로","소로3류","폭6-8m","2026-03-01 11:18:08.668"
"11580","장한로23길","일반도로","국지도로","소로2류","폭8-10m","2026-03-01 11:18:08.668"
"11581","장한로24길","일반도로","국지도로","소로2류","폭8-10m","2026-03-01 11:18:08.673"
"11582","장한로25길","일반도로","국지도로","소로3류","폭6-8m","2026-03-01 11:18:08.673"
"11583","장한로26가길","일반도로","국지도로","소로","6m미만","2026-03-01 11:18:08.673"
"11584","장한로26길","일반도로","국지도로","소로1류","폭10-12m","2026-03-01 11:18:08.673"
"11585","장한로26나길","일반도로","국지도로","소로","6m미만","2026-03-01 11:18:08.673"
"11586","장한로26다길","일반도로","국지도로","소로","6m미만","2026-03-01 11:18:08.673"
"11587","장한로27가길","일반도로","국지도로","소로2류","폭8-10m","2026-03-01 11:18:08.673"
"11588","장한로27길","일반도로","국지도로","소로2류","폭8-10m","2026-03-01 11:18:08.673"
"11589","장한로27나길","일반도로","국지도로","소로","6m미만","2026-03-01 11:18:08.673"
"11590","장한로28가길","일반도로","국지도로","소로3류","폭6-8m","2026-03-01 11:18:08.673"
"11591","장한로28길","일반도로","국지도로","소로2류","폭8-10m","2026-03-01 11:18:08.678"
"11592","장한로29길","일반도로","국지도로","소로3류","폭6-8m","2026-03-01 11:18:08.678"
"11593","장한로2길","일반도로","국지도로","소로2류","폭8-10m","2026-03-01 11:18:08.678"
"11594","장한로30길","일반도로","국지도로","소로","6m미만","2026-03-01 11:18:08.678"
"11595","장한로31길","일반도로","국지도로","소로2류","폭8-10m","2026-03-01 11:18:08.678"
"11596","장한로32길","일반도로","국지도로","소로1류","폭10-12m","2026-03-01 11:18:08.678"
"11597","장한로33길","일반도로","국지도로","소로","6m미만","2026-03-01 11:18:08.678"
"11598","장한로34길","일반도로","국지도로","소로","6m미만","2026-03-01 11:18:08.678"
"11599","장한로36길","일반도로","국지도로","소로3류","폭6-8m","2026-03-01 11:18:08.678"
"11600","장한로3길","일반도로","국지도로","소로","6m미만","2026-03-01 11:18:08.678"
"11601","장한로5가길","일반도로","국지도로","소로","6m미만","2026-03-01 11:18:08.683"
"11602","장한로5길","일반도로","국지도로","소로3류","폭6-8m","2026-03-01 11:18:08.683"
"11603","장한로6길","일반도로","국지도로","소로1류","폭10-12m","2026-03-01 11:18:08.683"
"11604","장한로8길","일반도로","국지도로","소로","6m미만","2026-03-01 11:18:08.683"
"11605","장한로9길","일반도로","국지도로","소로3류","폭6-8m","2026-03-01 11:18:08.683"
"11606","장한평~사가정선","일반도로","보조간선도로","대로3류","폭25-30m","2026-03-01 11:18:08.683"
"11607","저동~을지로선","일반도로","보조간선도로","중로1류","폭20-25m","2026-03-01 11:18:08.683"
"11608","적선~부암선","일반도로","보조간선도로","중로2류","폭15-20m","2026-03-01 11:18:08.683"
"11609","전농로","일반도로","국지도로","소로","6m미만","2026-03-01 11:18:08.683"
"11610","전농로10길","일반도로","국지도로","중로1류","폭20-25m","2026-03-01 11:18:08.683"
"11611","전농로11가길","일반도로","국지도로","소로","6m미만","2026-03-01 11:18:08.688"
"11612","전농로11길","일반도로","국지도로","소로","6m미만","2026-03-01 11:18:08.688"
"11613","전농로14길","일반도로","국지도로","소로","6m미만","2026-03-01 11:18:08.688"
"11614","전농로15길","일반도로","국지도로","소로","6m미만","2026-03-01 11:18:08.688"
"11615","전농로16길","일반도로","국지도로","소로","6m미만","2026-03-01 11:18:08.688"
"11616","전농로17길","일반도로","국지도로","소로","6m미만","2026-03-01 11:18:08.688"
"11617","전농로19길","일반도로","국지도로","소로","6m미만","2026-03-01 11:18:08.688"
"11618","전농로20가길","일반도로","국지도로","소로","6m미만","2026-03-01 11:18:08.688"
"11619","전농로20길","일반도로","국지도로","소로","6m미만","2026-03-01 11:18:08.688"
"11620","전농로20나길","일반도로","국지도로","소로","6m미만","2026-03-01 11:18:08.688"
"11621","전농로20다길","일반도로","국지도로","소로","6m미만","2026-03-01 11:18:08.693"
"11622","전농로21길","일반도로","국지도로","소로3류","폭6-8m","2026-03-01 11:18:08.693"
"11623","전농로23길","일반도로","국지도로","소로3류","폭6-8m","2026-03-01 11:18:08.693"
"11624","전농로25길","일반도로","국지도로","소로","6m미만","2026-03-01 11:18:08.693"
"11625","전농로27길","일반도로","국지도로","소로","6m미만","2026-03-01 11:18:08.693"
"11626","전농로29길","일반도로","국지도로","소로","6m미만","2026-03-01 11:18:08.693"
"11627","전농로2가길","일반도로","국지도로","소로","6m미만","2026-03-01 11:18:08.693"
"11628","전농로2길","일반도로","국지도로","소로2류","폭8-10m","2026-03-01 11:18:08.693"
"11629","전농로2나길","일반도로","국지도로","소로","6m미만","2026-03-01 11:18:08.693"
"11630","전농로30길","일반도로","국지도로","소로","6m미만","2026-03-01 11:18:08.693"
"11631","전농로31가길","일반도로","국지도로","소로","6m미만","2026-03-01 11:18:08.698"
"11632","전농로31길","일반도로","국지도로","소로","6m미만","2026-03-01 11:18:08.698"
"11633","전농로31나길","일반도로","국지도로","소로","6m미만","2026-03-01 11:18:08.698"
"11634","전농로34길","일반도로","국지도로","소로","6m미만","2026-03-01 11:18:08.698"
"11635","전농로36가길","일반도로","국지도로","소로","6m미만","2026-03-01 11:18:08.698"
"11636","전농로36길","일반도로","국지도로","소로","6m미만","2026-03-01 11:18:08.698"
"11637","전농로36나길","일반도로","국지도로","소로","6m미만","2026-03-01 11:18:08.698"
"11638","전농로37가길","일반도로","국지도로","소로","6m미만","2026-03-01 11:18:08.698"
"11639","전농로37길","일반도로","국지도로","소로","6m미만","2026-03-01 11:18:08.698"
"11640","전농로37나길","일반도로","국지도로","소로3류","폭6-8m","2026-03-01 11:18:08.698"
"11641","전농로37다길","일반도로","국지도로","소로","6m미만","2026-03-01 11:18:08.703"
"11642","전농로38가길","일반도로","국지도로","소로","6m미만","2026-03-01 11:18:08.703"
"11643","전농로38길","일반도로","국지도로","소로","6m미만","2026-03-01 11:18:08.703"
"11644","전농로38나길","일반도로","국지도로","소로","6m미만","2026-03-01 11:18:08.703"
"11645","전농로38다길","일반도로","국지도로","소로","6m미만","2026-03-01 11:18:08.703"
"11646","전농로38라길","일반도로","국지도로","소로","6m미만","2026-03-01 11:18:08.703"
"11647","전농로3가길","일반도로","국지도로","소로","6m미만","2026-03-01 11:18:08.703"
"11648","전농로3길","일반도로","국지도로","소로","6m미만","2026-03-01 11:18:08.703"
"11649","전농로4가길","일반도로","국지도로","소로","6m미만","2026-03-01 11:18:08.703"
"11650","전농로4길","일반도로","국지도로","소로3류","폭6-8m","2026-03-01 11:18:08.703"
"11651","전농로4나길","일반도로","국지도로","소로3류","폭6-8m","2026-03-01 11:18:08.708"
"11652","전농로5길","일반도로","국지도로","소로","6m미만","2026-03-01 11:18:08.708"
"11653","전농로9길","일반도로","국지도로","소로","6m미만","2026-03-01 11:18:08.708"
"11654","전원말11길","일반도로","국지도로","소로3류","폭6-8m","2026-03-01 11:18:08.708"
"11655","전원말2길","일반도로","국지도로","소로3류","폭6-8m","2026-03-01 11:18:08.708"
"11656","전원말4길","일반도로","국지도로","소로","6m미만","2026-03-01 11:18:08.708"
"11657","전원말5길","일반도로","국지도로","소로","6m미만","2026-03-01 11:18:08.708"
"11658","전원말6길","일반도로","국지도로","소로","6m미만","2026-03-01 11:18:08.708"
"11659","전원말7길","일반도로","국지도로","소로3류","폭6-8m","2026-03-01 11:18:08.708"
"11660","전원말8길","일반도로","국지도로","소로","6m미만","2026-03-01 11:18:08.708"
"11661","전원말9길","일반도로","국지도로","소로3류","폭6-8m","2026-03-01 11:18:08.713"
"11662","전원말길","일반도로","국지도로","소로2류","폭8-10m","2026-03-01 11:18:08.713"
"11663","전원말안11길","일반도로","국지도로","소로3류","폭6-8m","2026-03-01 11:18:08.713"
"11664","전원말안13길","일반도로","국지도로","소로3류","폭6-8m","2026-03-01 11:18:08.713"
"11665","전원말안15길","일반도로","국지도로","소로","6m미만","2026-03-01 11:18:08.713"
"11666","전원말안1길","일반도로","국지도로","소로","6m미만","2026-03-01 11:18:08.713"
"11667","전원말안3길","일반도로","국지도로","소로","6m미만","2026-03-01 11:18:08.713"
"11668","전원말안5길","일반도로","국지도로","소로3류","폭6-8m","2026-03-01 11:18:08.713"
"11669","전원말안7길","일반도로","국지도로","소로3류","폭6-8m","2026-03-01 11:18:08.713"
"11670","전원말안9길","일반도로","국지도로","소로3류","폭6-8m","2026-03-01 11:18:08.713"
"11671","전원말안길","일반도로","국지도로","소로2류","폭8-10m","2026-03-01 11:18:08.718"
"11672","절골14길","일반도로","국지도로","소로","6m미만","2026-03-01 11:18:08.718"
"11673","정동길","일반도로","국지도로","소로2류","폭8-10m","2026-03-01 11:18:08.718"
"11674","정릉~번동선","일반도로","보조간선도로","중로1류","폭20-25m","2026-03-01 11:18:08.718"
"11675","정릉로","일반도로","국지도로","소로","6m미만","2026-03-01 11:18:08.718"
"11676","정릉로10가길","일반도로","국지도로","소로","6m미만","2026-03-01 11:18:08.718"
"11677","정릉로10길","일반도로","국지도로","소로","6m미만","2026-03-01 11:18:08.718"
"11678","정릉로10나길","일반도로","국지도로","소로","6m미만","2026-03-01 11:18:08.718"
"11679","정릉로10다길","일반도로","국지도로","소로","6m미만","2026-03-01 11:18:08.718"
"11680","정릉로10라길","일반도로","국지도로","소로","6m미만","2026-03-01 11:18:08.718"
"11681","정릉로12길","일반도로","국지도로","소로","6m미만","2026-03-01 11:18:08.722"
"11682","정릉로15길","일반도로","국지도로","소로2류","폭8-10m","2026-03-01 11:18:08.722"
"11683","정릉로16길","일반도로","국지도로","소로","6m미만","2026-03-01 11:18:08.722"
"11684","정릉로17길","일반도로","국지도로","소로","6m미만","2026-03-01 11:18:08.722"
"11685","정릉로19길","일반도로","국지도로","소로","6m미만","2026-03-01 11:18:08.722"
"11686","정릉로21가길","일반도로","국지도로","소로","6m미만","2026-03-01 11:18:08.722"
"11687","정릉로21길","일반도로","국지도로","소로","6m미만","2026-03-01 11:18:08.722"
"11688","정릉로23길","일반도로","국지도로","소로","6m미만","2026-03-01 11:18:08.722"
"11689","정릉로24가길","일반도로","국지도로","소로","6m미만","2026-03-01 11:18:08.722"
"11690","정릉로24길","일반도로","국지도로","소로","6m미만","2026-03-01 11:18:08.722"
"11691","정릉로26가길","일반도로","국지도로","소로","6m미만","2026-03-01 11:18:08.727"
"11692","정릉로26길","일반도로","국지도로","소로","6m미만","2026-03-01 11:18:08.727"
"11693","정릉로27가길","일반도로","국지도로","소로","6m미만","2026-03-01 11:18:08.727"
"11694","정릉로27길","일반도로","국지도로","소로","6m미만","2026-03-01 11:18:08.727"
"11695","정릉로27나길","일반도로","국지도로","소로","6m미만","2026-03-01 11:18:08.727"
"11696","정릉로27다길","일반도로","국지도로","소로","6m미만","2026-03-01 11:18:08.727"
"11697","정릉로29길","일반도로","국지도로","소로3류","폭6-8m","2026-03-01 11:18:08.727"
"11698","정릉로31가길","일반도로","국지도로","소로","6m미만","2026-03-01 11:18:08.727"
"11699","정릉로31길","일반도로","국지도로","소로","6m미만","2026-03-01 11:18:08.727"
"11700","정릉로31나길","일반도로","국지도로","소로","6m미만","2026-03-01 11:18:08.727"
"11701","정릉로32가길","일반도로","국지도로","소로","6m미만","2026-03-01 11:18:08.732"
"11702","정릉로32길","일반도로","국지도로","소로","6m미만","2026-03-01 11:18:08.732"
"11703","정릉로34길","일반도로","국지도로","소로","6m미만","2026-03-01 11:18:08.732"
"11704","정릉로36길","일반도로","국지도로","소로","6m미만","2026-03-01 11:18:08.732"
"11705","정릉로38가길","일반도로","국지도로","소로","6m미만","2026-03-01 11:18:08.732"
"11706","정릉로38길","일반도로","국지도로","소로3류","폭6-8m","2026-03-01 11:18:08.732"
"11707","정릉로38나길","일반도로","국지도로","소로","6m미만","2026-03-01 11:18:08.732"
"11708","정릉로38다길","일반도로","국지도로","소로2류","폭8-10m","2026-03-01 11:18:08.732"
"11709","정릉로38라길","일반도로","국지도로","소로3류","폭6-8m","2026-03-01 11:18:08.732"
"11710","정릉로38마길","일반도로","국지도로","소로","6m미만","2026-03-01 11:18:08.732"
"11711","정릉로38바길","일반도로","국지도로","소로","6m미만","2026-03-01 11:18:08.737"
"11712","정릉로40길","일반도로","국지도로","소로3류","폭6-8m","2026-03-01 11:18:08.737"
"11713","정릉로42길","일반도로","국지도로","소로3류","폭6-8m","2026-03-01 11:18:08.737"
"11714","정릉로44길","일반도로","국지도로","소로3류","폭6-8m","2026-03-01 11:18:08.737"
"11715","정릉로46길","일반도로","국지도로","소로","6m미만","2026-03-01 11:18:08.737"
"11716","정릉로48길","일반도로","국지도로","소로1류","폭10-12m","2026-03-01 11:18:08.737"
"11717","정릉로52길","일반도로","국지도로","소로3류","폭6-8m","2026-03-01 11:18:08.737"
"11718","정릉로6가길","일반도로","국지도로","소로","6m미만","2026-03-01 11:18:08.737"
"11719","정릉로6길","일반도로","국지도로","소로","6m미만","2026-03-01 11:18:08.737"
"11720","정릉로8가길","일반도로","국지도로","소로","6m미만","2026-03-01 11:18:08.737"
"11721","정릉로8길","일반도로","국지도로","소로3류","폭6-8m","2026-03-01 11:18:08.742"
"11722","정릉로8나길","일반도로","국지도로","소로","6m미만","2026-03-01 11:18:08.742"
"11723","정릉로8다길","일반도로","국지도로","소로","6m미만","2026-03-01 11:18:08.742"
"11724","정릉로9가길","일반도로","국지도로","소로","6m미만","2026-03-01 11:18:08.742"
"11725","정릉로9길","일반도로","국지도로","소로3류","폭6-8m","2026-03-01 11:18:08.742"
"11726","정릉로9나길","일반도로","국지도로","소로","6m미만","2026-03-01 11:18:08.742"
"11727","정릉로9다길","일반도로","국지도로","소로","6m미만","2026-03-01 11:18:08.742"
"11728","정릉로9라길","일반도로","국지도로","소로","6m미만","2026-03-01 11:18:08.742"
"11729","정릉천동로","일반도로","국지도로","소로2류","폭8-10m","2026-03-01 11:18:08.742"
"11730","정의로","일반도로","국지도로","대로3류","폭25-30m","2026-03-01 11:18:08.742"
"11731","정의로3길","일반도로","국지도로","중로1류","폭20-25m","2026-03-01 11:18:08.747"
"11732","정의로5길","일반도로","국지도로","대로3류","폭25-30m","2026-03-01 11:18:08.747"
"11733","정의로7길","일반도로","국지도로","중로2류","폭15-20m","2026-03-01 11:18:08.747"
"11734","정의로8길","일반도로","국지도로","중로2류","폭15-20m","2026-03-01 11:18:08.747"
"11735","제기로","일반도로","국지도로","소로","6m미만","2026-03-01 11:18:08.747"
"11736","제기로11길","일반도로","국지도로","소로3류","폭6-8m","2026-03-01 11:18:08.747"
"11737","제기로13길","일반도로","국지도로","소로","6m미만","2026-03-01 11:18:08.747"
"11738","제기로15길","일반도로","국지도로","소로","6m미만","2026-03-01 11:18:08.747"
"11739","제기로17가길","일반도로","국지도로","소로","6m미만","2026-03-01 11:18:08.747"
"11740","제기로17길","일반도로","국지도로","소로","6m미만","2026-03-01 11:18:08.747"
"11741","제기로20길","일반도로","국지도로","소로","6m미만","2026-03-01 11:18:08.752"
"11742","제기로21길","일반도로","국지도로","소로","6m미만","2026-03-01 11:18:08.752"
"11743","제기로23길","일반도로","국지도로","소로","6m미만","2026-03-01 11:18:08.752"
"11744","제기로26길","일반도로","국지도로","소로","6m미만","2026-03-01 11:18:08.752"
"11745","제기로28길","일반도로","국지도로","소로","6m미만","2026-03-01 11:18:08.752"
"11746","제기로2가길","일반도로","국지도로","소로","6m미만","2026-03-01 11:18:08.752"
"11747","제기로2길","일반도로","국지도로","소로","6m미만","2026-03-01 11:18:08.752"
"11748","제기로31길","일반도로","국지도로","소로","6m미만","2026-03-01 11:18:08.752"
"11749","제기로33길","일반도로","국지도로","소로","6m미만","2026-03-01 11:18:08.752"
"11750","제기로36길","일반도로","국지도로","소로","6m미만","2026-03-01 11:18:08.752"
"11751","제기로37길","일반도로","국지도로","소로","6m미만","2026-03-01 11:18:08.757"
"11752","제기로38길","일반도로","국지도로","소로","6m미만","2026-03-01 11:18:08.757"
"11753","제기로4가길","일반도로","국지도로","소로","6m미만","2026-03-01 11:18:08.757"
"11754","제기로4길","일반도로","국지도로","소로","6m미만","2026-03-01 11:18:08.757"
"11755","제기로4나길","일반도로","국지도로","소로","6m미만","2026-03-01 11:18:08.757"
"11756","제기로4다길","일반도로","국지도로","소로","6m미만","2026-03-01 11:18:08.757"
"11757","제기로5가길","일반도로","국지도로","소로","6m미만","2026-03-01 11:18:08.758"
"11758","제기로5길","일반도로","국지도로","소로3류","폭6-8m","2026-03-01 11:18:08.758"
"11759","제기로6가길","일반도로","국지도로","소로3류","폭6-8m","2026-03-01 11:18:08.758"
"11760","제기로6길","일반도로","국지도로","소로","6m미만","2026-03-01 11:18:08.758"
"11761","제기로7길","일반도로","국지도로","소로2류","폭8-10m","2026-03-01 11:18:08.763"
"11762","제기로9길","일반도로","국지도로","소로","6m미만","2026-03-01 11:18:08.763"
"11763","조원로","일반도로","국지도로","소로","6m미만","2026-03-01 11:18:08.763"
"11764","조원로10길","일반도로","국지도로","소로","6m미만","2026-03-01 11:18:08.763"
"11765","조원로11길","일반도로","국지도로","소로2류","폭8-10m","2026-03-01 11:18:08.763"
"11766","조원로12길","일반도로","국지도로","소로","6m미만","2026-03-01 11:18:08.763"
"11767","조원로13길","일반도로","국지도로","소로3류","폭6-8m","2026-03-01 11:18:08.763"
"11768","조원로14길","일반도로","국지도로","소로","6m미만","2026-03-01 11:18:08.763"
"11769","조원로15길","일반도로","국지도로","소로3류","폭6-8m","2026-03-01 11:18:08.763"
"11770","조원로16가길","일반도로","국지도로","소로","6m미만","2026-03-01 11:18:08.763"
"11771","조원로16길","일반도로","국지도로","소로","6m미만","2026-03-01 11:18:08.768"
"11772","조원로17길","일반도로","국지도로","소로","6m미만","2026-03-01 11:18:08.768"
"11773","조원로18길","일반도로","국지도로","소로3류","폭6-8m","2026-03-01 11:18:08.768"
"11774","조원로19길","일반도로","국지도로","소로","6m미만","2026-03-01 11:18:08.768"
"11775","조원로20길","일반도로","국지도로","소로","6m미만","2026-03-01 11:18:08.768"
"11776","조원로21길","일반도로","국지도로","소로3류","폭6-8m","2026-03-01 11:18:08.768"
"11777","조원로22길","일반도로","국지도로","소로","6m미만","2026-03-01 11:18:08.768"
"11778","조원로23길","일반도로","국지도로","소로","6m미만","2026-03-01 11:18:08.768"
"11779","조원로2가길","일반도로","국지도로","소로","6m미만","2026-03-01 11:18:08.768"
"11780","조원로2길","일반도로","국지도로","소로3류","폭6-8m","2026-03-01 11:18:08.768"
"11781","조원로31길","일반도로","국지도로","소로","6m미만","2026-03-01 11:18:08.772"
"11782","조원로33길","일반도로","국지도로","소로","6m미만","2026-03-01 11:18:08.773"
"11783","조원로4길","일반도로","국지도로","소로","6m미만","2026-03-01 11:18:08.773"
"11784","조원로6길","일반도로","국지도로","소로","6m미만","2026-03-01 11:18:08.773"
"11785","조원로8길","일반도로","국지도로","소로3류","폭6-8m","2026-03-01 11:18:08.773"
"11786","조원중앙로","일반도로","국지도로","소로3류","폭6-8m","2026-03-01 11:18:08.773"
"11787","조원중앙로1길","일반도로","국지도로","소로3류","폭6-8m","2026-03-01 11:18:08.773"
"11788","조원중앙로2길","일반도로","국지도로","소로","6m미만","2026-03-01 11:18:08.773"
"11789","조정대로","일반도로","국지도로","소로2류","폭8-10m","2026-03-01 11:18:08.773"
"11790","종로","일반도로","국지도로","소로","6m미만","2026-03-01 11:18:08.773"
"11791","종로10길","일반도로","국지도로","소로3류","폭6-8m","2026-03-01 11:18:08.778"
"11792","종로11길","일반도로","국지도로","소로","6m미만","2026-03-01 11:18:08.778"
"11793","종로12길","일반도로","국지도로","소로3류","폭6-8m","2026-03-01 11:18:08.778"
"11794","종로14길","일반도로","국지도로","소로3류","폭6-8m","2026-03-01 11:18:08.778"
"11795","종로16길","일반도로","국지도로","소로","6m미만","2026-03-01 11:18:08.778"
"11796","종로17길","일반도로","국지도로","소로3류","폭6-8m","2026-03-01 11:18:08.778"
"11797","종로18길","일반도로","국지도로","소로","6m미만","2026-03-01 11:18:08.778"
"11798","종로1길","일반도로","국지도로","소로2류","폭8-10m","2026-03-01 11:18:08.778"
"11799","종로20길","일반도로","국지도로","소로","6m미만","2026-03-01 11:18:08.778"
"11800","종로22길","일반도로","국지도로","소로","6m미만","2026-03-01 11:18:08.778"
"11801","종로24길","일반도로","국지도로","소로","6m미만","2026-03-01 11:18:08.782"
"11802","종로26길","일반도로","국지도로","소로","6m미만","2026-03-01 11:18:08.782"
"11803","종로28길","일반도로","국지도로","소로3류","폭6-8m","2026-03-01 11:18:08.782"
"11804","종로31가길","일반도로","국지도로","소로","6m미만","2026-03-01 11:18:08.782"
"11805","종로31길","일반도로","국지도로","소로","6m미만","2026-03-01 11:18:08.782"
"11806","종로32길","일반도로","국지도로","소로3류","폭6-8m","2026-03-01 11:18:08.782"
"11807","종로33길","일반도로","국지도로","소로3류","폭6-8m","2026-03-01 11:18:08.782"
"11808","종로34길","일반도로","국지도로","소로3류","폭6-8m","2026-03-01 11:18:08.782"
"11809","종로35가길","일반도로","국지도로","소로","6m미만","2026-03-01 11:18:08.782"
"11810","종로35길","일반도로","국지도로","소로","6m미만","2026-03-01 11:18:08.782"
"11811","종로36가길","일반도로","국지도로","소로","6m미만","2026-03-01 11:18:08.787"
"11812","종로36길","일반도로","국지도로","소로2류","폭8-10m","2026-03-01 11:18:08.787"
"11813","종로36나길","일반도로","국지도로","소로3류","폭6-8m","2026-03-01 11:18:08.787"
"11814","종로38길","일반도로","국지도로","소로3류","폭6-8m","2026-03-01 11:18:08.787"
"11815","종로39가길","일반도로","국지도로","소로","6m미만","2026-03-01 11:18:08.787"
"11816","종로39길","일반도로","국지도로","소로3류","폭6-8m","2026-03-01 11:18:08.787"
"11817","종로3길","일반도로","국지도로","소로3류","폭6-8m","2026-03-01 11:18:08.787"
"11818","종로40가길","일반도로","국지도로","소로","6m미만","2026-03-01 11:18:08.787"
"11819","종로40길","일반도로","국지도로","중로1류","폭20-25m","2026-03-01 11:18:08.787"
"11820","종로40나길","일반도로","국지도로","소로","6m미만","2026-03-01 11:18:08.787"
"11821","종로41가길","일반도로","국지도로","소로","6m미만","2026-03-01 11:18:08.792"
"11822","종로41길","일반도로","국지도로","소로","6m미만","2026-03-01 11:18:08.792"
"11823","종로41나길","일반도로","국지도로","소로","6m미만","2026-03-01 11:18:08.792"
"11824","종로43길","일반도로","국지도로","소로","6m미만","2026-03-01 11:18:08.792"
"11825","종로44길","일반도로","국지도로","소로","6m미만","2026-03-01 11:18:08.792"
"11826","종로46가길","일반도로","국지도로","소로","6m미만","2026-03-01 11:18:08.792"
"11827","종로46길","일반도로","국지도로","소로2류","폭8-10m","2026-03-01 11:18:08.792"
"11828","종로48길","일반도로","국지도로","소로","6m미만","2026-03-01 11:18:08.792"
"11829","종로50가길","일반도로","국지도로","소로","6m미만","2026-03-01 11:18:08.792"
"11830","종로50길","일반도로","국지도로","소로","6m미만","2026-03-01 11:18:08.792"
"11831","종로50나길","일반도로","국지도로","소로","6m미만","2026-03-01 11:18:08.797"
"11832","종로50다길","일반도로","국지도로","소로","6m미만","2026-03-01 11:18:08.797"
"11833","종로50라길","일반도로","국지도로","소로","6m미만","2026-03-01 11:18:08.797"
"11834","종로51가길","일반도로","국지도로","소로","6m미만","2026-03-01 11:18:08.797"
"11835","종로51길","일반도로","국지도로","소로","6m미만","2026-03-01 11:18:08.797"
"11836","종로51나길","일반도로","국지도로","소로","6m미만","2026-03-01 11:18:08.797"
"11837","종로52길","일반도로","국지도로","소로","6m미만","2026-03-01 11:18:08.797"
"11838","종로53길","일반도로","국지도로","소로","6m미만","2026-03-01 11:18:08.797"
"11839","종로54길","일반도로","국지도로","소로","6m미만","2026-03-01 11:18:08.797"
"11840","종로56길","일반도로","국지도로","소로","6m미만","2026-03-01 11:18:08.797"
"11841","종로57길","일반도로","국지도로","소로","6m미만","2026-03-01 11:18:08.802"
"11842","종로58가길","일반도로","국지도로","소로","6m미만","2026-03-01 11:18:08.802"
"11843","종로58길","일반도로","국지도로","소로2류","폭8-10m","2026-03-01 11:18:08.802"
"11844","종로5길","일반도로","국지도로","소로3류","폭6-8m","2026-03-01 11:18:08.802"
"11845","종로60길","일반도로","국지도로","소로","6m미만","2026-03-01 11:18:08.802"
"11846","종로62길","일반도로","국지도로","소로","6m미만","2026-03-01 11:18:08.802"
"11847","종로63가길","일반도로","국지도로","소로","6m미만","2026-03-01 11:18:08.802"
"11848","종로63길","일반도로","국지도로","소로","6m미만","2026-03-01 11:18:08.802"
"11849","종로63나길","일반도로","국지도로","소로","6m미만","2026-03-01 11:18:08.802"
"11850","종로63다길","일반도로","국지도로","소로","6m미만","2026-03-01 11:18:08.802"
"11851","종로63라길","일반도로","국지도로","소로","6m미만","2026-03-01 11:18:08.807"
"11852","종로63마길","일반도로","국지도로","소로","6m미만","2026-03-01 11:18:08.807"
"11853","종로65가길","일반도로","국지도로","소로","6m미만","2026-03-01 11:18:08.807"
"11854","종로65길","일반도로","국지도로","소로","6m미만","2026-03-01 11:18:08.807"
"11855","종로66가길","일반도로","국지도로","소로","6m미만","2026-03-01 11:18:08.807"
"11856","종로66길","일반도로","국지도로","소로","6m미만","2026-03-01 11:18:08.807"
"11857","종로67길","일반도로","국지도로","소로","6m미만","2026-03-01 11:18:08.807"
"11858","종로7길","일반도로","국지도로","소로","6m미만","2026-03-01 11:18:08.807"
"11859","종로8길","일반도로","국지도로","소로","6m미만","2026-03-01 11:18:08.807"
"11860","종로9길","일반도로","국지도로","소로3류","폭6-8m","2026-03-01 11:18:08.807"
"11861","종암~회기선","일반도로","보조간선도로","중로1류","폭20-25m","2026-03-01 11:18:08.812"
"11862","종암로","일반도로","국지도로","소로","6m미만","2026-03-01 11:18:08.812"
"11863","종암로10길","일반도로","국지도로","소로","6m미만","2026-03-01 11:18:08.812"
"11864","종암로11길","일반도로","국지도로","소로","6m미만","2026-03-01 11:18:08.812"
"11865","종암로13가길","일반도로","국지도로","소로","6m미만","2026-03-01 11:18:08.812"
"11866","종암로13길","일반도로","국지도로","소로","6m미만","2026-03-01 11:18:08.812"
"11867","종암로14길","일반도로","국지도로","소로","6m미만","2026-03-01 11:18:08.812"
"11868","종암로15길","일반도로","국지도로","소로","6m미만","2026-03-01 11:18:08.812"
"11869","종암로16길","일반도로","국지도로","소로","6m미만","2026-03-01 11:18:08.812"
"11870","종암로18길","일반도로","국지도로","소로","6m미만","2026-03-01 11:18:08.812"
"11871","종암로19가길","일반도로","국지도로","소로2류","폭8-10m","2026-03-01 11:18:08.817"
"11872","종암로19길","일반도로","국지도로","소로","6m미만","2026-03-01 11:18:08.817"
"11873","종암로19나길","일반도로","국지도로","소로","6m미만","2026-03-01 11:18:08.817"
"11874","종암로19다길","일반도로","국지도로","소로","6m미만","2026-03-01 11:18:08.817"
"11875","종암로19라길","일반도로","국지도로","소로","6m미만","2026-03-01 11:18:08.817"
"11876","종암로21가길","일반도로","국지도로","소로","6m미만","2026-03-01 11:18:08.817"
"11877","종암로21길","일반도로","국지도로","소로","6m미만","2026-03-01 11:18:08.817"
"11878","종암로22길","일반도로","국지도로","소로","6m미만","2026-03-01 11:18:08.817"
"11879","종암로23길","일반도로","국지도로","중로2류","폭15-20m","2026-03-01 11:18:08.817"
"11880","종암로24가길","일반도로","국지도로","소로3류","폭6-8m","2026-03-01 11:18:08.817"
"11881","종암로24길","일반도로","국지도로","소로3류","폭6-8m","2026-03-01 11:18:08.822"
"11882","종암로25길","일반도로","국지도로","소로3류","폭6-8m","2026-03-01 11:18:08.822"
"11883","종암로27길","일반도로","국지도로","소로3류","폭6-8m","2026-03-01 11:18:08.822"
"11884","종암로28길","일반도로","국지도로","소로3류","폭6-8m","2026-03-01 11:18:08.822"
"11885","종암로30길","일반도로","국지도로","중로1류","폭20-25m","2026-03-01 11:18:08.822"
"11886","종암로32길","일반도로","국지도로","소로","6m미만","2026-03-01 11:18:08.822"
"11887","종암로34길","일반도로","국지도로","소로","6m미만","2026-03-01 11:18:08.822"
"11888","종암로36가길","일반도로","국지도로","소로","6m미만","2026-03-01 11:18:08.822"
"11889","종암로36길","일반도로","국지도로","소로","6m미만","2026-03-01 11:18:08.822"
"11890","종암로36나길","일반도로","국지도로","소로","6m미만","2026-03-01 11:18:08.822"
"11891","종암로38길","일반도로","국지도로","소로","6m미만","2026-03-01 11:18:08.827"
"11892","종암로3길","일반도로","국지도로","소로3류","폭6-8m","2026-03-01 11:18:08.827"
"11893","종암로40길","일반도로","국지도로","소로","6m미만","2026-03-01 11:18:08.827"
"11894","종암로5길","일반도로","국지도로","소로","6m미만","2026-03-01 11:18:08.827"
"11895","종암로6길","일반도로","국지도로","소로3류","폭6-8m","2026-03-01 11:18:08.827"
"11896","종암로8길","일반도로","국지도로","소로3류","폭6-8m","2026-03-01 11:18:08.827"
"11897","종암로9가길","일반도로","국지도로","소로","6m미만","2026-03-01 11:18:08.827"
"11898","종암로9길","일반도로","국지도로","소로","6m미만","2026-03-01 11:18:08.827"
"11899","종암로9나길","일반도로","국지도로","소로","6m미만","2026-03-01 11:18:08.827"
"11900","종암로9다길","일반도로","국지도로","소로","6m미만","2026-03-01 11:18:08.827"
"11901","주흥10길","일반도로","국지도로","소로","6m미만","2026-03-01 11:18:08.832"
"11902","주흥11길","일반도로","국지도로","소로","6m미만","2026-03-01 11:18:08.832"
"11903","주흥13길","일반도로","국지도로","소로","6m미만","2026-03-01 11:18:08.832"
"11904","주흥15길","일반도로","국지도로","소로","6m미만","2026-03-01 11:18:08.832"
"11905","주흥16길","일반도로","국지도로","소로","6m미만","2026-03-01 11:18:08.832"
"11906","주흥17길","일반도로","국지도로","소로","6m미만","2026-03-01 11:18:08.832"
"11907","주흥1길","일반도로","국지도로","소로3류","폭6-8m","2026-03-01 11:18:08.832"
"11908","주흥3길","일반도로","국지도로","소로1류","폭10-12m","2026-03-01 11:18:08.832"
"11909","주흥5길","일반도로","국지도로","소로","6m미만","2026-03-01 11:18:08.832"
"11910","주흥6길","일반도로","국지도로","소로","6m미만","2026-03-01 11:18:08.832"
"11911","주흥7길","일반도로","국지도로","소로","6m미만","2026-03-01 11:18:08.837"
"11912","주흥9길","일반도로","국지도로","소로","6m미만","2026-03-01 11:18:08.837"
"11913","주흥길","일반도로","국지도로","소로","6m미만","2026-03-01 11:18:08.837"
"11914","중계로","일반도로","국지도로","소로2류","폭8-10m","2026-03-01 11:18:08.837"
"11915","중계로10길","일반도로","국지도로","소로","6m미만","2026-03-01 11:18:08.837"
"11916","중계로12가길","일반도로","국지도로","소로1류","폭10-12m","2026-03-01 11:18:08.837"
"11917","중계로12길","일반도로","국지도로","소로2류","폭8-10m","2026-03-01 11:18:08.837"
"11918","중계로14가길","일반도로","국지도로","소로3류","폭6-8m","2026-03-01 11:18:08.837"
"11919","중계로14길","일반도로","국지도로","소로","6m미만","2026-03-01 11:18:08.837"
"11920","중계로14나길","일반도로","국지도로","소로3류","폭6-8m","2026-03-01 11:18:08.837"
"11921","중계로14다길","일반도로","국지도로","소로","6m미만","2026-03-01 11:18:08.842"
"11922","중계로14라길","일반도로","국지도로","소로","6m미만","2026-03-01 11:18:08.842"
"11923","중계로14마길","일반도로","국지도로","소로","6m미만","2026-03-01 11:18:08.842"
"11924","중계로14바길","일반도로","국지도로","소로","6m미만","2026-03-01 11:18:08.842"
"11925","중계로14사길","일반도로","국지도로","소로","6m미만","2026-03-01 11:18:08.842"
"11926","중계로16가길","일반도로","국지도로","소로3류","폭6-8m","2026-03-01 11:18:08.842"
"11927","중계로16길","일반도로","국지도로","소로2류","폭8-10m","2026-03-01 11:18:08.842"
"11928","중계로16나길","일반도로","국지도로","소로3류","폭6-8m","2026-03-01 11:18:08.842"
"11929","중계로16다길","일반도로","국지도로","소로","6m미만","2026-03-01 11:18:08.842"
"11930","중계로17길","일반도로","국지도로","소로1류","폭10-12m","2026-03-01 11:18:08.842"
"11931","중계로18길","일반도로","국지도로","중로2류","폭15-20m","2026-03-01 11:18:08.847"
"11932","중계로19길","일반도로","국지도로","중로2류","폭15-20m","2026-03-01 11:18:08.847"
"11933","중계로20길","일반도로","국지도로","소로1류","폭10-12m","2026-03-01 11:18:08.847"
"11934","중계로2가길","일반도로","국지도로","소로","6m미만","2026-03-01 11:18:08.847"
"11935","중계로2길","일반도로","국지도로","소로","6m미만","2026-03-01 11:18:08.847"
"11936","중계로2나길","일반도로","국지도로","소로","6m미만","2026-03-01 11:18:08.847"
"11937","중계로2다길","일반도로","국지도로","소로","6m미만","2026-03-01 11:18:08.847"
"11938","중계로2라길","일반도로","국지도로","소로","6m미만","2026-03-01 11:18:08.847"
"11939","중계로2마길","일반도로","국지도로","소로","6m미만","2026-03-01 11:18:08.847"
"11940","중계로4가길","일반도로","국지도로","소로","6m미만","2026-03-01 11:18:08.847"
"11941","중계로4길","일반도로","국지도로","소로","6m미만","2026-03-01 11:18:08.852"
"11942","중계로4나길","일반도로","국지도로","소로","6m미만","2026-03-01 11:18:08.852"
"11943","중계로4다길","일반도로","국지도로","소로","6m미만","2026-03-01 11:18:08.852"
"11944","중계로4라길","일반도로","국지도로","소로","6m미만","2026-03-01 11:18:08.852"
"11945","중계로4마길","일반도로","국지도로","소로","6m미만","2026-03-01 11:18:08.852"
"11946","중계로4바길","일반도로","국지도로","소로","6m미만","2026-03-01 11:18:08.852"
"11947","중계로6가길","일반도로","국지도로","소로","6m미만","2026-03-01 11:18:08.852"
"11948","중계로6길","일반도로","국지도로","소로","6m미만","2026-03-01 11:18:08.852"
"11949","중계로6나길","일반도로","국지도로","소로","6m미만","2026-03-01 11:18:08.852"
"11950","중계로6다길","일반도로","국지도로","소로","6m미만","2026-03-01 11:18:08.852"
"11951","중계로6라길","일반도로","국지도로","소로","6m미만","2026-03-01 11:18:08.857"
"11952","중계로8가길","일반도로","국지도로","소로","6m미만","2026-03-01 11:18:08.857"
"11953","중계로8길","일반도로","국지도로","소로3류","폭6-8m","2026-03-01 11:18:08.857"
"11954","중계로8나길","일반도로","국지도로","소로","6m미만","2026-03-01 11:18:08.857"
"11955","중고개길","일반도로","국지도로","소로","6m미만","2026-03-01 11:18:08.857"
"11956","중곡~신내선","일반도로","보조간선도로","중로1류","폭20-25m","2026-03-01 11:18:08.857"
"11957","중대로","일반도로","국지도로","소로2류","폭8-10m","2026-03-01 11:18:08.857"
"11958","중대로10길","일반도로","국지도로","소로2류","폭8-10m","2026-03-01 11:18:08.857"
"11959","중대로12길","일반도로","국지도로","소로3류","폭6-8m","2026-03-01 11:18:08.857"
"11960","중대로14길","일반도로","국지도로","소로2류","폭8-10m","2026-03-01 11:18:08.857"
"11961","중대로15길","일반도로","국지도로","소로3류","폭6-8m","2026-03-01 11:18:08.862"
"11962","중대로16길","일반도로","국지도로","소로3류","폭6-8m","2026-03-01 11:18:08.862"
"11963","중대로18길","일반도로","국지도로","소로2류","폭8-10m","2026-03-01 11:18:08.862"
"11964","중대로1길","일반도로","국지도로","중로1류","폭20-25m","2026-03-01 11:18:08.862"
"11965","중대로20길","일반도로","국지도로","소로2류","폭8-10m","2026-03-01 11:18:08.862"
"11966","중대로22길","일반도로","국지도로","소로2류","폭8-10m","2026-03-01 11:18:08.862"
"11967","중대로23길","일반도로","국지도로","소로1류","폭10-12m","2026-03-01 11:18:08.862"
"11968","중대로25길","일반도로","국지도로","소로3류","폭6-8m","2026-03-01 11:18:08.862"
"11969","중대로27길","일반도로","국지도로","소로3류","폭6-8m","2026-03-01 11:18:08.862"
"11970","중대로29길","일반도로","국지도로","소로2류","폭8-10m","2026-03-01 11:18:08.862"
"11971","중대로2길","일반도로","국지도로","확인","불가","2026-03-01 11:18:08.867"
"11972","중대로31가길","일반도로","국지도로","소로","6m미만","2026-03-01 11:18:08.867"
"11973","중대로31길","일반도로","국지도로","소로2류","폭8-10m","2026-03-01 11:18:08.867"
"11974","중대로33길","일반도로","국지도로","소로3류","폭6-8m","2026-03-01 11:18:08.867"
"11975","중대로34길","일반도로","국지도로","소로3류","폭6-8m","2026-03-01 11:18:08.867"
"11976","중대로35길","일반도로","국지도로","소로2류","폭8-10m","2026-03-01 11:18:08.867"
"11977","중대로36길","일반도로","국지도로","소로2류","폭8-10m","2026-03-01 11:18:08.867"
"11978","중대로38길","일반도로","국지도로","소로2류","폭8-10m","2026-03-01 11:18:08.867"
"11979","중대로40길","일반도로","국지도로","소로3류","폭6-8m","2026-03-01 11:18:08.867"
"11980","중대로4길","일반도로","국지도로","중로1류","폭20-25m","2026-03-01 11:18:08.867"
"11981","중대로8길","일반도로","국지도로","중로1류","폭20-25m","2026-03-01 11:18:08.872"
"11982","중대로9길","일반도로","국지도로","소로2류","폭8-10m","2026-03-01 11:18:08.873"
"11983","중랑역로","일반도로","국지도로","소로3류","폭6-8m","2026-03-01 11:18:08.873"
"11984","중랑역로11길","일반도로","국지도로","소로","6m미만","2026-03-01 11:18:08.873"
"11985","중랑역로13길","일반도로","국지도로","소로","6m미만","2026-03-01 11:18:08.873"
"11986","중랑역로14길","일반도로","국지도로","소로","6m미만","2026-03-01 11:18:08.873"
"11987","중랑역로15길","일반도로","국지도로","소로","6m미만","2026-03-01 11:18:08.873"
"11988","중랑역로17길","일반도로","국지도로","소로","6m미만","2026-03-01 11:18:08.873"
"11989","중랑역로18길","일반도로","국지도로","소로","6m미만","2026-03-01 11:18:08.873"
"11990","중랑역로21길","일반도로","국지도로","소로","6m미만","2026-03-01 11:18:08.873"
"11991","중랑역로2길","일반도로","국지도로","소로","6m미만","2026-03-01 11:18:08.877"
"11992","중랑역로3가길","일반도로","국지도로","소로","6m미만","2026-03-01 11:18:08.877"
"11993","중랑역로3길","일반도로","국지도로","소로","6m미만","2026-03-01 11:18:08.877"
"11994","중랑역로3나길","일반도로","국지도로","소로","6m미만","2026-03-01 11:18:08.877"
"11995","중랑역로3다길","일반도로","국지도로","소로","6m미만","2026-03-01 11:18:08.877"
"11996","중랑역로43길","일반도로","국지도로","소로","6m미만","2026-03-01 11:18:08.877"
"11997","중랑역로47길","일반도로","국지도로","소로","6m미만","2026-03-01 11:18:08.877"
"11998","중랑역로49길","일반도로","국지도로","소로","6m미만","2026-03-01 11:18:08.877"
"11999","중랑역로4길","일반도로","국지도로","소로1류","폭10-12m","2026-03-01 11:18:08.877"
"12000","중랑역로50길","일반도로","국지도로","소로2류","폭8-10m","2026-03-01 11:18:08.877"
"12001","중랑역로53길","일반도로","국지도로","소로","6m미만","2026-03-01 11:18:08.882"
"12002","중랑역로5길","일반도로","국지도로","소로","6m미만","2026-03-01 11:18:08.882"
"12003","중랑역로6길","일반도로","국지도로","소로","6m미만","2026-03-01 11:18:08.882"
"12004","중랑역로9길","일반도로","국지도로","소로","6m미만","2026-03-01 11:18:08.882"
"12005","중랑천로","일반도로","국지도로","소로","6m미만","2026-03-01 11:18:08.882"
"12006","중랑천로10길","일반도로","국지도로","소로","6m미만","2026-03-01 11:18:08.882"
"12007","중랑천로12길","일반도로","국지도로","소로","6m미만","2026-03-01 11:18:08.882"
"12008","중랑천로14길","일반도로","국지도로","소로2류","폭8-10m","2026-03-01 11:18:08.882"
"12009","중랑천로15길","일반도로","국지도로","소로","6m미만","2026-03-01 11:18:08.882"
"12010","중랑천로17가길","일반도로","국지도로","소로","6m미만","2026-03-01 11:18:08.882"
"12011","중랑천로17길","일반도로","국지도로","소로","6m미만","2026-03-01 11:18:08.887"
"12012","중랑천로17나길","일반도로","국지도로","소로","6m미만","2026-03-01 11:18:08.887"
"12013","중랑천로18길","일반도로","국지도로","소로","6m미만","2026-03-01 11:18:08.887"
"12014","중랑천로19길","일반도로","국지도로","소로","6m미만","2026-03-01 11:18:08.887"
"12015","중랑천로20길","일반도로","국지도로","소로","6m미만","2026-03-01 11:18:08.887"
"12016","중랑천로24길","일반도로","국지도로","소로","6m미만","2026-03-01 11:18:08.887"
"12017","중랑천로25길","일반도로","국지도로","소로","6m미만","2026-03-01 11:18:08.887"
"12018","중랑천로29길","일반도로","국지도로","소로","6m미만","2026-03-01 11:18:08.887"
"12019","중랑천로2길","일반도로","국지도로","소로","6m미만","2026-03-01 11:18:08.887"
"12020","중랑천로30길","일반도로","국지도로","소로","6m미만","2026-03-01 11:18:08.887"
"12021","중랑천로36길","일반도로","국지도로","소로","6m미만","2026-03-01 11:18:08.892"
"12022","중랑천로50길","일반도로","국지도로","소로","6m미만","2026-03-01 11:18:08.892"
"12023","중랑천로56길","일반도로","국지도로","소로","6m미만","2026-03-01 11:18:08.892"
"12024","중랑천로5길","일반도로","국지도로","소로3류","폭6-8m","2026-03-01 11:18:08.892"
"12025","중랑천로8길","일반도로","국지도로","소로","6m미만","2026-03-01 11:18:08.892"
"12026","중림로","일반도로","국지도로","소로2류","폭8-10m","2026-03-01 11:18:08.892"
"12027","중림로2길","일반도로","국지도로","소로","6m미만","2026-03-01 11:18:08.892"
"12028","중림로4길","일반도로","국지도로","소로","6m미만","2026-03-01 11:18:08.892"
"12029","중림로5길","일반도로","국지도로","소로","6m미만","2026-03-01 11:18:08.892"
"12030","중림로7길","일반도로","국지도로","소로","6m미만","2026-03-01 11:18:08.892"
"12031","중림로8길","일반도로","국지도로","소로","6m미만","2026-03-01 11:18:08.897"
"12032","중림로9길","일반도로","국지도로","소로","6m미만","2026-03-01 11:18:08.897"
"12033","중앙1가길","일반도로","국지도로","소로","6m미만","2026-03-01 11:18:08.897"
"12034","중앙1길","일반도로","국지도로","소로","6m미만","2026-03-01 11:18:08.897"
"12035","중앙1나길","일반도로","국지도로","소로","6m미만","2026-03-01 11:18:08.897"
"12036","중앙2길","일반도로","국지도로","소로","6m미만","2026-03-01 11:18:08.897"
"12037","중앙3길","일반도로","국지도로","소로1류","폭10-12m","2026-03-01 11:18:08.897"
"12038","중앙길","일반도로","국지도로","소로","6m미만","2026-03-01 11:18:08.897"
"12039","중앙로","일반도로","국지도로","소로","6m미만","2026-03-01 11:18:08.897"
"12040","중앙로","일반도로","국지도로","소로3류","폭6-8m","2026-03-01 11:18:08.897"
"12041","중앙로10길","일반도로","국지도로","소로2류","폭8-10m","2026-03-01 11:18:08.902"
"12042","중앙로12길","일반도로","국지도로","소로1류","폭10-12m","2026-03-01 11:18:08.902"
"12043","중앙로13길","일반도로","국지도로","소로","6m미만","2026-03-01 11:18:08.902"
"12044","중앙로14가길","일반도로","국지도로","소로2류","폭8-10m","2026-03-01 11:18:08.902"
"12045","중앙로14길","일반도로","국지도로","소로1류","폭10-12m","2026-03-01 11:18:08.902"
"12046","중앙로14나길","일반도로","국지도로","소로","6m미만","2026-03-01 11:18:08.902"
"12047","중앙로15길","일반도로","국지도로","소로","6m미만","2026-03-01 11:18:08.902"
"12048","중앙로17길","일반도로","국지도로","소로3류","폭6-8m","2026-03-01 11:18:08.902"
"12049","중앙로1길","일반도로","국지도로","소로2류","폭8-10m","2026-03-01 11:18:08.903"
"12050","중앙로21길","일반도로","국지도로","중로2류","폭15-20m","2026-03-01 11:18:08.903"
"12051","중앙로23길","일반도로","국지도로","소로2류","폭8-10m","2026-03-01 11:18:08.908"
"12052","중앙로25길","일반도로","국지도로","소로","6m미만","2026-03-01 11:18:08.908"
"12053","중앙로27길","일반도로","국지도로","소로","6m미만","2026-03-01 11:18:08.908"
"12054","중앙로29가길","일반도로","국지도로","소로1류","폭10-12m","2026-03-01 11:18:08.908"
"12055","중앙로29길","일반도로","국지도로","소로","6m미만","2026-03-01 11:18:08.908"
"12056","중앙로29나길","일반도로","국지도로","소로","6m미만","2026-03-01 11:18:08.908"
"12057","중앙로30길","일반도로","국지도로","소로3류","폭6-8m","2026-03-01 11:18:08.908"
"12058","중앙로32길","일반도로","국지도로","소로2류","폭8-10m","2026-03-01 11:18:08.908"
"12059","중앙로33길","일반도로","국지도로","소로","6m미만","2026-03-01 11:18:08.908"
"12060","중앙로34가길","일반도로","국지도로","소로","6m미만","2026-03-01 11:18:08.908"
"12061","중앙로34길","일반도로","국지도로","소로1류","폭10-12m","2026-03-01 11:18:08.912"
"12062","중앙로36길","일반도로","국지도로","소로3류","폭6-8m","2026-03-01 11:18:08.912"
"12063","중앙로39길","일반도로","국지도로","소로","6m미만","2026-03-01 11:18:08.912"
"12064","중앙로3길","일반도로","국지도로","중로2류","폭15-20m","2026-03-01 11:18:08.912"
"12065","중앙로43길","일반도로","국지도로","소로2류","폭8-10m","2026-03-01 11:18:08.912"
"12066","중앙로45길","일반도로","국지도로","소로","6m미만","2026-03-01 11:18:08.912"
"12067","중앙로46길","일반도로","국지도로","소로","6m미만","2026-03-01 11:18:08.912"
"12068","중앙로47길","일반도로","국지도로","소로","6m미만","2026-03-01 11:18:08.912"
"12069","중앙로48길","일반도로","국지도로","소로3류","폭6-8m","2026-03-01 11:18:08.912"
"12070","중앙로49길","일반도로","국지도로","소로","6m미만","2026-03-01 11:18:08.912"
"12071","중앙로51가길","일반도로","국지도로","소로3류","폭6-8m","2026-03-01 11:18:08.918"
"12072","중앙로51길","일반도로","국지도로","소로3류","폭6-8m","2026-03-01 11:18:08.918"
"12073","중앙로52길","일반도로","국지도로","소로","6m미만","2026-03-01 11:18:08.918"
"12074","중앙로53길","일반도로","국지도로","소로","6m미만","2026-03-01 11:18:08.918"
"12075","중앙로54길","일반도로","국지도로","소로","6m미만","2026-03-01 11:18:08.918"
"12076","중앙로55길","일반도로","국지도로","소로3류","폭6-8m","2026-03-01 11:18:08.918"
"12077","중앙로57길","일반도로","국지도로","소로","6m미만","2026-03-01 11:18:08.918"
"12078","중앙로5길","일반도로","국지도로","중로2류","폭15-20m","2026-03-01 11:18:08.918"
"12079","중앙로6길","일반도로","국지도로","소로2류","폭8-10m","2026-03-01 11:18:08.918"
"12080","중앙로8길","일반도로","국지도로","소로3류","폭6-8m","2026-03-01 11:18:08.918"
"12081","중학~성북선","일반도로","보조간선도로","중로3류","폭12-15m","2026-03-01 11:18:08.923"
"12082","증가로","일반도로","국지도로","소로","6m미만","2026-03-01 11:18:08.923"
"12083","증가로10길","일반도로","국지도로","소로","6m미만","2026-03-01 11:18:08.923"
"12084","증가로12가길","일반도로","국지도로","소로3류","폭6-8m","2026-03-01 11:18:08.923"
"12085","증가로12길","일반도로","국지도로","소로2류","폭8-10m","2026-03-01 11:18:08.923"
"12086","증가로12나길","일반도로","국지도로","소로3류","폭6-8m","2026-03-01 11:18:08.923"
"12087","증가로17길","일반도로","국지도로","소로","6m미만","2026-03-01 11:18:08.923"
"12088","증가로19길","일반도로","국지도로","소로","6m미만","2026-03-01 11:18:08.923"
"12089","증가로20가길","일반도로","국지도로","소로3류","폭6-8m","2026-03-01 11:18:08.923"
"12090","증가로20길","일반도로","국지도로","소로","6m미만","2026-03-01 11:18:08.923"
"12091","증가로20나길","일반도로","국지도로","소로","6m미만","2026-03-01 11:18:08.927"
"12092","증가로21길","일반도로","국지도로","소로","6m미만","2026-03-01 11:18:08.927"
"12093","증가로23가길","일반도로","국지도로","소로","6m미만","2026-03-01 11:18:08.927"
"12094","증가로23길","일반도로","국지도로","소로","6m미만","2026-03-01 11:18:08.927"
"12095","증가로23나길","일반도로","국지도로","소로","6m미만","2026-03-01 11:18:08.927"
"12096","증가로23다길","일반도로","국지도로","소로","6m미만","2026-03-01 11:18:08.927"
"12097","증가로24가길","일반도로","국지도로","소로","6m미만","2026-03-01 11:18:08.927"
"12098","증가로24길","일반도로","국지도로","소로","6m미만","2026-03-01 11:18:08.927"
"12099","증가로24나길","일반도로","국지도로","소로","6m미만","2026-03-01 11:18:08.927"
"12100","증가로24다길","일반도로","국지도로","소로","6m미만","2026-03-01 11:18:08.927"
"12101","증가로24라길","일반도로","국지도로","소로","6m미만","2026-03-01 11:18:08.932"
"12102","증가로24마길","일반도로","국지도로","소로","6m미만","2026-03-01 11:18:08.932"
"12103","증가로24바길","일반도로","국지도로","소로","6m미만","2026-03-01 11:18:08.932"
"12104","증가로25길","일반도로","국지도로","소로3류","폭6-8m","2026-03-01 11:18:08.932"
"12105","증가로26길","일반도로","국지도로","소로3류","폭6-8m","2026-03-01 11:18:08.932"
"12106","증가로28길","일반도로","국지도로","소로","6m미만","2026-03-01 11:18:08.932"
"12107","증가로28안길","일반도로","국지도로","소로","6m미만","2026-03-01 11:18:08.932"
"12108","증가로29길","일반도로","국지도로","소로","6m미만","2026-03-01 11:18:08.932"
"12109","증가로2길","일반도로","국지도로","소로","6m미만","2026-03-01 11:18:08.932"
"12110","증가로2안길","일반도로","국지도로","소로","6m미만","2026-03-01 11:18:08.932"
"12111","증가로30길","일반도로","국지도로","소로","6m미만","2026-03-01 11:18:08.937"
"12112","증가로31길","일반도로","국지도로","소로","6m미만","2026-03-01 11:18:08.937"
"12113","증가로32길","일반도로","국지도로","소로3류","폭6-8m","2026-03-01 11:18:08.937"
"12114","증가로32안길","일반도로","국지도로","소로","6m미만","2026-03-01 11:18:08.937"
"12115","증가로4길","일반도로","국지도로","소로","6m미만","2026-03-01 11:18:08.937"
"12116","증가로6길","일반도로","국지도로","소로","6m미만","2026-03-01 11:18:08.937"
"12117","증가로8길","일반도로","국지도로","소로","6m미만","2026-03-01 11:18:08.937"
"12118","증산~연희선","일반도로","보조간선도로","중로1류","폭20-25m","2026-03-01 11:18:08.937"
"12119","증산로","일반도로","국지도로","소로3류","폭6-8m","2026-03-01 11:18:08.937"
"12120","증산로11길","일반도로","국지도로","소로2류","폭8-10m","2026-03-01 11:18:08.937"
"12121","증산로13가길","일반도로","국지도로","소로","6m미만","2026-03-01 11:18:08.942"
"12122","증산로13길","일반도로","국지도로","소로","6m미만","2026-03-01 11:18:08.942"
"12123","증산로15가길","일반도로","국지도로","소로","6m미만","2026-03-01 11:18:08.942"
"12124","증산로15길","일반도로","국지도로","소로","6m미만","2026-03-01 11:18:08.942"
"12125","증산로17가길","일반도로","국지도로","소로","6m미만","2026-03-01 11:18:08.942"
"12126","증산로17길","일반도로","국지도로","소로","6m미만","2026-03-01 11:18:08.942"
"12127","증산로19길","일반도로","국지도로","소로3류","폭6-8m","2026-03-01 11:18:08.942"
"12128","증산로1길","일반도로","국지도로","소로2류","폭8-10m","2026-03-01 11:18:08.942"
"12129","증산로21가길","일반도로","국지도로","소로","6m미만","2026-03-01 11:18:08.942"
"12130","증산로21길","일반도로","국지도로","소로","6m미만","2026-03-01 11:18:08.942"
"12131","증산로23길","일반도로","국지도로","소로2류","폭8-10m","2026-03-01 11:18:08.947"
"12132","증산로3길","일반도로","국지도로","중로2류","폭15-20m","2026-03-01 11:18:08.947"
"12133","증산로5길","일반도로","국지도로","소로","6m미만","2026-03-01 11:18:08.947"
"12134","증산로7길","일반도로","국지도로","소로","6m미만","2026-03-01 11:18:08.947"
"12135","증산로9길","일반도로","국지도로","소로","6m미만","2026-03-01 11:18:08.947"
"12136","증산서길","일반도로","국지도로","소로2류","폭8-10m","2026-03-01 11:18:08.947"
"12137","지봉로","일반도로","국지도로","소로","6m미만","2026-03-01 11:18:08.947"
"12138","지봉로10길","일반도로","국지도로","소로","6m미만","2026-03-01 11:18:08.947"
"12139","지봉로11길","일반도로","국지도로","소로","6m미만","2026-03-01 11:18:08.947"
"12140","지봉로12가길","일반도로","국지도로","소로","6m미만","2026-03-01 11:18:08.947"
"12141","지봉로12길","일반도로","국지도로","소로","6m미만","2026-03-01 11:18:08.952"
"12142","지봉로12나길","일반도로","국지도로","소로","6m미만","2026-03-01 11:18:08.952"
"12143","지봉로13가길","일반도로","국지도로","소로","6m미만","2026-03-01 11:18:08.952"
"12144","지봉로13길","일반도로","국지도로","소로","6m미만","2026-03-01 11:18:08.952"
"12145","지봉로14길","일반도로","국지도로","소로","6m미만","2026-03-01 11:18:08.952"
"12146","지봉로16길","일반도로","국지도로","소로","6m미만","2026-03-01 11:18:08.952"
"12147","지봉로17길","일반도로","국지도로","소로","6m미만","2026-03-01 11:18:08.952"
"12148","지봉로20길","일반도로","국지도로","소로3류","폭6-8m","2026-03-01 11:18:08.952"
"12149","지봉로21길","일반도로","국지도로","소로2류","폭8-10m","2026-03-01 11:18:08.952"
"12150","지봉로23길","일반도로","국지도로","소로3류","폭6-8m","2026-03-01 11:18:08.952"
"12151","지봉로24길","일반도로","국지도로","소로3류","폭6-8m","2026-03-01 11:18:08.957"
"12152","지봉로2길","일반도로","국지도로","소로","6m미만","2026-03-01 11:18:08.957"
"12153","지봉로4가길","일반도로","국지도로","소로","6m미만","2026-03-01 11:18:08.957"
"12154","지봉로4길","일반도로","국지도로","소로","6m미만","2026-03-01 11:18:08.957"
"12155","지봉로5길","일반도로","국지도로","소로","6m미만","2026-03-01 11:18:08.957"
"12156","지봉로7길","일반도로","국지도로","소로","6m미만","2026-03-01 11:18:08.957"
"12157","지봉로8길","일반도로","국지도로","소로","6m미만","2026-03-01 11:18:08.957"
"12158","지양로","일반도로","국지도로","소로2류","폭8-10m","2026-03-01 11:18:08.957"
"12159","지양로10길","일반도로","국지도로","소로3류","폭6-8m","2026-03-01 11:18:08.957"
"12160","지양로11길","일반도로","국지도로","소로","6m미만","2026-03-01 11:18:08.957"
"12161","지양로13길","일반도로","국지도로","소로","6m미만","2026-03-01 11:18:08.962"
"12162","지양로14길","일반도로","국지도로","소로3류","폭6-8m","2026-03-01 11:18:08.962"
"12163","지양로15길","일반도로","국지도로","소로","6m미만","2026-03-01 11:18:08.962"
"12164","지양로16길","일반도로","국지도로","소로","6m미만","2026-03-01 11:18:08.962"
"12165","지양로17길","일반도로","국지도로","소로","6m미만","2026-03-01 11:18:08.962"
"12166","지양로2길","일반도로","국지도로","소로3류","폭6-8m","2026-03-01 11:18:08.962"
"12167","지양로3길","일반도로","국지도로","소로","6m미만","2026-03-01 11:18:08.962"
"12168","지양로5길","일반도로","국지도로","소로3류","폭6-8m","2026-03-01 11:18:08.962"
"12169","지양로7길","일반도로","국지도로","소로3류","폭6-8m","2026-03-01 11:18:08.962"
"12170","지양로9길","일반도로","국지도로","소로3류","폭6-8m","2026-03-01 11:18:08.962"
"12171","진관1로","일반도로","국지도로","중로1류","폭20-25m","2026-03-01 11:18:08.967"
"12172","진관2로","일반도로","국지도로","중로1류","폭20-25m","2026-03-01 11:18:08.967"
"12173","진관3로","일반도로","국지도로","소로1류","폭10-12m","2026-03-01 11:18:08.967"
"12174","진관4로","일반도로","국지도로","중로2류","폭15-20m","2026-03-01 11:18:08.967"
"12175","진관길","일반도로","국지도로","소로3류","폭6-8m","2026-03-01 11:18:08.967"
"12176","진관내~진관외선","일반도로","보조간선도로","대로3류","폭25-30m","2026-03-01 11:18:08.967"
"12177","진황도로","일반도로","국지도로","소로2류","폭8-10m","2026-03-01 11:18:08.967"
"12178","진황도로23길","일반도로","국지도로","소로","6m미만","2026-03-01 11:18:08.967"
"12179","진황도로25길","일반도로","국지도로","소로","6m미만","2026-03-01 11:18:08.967"
"12180","진황도로27가길","일반도로","국지도로","소로","6m미만","2026-03-01 11:18:08.967"
"12181","진황도로27길","일반도로","국지도로","소로","6m미만","2026-03-01 11:18:08.972"
"12182","진황도로27나길","일반도로","국지도로","소로","6m미만","2026-03-01 11:18:08.972"
"12183","진황도로27다길","일반도로","국지도로","소로","6m미만","2026-03-01 11:18:08.972"
"12184","진황도로27라길","일반도로","국지도로","소로","6m미만","2026-03-01 11:18:08.972"
"12185","진황도로29길","일반도로","국지도로","소로","6m미만","2026-03-01 11:18:08.972"
"12186","진황도로31길","일반도로","국지도로","소로","6m미만","2026-03-01 11:18:08.972"
"12187","진황도로33길","일반도로","국지도로","소로","6m미만","2026-03-01 11:18:08.972"
"12188","진황도로43길","일반도로","국지도로","소로","6m미만","2026-03-01 11:18:08.972"
"12189","진황도로47길","일반도로","국지도로","소로","6m미만","2026-03-01 11:18:08.972"
"12190","진황도로49길","일반도로","국지도로","소로3류","폭6-8m","2026-03-01 11:18:08.972"
"12191","진황도로61길","일반도로","국지도로","소로2류","폭8-10m","2026-03-01 11:18:08.977"
"12192","진황도로68길","일반도로","국지도로","소로","6m미만","2026-03-01 11:18:08.977"
"12193","진흥로","일반도로","국지도로","소로","6m미만","2026-03-01 11:18:08.977"
"12194","진흥로11길","일반도로","국지도로","소로","6m미만","2026-03-01 11:18:08.977"
"12195","진흥로12가길","일반도로","국지도로","소로","6m미만","2026-03-01 11:18:08.977"
"12196","진흥로12길","일반도로","국지도로","소로","6m미만","2026-03-01 11:18:08.977"
"12197","진흥로12나길","일반도로","국지도로","소로","6m미만","2026-03-01 11:18:08.977"
"12198","진흥로13가길","일반도로","국지도로","소로","6m미만","2026-03-01 11:18:08.977"
"12199","진흥로13길","일반도로","국지도로","소로","6m미만","2026-03-01 11:18:08.977"
"12200","진흥로15길","일반도로","국지도로","소로","6m미만","2026-03-01 11:18:08.977"
"12201","진흥로16길","일반도로","국지도로","소로","6m미만","2026-03-01 11:18:08.982"
"12202","진흥로18길","일반도로","국지도로","소로","6m미만","2026-03-01 11:18:08.982"
"12203","진흥로19길","일반도로","국지도로","소로3류","폭6-8m","2026-03-01 11:18:08.982"
"12204","진흥로1가길","일반도로","국지도로","소로","6m미만","2026-03-01 11:18:08.982"
"12205","진흥로1길","일반도로","국지도로","소로","6m미만","2026-03-01 11:18:08.982"
"12206","진흥로1나길","일반도로","국지도로","소로","6m미만","2026-03-01 11:18:08.982"
"12207","진흥로1다길","일반도로","국지도로","소로","6m미만","2026-03-01 11:18:08.982"
"12208","진흥로1라길","일반도로","국지도로","소로","6m미만","2026-03-01 11:18:08.982"
"12209","진흥로21길","일반도로","국지도로","소로","6m미만","2026-03-01 11:18:08.982"
"12210","진흥로22가길","일반도로","국지도로","소로","6m미만","2026-03-01 11:18:08.982"
"12211","진흥로22길","일반도로","국지도로","소로","6m미만","2026-03-01 11:18:08.987"
"12212","진흥로22나길","일반도로","국지도로","소로","6m미만","2026-03-01 11:18:08.987"
"12213","진흥로23길","일반도로","국지도로","소로","6m미만","2026-03-01 11:18:08.987"
"12214","진흥로25길","일반도로","국지도로","소로","6m미만","2026-03-01 11:18:08.987"
"12215","진흥로3길","일반도로","국지도로","소로","6m미만","2026-03-01 11:18:08.987"
"12216","진흥로5길","일반도로","국지도로","소로","6m미만","2026-03-01 11:18:08.987"
"12217","진흥로7가길","일반도로","국지도로","소로","6m미만","2026-03-01 11:18:08.987"
"12218","진흥로7길","일반도로","국지도로","소로","6m미만","2026-03-01 11:18:08.987"
"12219","진흥로7나길","일반도로","국지도로","소로","6m미만","2026-03-01 11:18:08.987"
"12220","진흥로9길","일반도로","국지도로","소로","6m미만","2026-03-01 11:18:08.987"
"12221","참숯1길","일반도로","국지도로","소로","6m미만","2026-03-01 11:18:08.992"
"12222","참숯5길","일반도로","국지도로","소로1류","폭10-12m","2026-03-01 11:18:08.992"
"12223","참숯길","일반도로","국지도로","소로","6m미만","2026-03-01 11:18:08.992"
"12224","창경궁로","일반도로","국지도로","소로","6m미만","2026-03-01 11:18:08.992"
"12225","창경궁로12길","일반도로","국지도로","소로","6m미만","2026-03-01 11:18:08.992"
"12226","창경궁로16가길","일반도로","국지도로","소로","6m미만","2026-03-01 11:18:08.992"
"12227","창경궁로16길","일반도로","국지도로","소로","6m미만","2026-03-01 11:18:08.992"
"12228","창경궁로16나길","일반도로","국지도로","소로","6m미만","2026-03-01 11:18:08.992"
"12229","창경궁로18길","일반도로","국지도로","소로","6m미만","2026-03-01 11:18:08.992"
"12230","창경궁로1길","일반도로","국지도로","소로","6m미만","2026-03-01 11:18:08.992"
"12231","창경궁로20길","일반도로","국지도로","소로","6m미만","2026-03-01 11:18:08.997"
"12232","창경궁로21가길","일반도로","국지도로","소로","6m미만","2026-03-01 11:18:08.997"
"12233","창경궁로21길","일반도로","국지도로","소로","6m미만","2026-03-01 11:18:08.997"
"12234","창경궁로22길","일반도로","국지도로","소로","6m미만","2026-03-01 11:18:08.997"
"12235","창경궁로26길","일반도로","국지도로","소로","6m미만","2026-03-01 11:18:08.997"
"12236","창경궁로27길","일반도로","국지도로","소로","6m미만","2026-03-01 11:18:08.997"
"12237","창경궁로29길","일반도로","국지도로","소로","6m미만","2026-03-01 11:18:08.997"
"12238","창경궁로31길","일반도로","국지도로","소로","6m미만","2026-03-01 11:18:08.997"
"12239","창경궁로33길","일반도로","국지도로","소로","6m미만","2026-03-01 11:18:08.997"
"12240","창경궁로34길","일반도로","국지도로","소로3류","폭6-8m","2026-03-01 11:18:08.997"
"12241","창경궁로35가길","일반도로","국지도로","소로","6m미만","2026-03-01 11:18:09.002"
"12242","창경궁로35길","일반도로","국지도로","소로","6m미만","2026-03-01 11:18:09.002"
"12243","창경궁로35나길","일반도로","국지도로","소로","6m미만","2026-03-01 11:18:09.002"
"12244","창경궁로35다길","일반도로","국지도로","소로","6m미만","2026-03-01 11:18:09.002"
"12245","창경궁로43길","일반도로","국지도로","소로","6m미만","2026-03-01 11:18:09.002"
"12246","창경궁로5가길","일반도로","국지도로","소로","6m미만","2026-03-01 11:18:09.002"
"12247","창경궁로5길","일반도로","국지도로","소로","6m미만","2026-03-01 11:18:09.002"
"12248","창경궁로5나길","일반도로","국지도로","소로","6m미만","2026-03-01 11:18:09.002"
"12249","창경궁로5다길","일반도로","국지도로","소로","6m미만","2026-03-01 11:18:09.002"
"12250","창경궁로7길","일반도로","국지도로","소로","6m미만","2026-03-01 11:18:09.002"
"12251","창경궁로8길","일반도로","국지도로","소로","6m미만","2026-03-01 11:18:09.007"
"12252","창덕궁1가길","일반도로","국지도로","소로","6m미만","2026-03-01 11:18:09.007"
"12253","창덕궁1길","일반도로","국지도로","소로2류","폭8-10m","2026-03-01 11:18:09.007"
"12254","창덕궁3가길","일반도로","국지도로","소로","6m미만","2026-03-01 11:18:09.007"
"12255","창덕궁3길","일반도로","국지도로","소로","6m미만","2026-03-01 11:18:09.007"
"12256","창덕궁3나길","일반도로","국지도로","소로","6m미만","2026-03-01 11:18:09.007"
"12257","창덕궁4길","일반도로","국지도로","소로","6m미만","2026-03-01 11:18:09.007"
"12258","창덕궁5길","일반도로","국지도로","소로","6m미만","2026-03-01 11:18:09.007"
"12259","창덕궁7길","일반도로","국지도로","소로","6m미만","2026-03-01 11:18:09.007"
"12260","창덕궁길","일반도로","국지도로","소로","6m미만","2026-03-01 11:18:09.007"
"12261","창신10가길","일반도로","국지도로","소로","6m미만","2026-03-01 11:18:09.013"
"12262","창신10길","일반도로","국지도로","소로","6m미만","2026-03-01 11:18:09.013"
"12263","창신11길","일반도로","국지도로","소로","6m미만","2026-03-01 11:18:09.013"
"12264","창신12길","일반도로","국지도로","소로","6m미만","2026-03-01 11:18:09.013"
"12265","창신1길","일반도로","국지도로","소로","6m미만","2026-03-01 11:18:09.013"
"12266","창신2길","일반도로","국지도로","소로","6m미만","2026-03-01 11:18:09.013"
"12267","창신3길","일반도로","국지도로","소로","6m미만","2026-03-01 11:18:09.013"
"12268","창신4가길","일반도로","국지도로","소로","6m미만","2026-03-01 11:18:09.013"
"12269","창신4길","일반도로","국지도로","소로","6m미만","2026-03-01 11:18:09.013"
"12270","창신4나길","일반도로","국지도로","소로","6m미만","2026-03-01 11:18:09.013"
"12271","창신5가길","일반도로","국지도로","소로","6m미만","2026-03-01 11:18:09.018"
"12272","창신5길","일반도로","국지도로","소로","6m미만","2026-03-01 11:18:09.018"
"12273","창신5나길","일반도로","국지도로","소로","6m미만","2026-03-01 11:18:09.018"
"12274","창신5다길","일반도로","국지도로","소로","6m미만","2026-03-01 11:18:09.018"
"12275","창신5라길","일반도로","국지도로","소로","6m미만","2026-03-01 11:18:09.018"
"12276","창신5마길","일반도로","국지도로","소로","6m미만","2026-03-01 11:18:09.018"
"12277","창신6가길","일반도로","국지도로","소로","6m미만","2026-03-01 11:18:09.018"
"12278","창신6길","일반도로","국지도로","소로","6m미만","2026-03-01 11:18:09.018"
"12279","창신6나길","일반도로","국지도로","소로","6m미만","2026-03-01 11:18:09.018"
"12280","창신6다길","일반도로","국지도로","소로","6m미만","2026-03-01 11:18:09.018"
"12281","창신7가길","일반도로","국지도로","소로","6m미만","2026-03-01 11:18:09.022"
"12282","창신7길","일반도로","국지도로","소로","6m미만","2026-03-01 11:18:09.022"
"12283","창신8길","일반도로","국지도로","소로","6m미만","2026-03-01 11:18:09.022"
"12284","창신9길","일반도로","국지도로","소로","6m미만","2026-03-01 11:18:09.022"
"12285","창신~답십리선","일반도로","보조간선도로","대로3류","폭25-30m","2026-03-01 11:18:09.022"
"12286","창신길","일반도로","국지도로","소로","6m미만","2026-03-01 11:18:09.022"
"12287","창의문로","일반도로","국지도로","소로","6m미만","2026-03-01 11:18:09.022"
"12288","창의문로10길","일반도로","국지도로","소로","6m미만","2026-03-01 11:18:09.022"
"12289","창의문로11가길","일반도로","국지도로","소로","6m미만","2026-03-01 11:18:09.022"
"12290","창의문로11길","일반도로","국지도로","소로","6m미만","2026-03-01 11:18:09.022"
"12291","창의문로12길","일반도로","국지도로","소로","6m미만","2026-03-01 11:18:09.027"
"12292","창의문로1길","일반도로","국지도로","소로","6m미만","2026-03-01 11:18:09.027"
"12293","창의문로3길","일반도로","국지도로","소로","6m미만","2026-03-01 11:18:09.027"
"12294","창의문로5가길","일반도로","국지도로","소로","6m미만","2026-03-01 11:18:09.027"
"12295","창의문로5길","일반도로","국지도로","소로","6m미만","2026-03-01 11:18:09.027"
"12296","창의문로5나길","일반도로","국지도로","소로","6m미만","2026-03-01 11:18:09.027"
"12297","창의문로5다길","일반도로","국지도로","소로","6m미만","2026-03-01 11:18:09.027"
"12298","창의문로7길","일반도로","국지도로","소로","6m미만","2026-03-01 11:18:09.027"
"12299","창의문로9가길","일반도로","국지도로","소로","6m미만","2026-03-01 11:18:09.027"
"12300","창의문로9길","일반도로","국지도로","소로","6m미만","2026-03-01 11:18:09.027"
"12301","창전로","일반도로","국지도로","소로1류","폭10-12m","2026-03-01 11:18:09.032"
"12302","창전로2길","일반도로","국지도로","소로","6m미만","2026-03-01 11:18:09.032"
"12303","창포원로","일반도로","국지도로","확인","불가","2026-03-01 11:18:09.032"
"12304","천왕로","일반도로","국지도로","중로1류","폭20-25m","2026-03-01 11:18:09.032"
"12305","천왕로1가길","일반도로","국지도로","소로2류","폭8-10m","2026-03-01 11:18:09.032"
"12306","천왕로1길","일반도로","국지도로","소로2류","폭8-10m","2026-03-01 11:18:09.032"
"12307","천왕로2길","일반도로","국지도로","중로1류","폭20-25m","2026-03-01 11:18:09.032"
"12308","천장산로","일반도로","국지도로","소로","6m미만","2026-03-01 11:18:09.032"
"12309","천장산로11길","일반도로","국지도로","소로3류","폭6-8m","2026-03-01 11:18:09.032"
"12310","천장산로13길","일반도로","국지도로","소로3류","폭6-8m","2026-03-01 11:18:09.032"
"12311","천장산로4가길","일반도로","국지도로","소로","6m미만","2026-03-01 11:18:09.037"
"12312","천장산로4길","일반도로","국지도로","소로","6m미만","2026-03-01 11:18:09.037"
"12313","천장산로6길","일반도로","국지도로","소로","6m미만","2026-03-01 11:18:09.037"
"12314","천장산로7길","일반도로","국지도로","소로","6m미만","2026-03-01 11:18:09.037"
"12315","천장산로9가길","일반도로","국지도로","소로3류","폭6-8m","2026-03-01 11:18:09.037"
"12316","천장산로9길","일반도로","국지도로","소로","6m미만","2026-03-01 11:18:09.037"
"12317","천중로","일반도로","국지도로","소로2류","폭8-10m","2026-03-01 11:18:09.037"
"12318","천중로11길","일반도로","국지도로","소로3류","폭6-8m","2026-03-01 11:18:09.037"
"12319","천중로12길","일반도로","국지도로","소로3류","폭6-8m","2026-03-01 11:18:09.037"
"12320","천중로14길","일반도로","국지도로","소로","6m미만","2026-03-01 11:18:09.037"
"12321","천중로15가길","일반도로","국지도로","소로","6m미만","2026-03-01 11:18:09.042"
"12322","천중로15길","일반도로","국지도로","소로3류","폭6-8m","2026-03-01 11:18:09.042"
"12323","천중로15나길","일반도로","국지도로","소로3류","폭6-8m","2026-03-01 11:18:09.042"
"12324","천중로16길","일반도로","국지도로","소로","6m미만","2026-03-01 11:18:09.042"
"12325","천중로17길","일반도로","국지도로","소로3류","폭6-8m","2026-03-01 11:18:09.042"
"12326","천중로18길","일반도로","국지도로","소로","6m미만","2026-03-01 11:18:09.042"
"12327","천중로21길","일반도로","국지도로","소로","6m미만","2026-03-01 11:18:09.042"
"12328","천중로23길","일반도로","국지도로","소로","6m미만","2026-03-01 11:18:09.042"
"12329","천중로26길","일반도로","국지도로","소로","6m미만","2026-03-01 11:18:09.042"
"12330","천중로27길","일반도로","국지도로","소로","6m미만","2026-03-01 11:18:09.042"
"12331","천중로29길","일반도로","국지도로","소로","6m미만","2026-03-01 11:18:09.047"
"12332","천중로2길","일반도로","국지도로","소로","6m미만","2026-03-01 11:18:09.047"
"12333","천중로30길","일반도로","국지도로","소로","6m미만","2026-03-01 11:18:09.047"
"12334","천중로31길","일반도로","국지도로","소로","6m미만","2026-03-01 11:18:09.047"
"12335","천중로32길","일반도로","국지도로","소로","6m미만","2026-03-01 11:18:09.047"
"12336","천중로33길","일반도로","국지도로","소로","6m미만","2026-03-01 11:18:09.047"
"12337","천중로34길","일반도로","국지도로","소로","6m미만","2026-03-01 11:18:09.047"
"12338","천중로35가길","일반도로","국지도로","소로3류","폭6-8m","2026-03-01 11:18:09.047"
"12339","천중로35길","일반도로","국지도로","소로","6m미만","2026-03-01 11:18:09.047"
"12340","천중로35나길","일반도로","국지도로","소로","6m미만","2026-03-01 11:18:09.047"
"12341","천중로38가길","일반도로","국지도로","소로3류","폭6-8m","2026-03-01 11:18:09.052"
"12342","천중로38길","일반도로","국지도로","소로3류","폭6-8m","2026-03-01 11:18:09.052"
"12343","천중로39길","일반도로","국지도로","소로3류","폭6-8m","2026-03-01 11:18:09.052"
"12344","천중로3길","일반도로","국지도로","소로","6m미만","2026-03-01 11:18:09.052"
"12345","천중로40길","일반도로","국지도로","중로1류","폭20-25m","2026-03-01 11:18:09.052"
"12346","천중로42길","일반도로","국지도로","소로","6m미만","2026-03-01 11:18:09.052"
"12347","천중로43길","일반도로","국지도로","소로3류","폭6-8m","2026-03-01 11:18:09.052"
"12348","천중로44길","일반도로","국지도로","소로","6m미만","2026-03-01 11:18:09.052"
"12349","천중로48길","일반도로","국지도로","소로","6m미만","2026-03-01 11:18:09.052"
"12350","천중로49가길","일반도로","국지도로","소로","6m미만","2026-03-01 11:18:09.052"
"12351","천중로49길","일반도로","국지도로","소로3류","폭6-8m","2026-03-01 11:18:09.057"
"12352","천중로50길","일반도로","국지도로","소로3류","폭6-8m","2026-03-01 11:18:09.057"
"12353","천중로51길","일반도로","국지도로","소로3류","폭6-8m","2026-03-01 11:18:09.057"
"12354","천중로52길","일반도로","국지도로","소로","6m미만","2026-03-01 11:18:09.057"
"12355","천중로53길","일반도로","국지도로","소로3류","폭6-8m","2026-03-01 11:18:09.057"
"12356","천중로54길","일반도로","국지도로","소로3류","폭6-8m","2026-03-01 11:18:09.057"
"12357","천중로55길","일반도로","국지도로","소로3류","폭6-8m","2026-03-01 11:18:09.057"
"12358","천중로56길","일반도로","국지도로","소로3류","폭6-8m","2026-03-01 11:18:09.057"
"12359","천중로5길","일반도로","국지도로","소로","6m미만","2026-03-01 11:18:09.057"
"12360","천중로9길","일반도로","국지도로","소로","6m미만","2026-03-01 11:18:09.057"
"12361","천호대로","일반도로","국지도로","소로3류","폭6-8m","2026-03-01 11:18:09.062"
"12362","천호대로101길","일반도로","국지도로","소로","6m미만","2026-03-01 11:18:09.062"
"12363","천호대로102길","일반도로","국지도로","소로3류","폭6-8m","2026-03-01 11:18:09.062"
"12364","천호대로103길","일반도로","국지도로","소로","6m미만","2026-03-01 11:18:09.062"
"12365","천호대로104가길","일반도로","국지도로","소로","6m미만","2026-03-01 11:18:09.062"
"12366","천호대로104길","일반도로","국지도로","소로","6m미만","2026-03-01 11:18:09.062"
"12367","천호대로104나길","일반도로","국지도로","소로","6m미만","2026-03-01 11:18:09.062"
"12368","천호대로105길","일반도로","국지도로","소로","6m미만","2026-03-01 11:18:09.062"
"12369","천호대로107길","일반도로","국지도로","소로","6m미만","2026-03-01 11:18:09.062"
"12370","천호대로109길","일반도로","국지도로","소로","6m미만","2026-03-01 11:18:09.062"
"12371","천호대로110길","일반도로","국지도로","소로","6m미만","2026-03-01 11:18:09.067"
"12372","천호대로111길","일반도로","국지도로","소로","6m미만","2026-03-01 11:18:09.067"
"12373","천호대로112길","일반도로","국지도로","소로3류","폭6-8m","2026-03-01 11:18:09.067"
"12374","천호대로113길","일반도로","국지도로","소로","6m미만","2026-03-01 11:18:09.067"
"12375","천호대로114길","일반도로","국지도로","소로","6m미만","2026-03-01 11:18:09.067"
"12376","천호대로115길","일반도로","국지도로","소로","6m미만","2026-03-01 11:18:09.067"
"12377","천호대로116길","일반도로","국지도로","소로","6m미만","2026-03-01 11:18:09.067"
"12378","천호대로117길","일반도로","국지도로","소로","6m미만","2026-03-01 11:18:09.067"
"12379","천호대로118길","일반도로","국지도로","소로","6m미만","2026-03-01 11:18:09.067"
"12380","천호대로119길","일반도로","국지도로","소로","6m미만","2026-03-01 11:18:09.067"
"12381","천호대로120길","일반도로","국지도로","소로","6m미만","2026-03-01 11:18:09.072"
"12382","천호대로121길","일반도로","국지도로","소로","6m미만","2026-03-01 11:18:09.072"
"12383","천호대로122길","일반도로","국지도로","소로","6m미만","2026-03-01 11:18:09.072"
"12384","천호대로123길","일반도로","국지도로","소로","6m미만","2026-03-01 11:18:09.072"
"12385","천호대로124길","일반도로","국지도로","소로","6m미만","2026-03-01 11:18:09.072"
"12386","천호대로125길","일반도로","국지도로","소로","6m미만","2026-03-01 11:18:09.072"
"12387","천호대로127길","일반도로","국지도로","소로","6m미만","2026-03-01 11:18:09.072"
"12388","천호대로129길","일반도로","국지도로","소로","6m미만","2026-03-01 11:18:09.072"
"12389","천호대로12길","일반도로","국지도로","소로3류","폭6-8m","2026-03-01 11:18:09.072"
"12390","천호대로130길","일반도로","국지도로","소로","6m미만","2026-03-01 11:18:09.072"
"12391","천호대로131길","일반도로","국지도로","소로3류","폭6-8m","2026-03-01 11:18:09.076"
"12392","천호대로132길","일반도로","국지도로","소로","6m미만","2026-03-01 11:18:09.077"
"12393","천호대로134길","일반도로","국지도로","소로","6m미만","2026-03-01 11:18:09.077"
"12394","천호대로135길","일반도로","국지도로","소로","6m미만","2026-03-01 11:18:09.077"
"12395","천호대로136길","일반도로","국지도로","소로","6m미만","2026-03-01 11:18:09.077"
"12396","천호대로137길","일반도로","국지도로","소로","6m미만","2026-03-01 11:18:09.077"
"12397","천호대로138길","일반도로","국지도로","소로2류","폭8-10m","2026-03-01 11:18:09.077"
"12398","천호대로13길","일반도로","국지도로","소로","6m미만","2026-03-01 11:18:09.077"
"12399","천호대로140길","일반도로","국지도로","소로1류","폭10-12m","2026-03-01 11:18:09.077"
"12400","천호대로141길","일반도로","국지도로","소로3류","폭6-8m","2026-03-01 11:18:09.077"
"12401","천호대로143길","일반도로","국지도로","소로3류","폭6-8m","2026-03-01 11:18:09.081"
"12402","천호대로145길","일반도로","국지도로","소로3류","폭6-8m","2026-03-01 11:18:09.082"
"12403","천호대로14길","일반도로","국지도로","소로2류","폭8-10m","2026-03-01 11:18:09.082"
"12404","천호대로151길","일반도로","국지도로","소로","6m미만","2026-03-01 11:18:09.082"
"12405","천호대로152길","일반도로","국지도로","소로2류","폭8-10m","2026-03-01 11:18:09.082"
"12406","천호대로155길","일반도로","국지도로","소로","6m미만","2026-03-01 11:18:09.082"
"12407","천호대로157길","일반도로","국지도로","소로2류","폭8-10m","2026-03-01 11:18:09.082"
"12408","천호대로158길","일반도로","국지도로","소로","6m미만","2026-03-01 11:18:09.082"
"12409","천호대로159길","일반도로","국지도로","소로3류","폭6-8m","2026-03-01 11:18:09.082"
"12410","천호대로161길","일반도로","국지도로","소로3류","폭6-8m","2026-03-01 11:18:09.082"
"12411","천호대로162가길","일반도로","국지도로","소로","6m미만","2026-03-01 11:18:09.086"
"12412","천호대로162길","일반도로","국지도로","소로","6m미만","2026-03-01 11:18:09.086"
"12413","천호대로163길","일반도로","국지도로","소로2류","폭8-10m","2026-03-01 11:18:09.087"
"12414","천호대로164길","일반도로","국지도로","소로","6m미만","2026-03-01 11:18:09.087"
"12415","천호대로167길","일반도로","국지도로","중로1류","폭20-25m","2026-03-01 11:18:09.087"
"12416","천호대로168가길","일반도로","국지도로","소로","6m미만","2026-03-01 11:18:09.087"
"12417","천호대로168길","일반도로","국지도로","소로3류","폭6-8m","2026-03-01 11:18:09.087"
"12418","천호대로168나길","일반도로","국지도로","소로","6m미만","2026-03-01 11:18:09.087"
"12419","천호대로168다길","일반도로","국지도로","소로","6m미만","2026-03-01 11:18:09.087"
"12420","천호대로168라길","일반도로","국지도로","소로","6m미만","2026-03-01 11:18:09.087"
"12421","천호대로16가길","일반도로","국지도로","소로","6m미만","2026-03-01 11:18:09.091"
"12422","천호대로16길","일반도로","국지도로","소로","6m미만","2026-03-01 11:18:09.091"
"12423","천호대로16나길","일반도로","국지도로","소로","6m미만","2026-03-01 11:18:09.091"
"12424","천호대로170길","일반도로","국지도로","소로3류","폭6-8m","2026-03-01 11:18:09.091"
"12425","천호대로173길","일반도로","국지도로","소로3류","폭6-8m","2026-03-01 11:18:09.091"
"12426","천호대로174길","일반도로","국지도로","소로","6m미만","2026-03-01 11:18:09.091"
"12427","천호대로175길","일반도로","국지도로","소로2류","폭8-10m","2026-03-01 11:18:09.091"
"12428","천호대로176길","일반도로","국지도로","소로3류","폭6-8m","2026-03-01 11:18:09.091"
"12429","천호대로177길","일반도로","국지도로","소로","6m미만","2026-03-01 11:18:09.091"
"12430","천호대로17길","일반도로","국지도로","소로3류","폭6-8m","2026-03-01 11:18:09.091"
"12431","천호대로182길","일반도로","국지도로","소로","6m미만","2026-03-01 11:18:09.096"
"12432","천호대로185길","일반도로","국지도로","소로","6m미만","2026-03-01 11:18:09.096"
"12433","천호대로186길","일반도로","국지도로","소로","6m미만","2026-03-01 11:18:09.096"
"12434","천호대로187길","일반도로","국지도로","소로3류","폭6-8m","2026-03-01 11:18:09.096"
"12435","천호대로188길","일반도로","국지도로","소로","6m미만","2026-03-01 11:18:09.096"
"12436","천호대로189길","일반도로","국지도로","소로1류","폭10-12m","2026-03-01 11:18:09.096"
"12437","천호대로191길","일반도로","국지도로","소로","6m미만","2026-03-01 11:18:09.096"
"12438","천호대로193길","일반도로","국지도로","소로3류","폭6-8m","2026-03-01 11:18:09.096"
"12439","천호대로197길","일반도로","국지도로","소로3류","폭6-8m","2026-03-01 11:18:09.096"
"12440","천호대로198길","일반도로","국지도로","소로2류","폭8-10m","2026-03-01 11:18:09.096"
"12441","천호대로199길","일반도로","국지도로","소로2류","폭8-10m","2026-03-01 11:18:09.101"
"12442","천호대로19길","일반도로","국지도로","소로","6m미만","2026-03-01 11:18:09.101"
"12443","천호대로200길","일반도로","국지도로","소로3류","폭6-8m","2026-03-01 11:18:09.101"
"12444","천호대로201길","일반도로","국지도로","소로","6m미만","2026-03-01 11:18:09.101"
"12445","천호대로203길","일반도로","국지도로","소로","6m미만","2026-03-01 11:18:09.101"
"12446","천호대로206길","일반도로","국지도로","소로","6m미만","2026-03-01 11:18:09.101"
"12447","천호대로213길","일반도로","국지도로","중로1류","폭20-25m","2026-03-01 11:18:09.101"
"12448","천호대로219가길","일반도로","국지도로","소로3류","폭6-8m","2026-03-01 11:18:09.101"
"12449","천호대로219길","일반도로","국지도로","소로1류","폭10-12m","2026-03-01 11:18:09.101"
"12450","천호대로219나길","일반도로","국지도로","소로3류","폭6-8m","2026-03-01 11:18:09.101"
"12451","천호대로219다길","일반도로","국지도로","소로3류","폭6-8m","2026-03-01 11:18:09.106"
"12452","천호대로21길","일반도로","국지도로","소로","6m미만","2026-03-01 11:18:09.106"
"12453","천호대로221길","일반도로","국지도로","소로","6m미만","2026-03-01 11:18:09.106"
"12454","천호대로22길","일반도로","국지도로","소로","6m미만","2026-03-01 11:18:09.106"
"12455","천호대로23길","일반도로","국지도로","소로","6m미만","2026-03-01 11:18:09.106"
"12456","천호대로24길","일반도로","국지도로","소로","6m미만","2026-03-01 11:18:09.106"
"12457","천호대로25길","일반도로","국지도로","소로2류","폭8-10m","2026-03-01 11:18:09.106"
"12458","천호대로27길","일반도로","국지도로","소로2류","폭8-10m","2026-03-01 11:18:09.106"
"12459","천호대로29가길","일반도로","국지도로","소로","6m미만","2026-03-01 11:18:09.106"
"12460","천호대로29길","일반도로","국지도로","소로","6m미만","2026-03-01 11:18:09.106"
"12461","천호대로2길","일반도로","국지도로","소로","6m미만","2026-03-01 11:18:09.111"
"12462","천호대로31길","일반도로","국지도로","소로3류","폭6-8m","2026-03-01 11:18:09.111"
"12463","천호대로33길","일반도로","국지도로","소로","6m미만","2026-03-01 11:18:09.111"
"12464","천호대로35길","일반도로","국지도로","소로2류","폭8-10m","2026-03-01 11:18:09.111"
"12465","천호대로37길","일반도로","국지도로","소로","6m미만","2026-03-01 11:18:09.111"
"12466","천호대로39길","일반도로","국지도로","소로","6m미만","2026-03-01 11:18:09.111"
"12467","천호대로41길","일반도로","국지도로","소로","6m미만","2026-03-01 11:18:09.111"
"12468","천호대로43길","일반도로","국지도로","소로","6m미만","2026-03-01 11:18:09.111"
"12469","천호대로45가길","일반도로","국지도로","소로","6m미만","2026-03-01 11:18:09.111"
"12470","천호대로45길","일반도로","국지도로","소로3류","폭6-8m","2026-03-01 11:18:09.111"
"12471","천호대로45나길","일반도로","국지도로","소로","6m미만","2026-03-01 11:18:09.116"
"12472","천호대로45다길","일반도로","국지도로","소로","6m미만","2026-03-01 11:18:09.116"
"12473","천호대로45라길","일반도로","국지도로","소로","6m미만","2026-03-01 11:18:09.116"
"12474","천호대로47길","일반도로","국지도로","중로1류","폭20-25m","2026-03-01 11:18:09.116"
"12475","천호대로4길","일반도로","국지도로","소로3류","폭6-8m","2026-03-01 11:18:09.116"
"12476","천호대로55길","일반도로","국지도로","소로","6m미만","2026-03-01 11:18:09.116"
"12477","천호대로65길","일반도로","국지도로","소로","6m미만","2026-03-01 11:18:09.116"
"12478","천호대로67길","일반도로","국지도로","소로","6m미만","2026-03-01 11:18:09.116"
"12479","천호대로69가길","일반도로","국지도로","소로","6m미만","2026-03-01 11:18:09.116"
"12480","천호대로69길","일반도로","국지도로","소로1류","폭10-12m","2026-03-01 11:18:09.116"
"12481","천호대로69나길","일반도로","국지도로","소로","6m미만","2026-03-01 11:18:09.121"
"12482","천호대로71길","일반도로","국지도로","소로","6m미만","2026-03-01 11:18:09.121"
"12483","천호대로73길","일반도로","국지도로","소로3류","폭6-8m","2026-03-01 11:18:09.121"
"12484","천호대로75길","일반도로","국지도로","소로","6m미만","2026-03-01 11:18:09.121"
"12485","천호대로77가길","일반도로","국지도로","소로3류","폭6-8m","2026-03-01 11:18:09.121"
"12486","천호대로77길","일반도로","국지도로","소로3류","폭6-8m","2026-03-01 11:18:09.121"
"12487","천호대로77나길","일반도로","국지도로","소로","6m미만","2026-03-01 11:18:09.121"
"12488","천호대로77다길","일반도로","국지도로","소로","6m미만","2026-03-01 11:18:09.121"
"12489","천호대로78길","일반도로","국지도로","소로2류","폭8-10m","2026-03-01 11:18:09.121"
"12490","천호대로79길","일반도로","국지도로","소로3류","폭6-8m","2026-03-01 11:18:09.121"
"12491","천호대로7길","일반도로","국지도로","소로","6m미만","2026-03-01 11:18:09.126"
"12492","천호대로81길","일반도로","국지도로","소로","6m미만","2026-03-01 11:18:09.126"
"12493","천호대로83길","일반도로","국지도로","소로2류","폭8-10m","2026-03-01 11:18:09.126"
"12494","천호대로85길","일반도로","국지도로","소로2류","폭8-10m","2026-03-01 11:18:09.126"
"12495","천호대로87길","일반도로","국지도로","소로","6m미만","2026-03-01 11:18:09.126"
"12496","천호대로89길","일반도로","국지도로","소로","6m미만","2026-03-01 11:18:09.126"
"12497","천호대로91길","일반도로","국지도로","소로3류","폭6-8m","2026-03-01 11:18:09.126"
"12498","천호대로93길","일반도로","국지도로","소로","6m미만","2026-03-01 11:18:09.126"
"12499","천호대로95길","일반도로","국지도로","소로","6m미만","2026-03-01 11:18:09.126"
"12500","천호대로97길","일반도로","국지도로","소로3류","폭6-8m","2026-03-01 11:18:09.126"
"12501","천호대로9가길","일반도로","국지도로","소로","6m미만","2026-03-01 11:18:09.131"
"12502","천호대로9길","일반도로","국지도로","소로3류","폭6-8m","2026-03-01 11:18:09.131"
"12503","천호옛10길","일반도로","국지도로","소로","6m미만","2026-03-01 11:18:09.131"
"12504","천호옛12길","일반도로","국지도로","소로","6m미만","2026-03-01 11:18:09.131"
"12505","천호옛14길","일반도로","국지도로","소로3류","폭6-8m","2026-03-01 11:18:09.131"
"12506","천호옛17길","일반도로","국지도로","소로","6m미만","2026-03-01 11:18:09.131"
"12507","천호옛6길","일반도로","국지도로","소로3류","폭6-8m","2026-03-01 11:18:09.131"
"12508","천호옛8길","일반도로","국지도로","소로","6m미만","2026-03-01 11:18:09.131"
"12509","천호옛길","일반도로","국지도로","소로3류","폭6-8m","2026-03-01 11:18:09.131"
"12510","청계산로","일반도로","국지도로","소로3류","폭6-8m","2026-03-01 11:18:09.131"
"12511","청계산로11길","일반도로","국지도로","소로1류","폭10-12m","2026-03-01 11:18:09.136"
"12512","청계산로15길","일반도로","국지도로","소로2류","폭8-10m","2026-03-01 11:18:09.136"
"12513","청계산로7길","일반도로","국지도로","중로1류","폭20-25m","2026-03-01 11:18:09.136"
"12514","청계산로9길","일반도로","국지도로","중로1류","폭20-25m","2026-03-01 11:18:09.136"
"12515","청계천로","일반도로","국지도로","소로3류","폭6-8m","2026-03-01 11:18:09.136"
"12516","청계천로10가길","일반도로","국지도로","소로","6m미만","2026-03-01 11:18:09.136"
"12517","청계천로10길","일반도로","국지도로","소로","6m미만","2026-03-01 11:18:09.136"
"12518","청계천로10나길","일반도로","국지도로","소로","6m미만","2026-03-01 11:18:09.136"
"12519","청계천로10다길","일반도로","국지도로","소로","6m미만","2026-03-01 11:18:09.136"
"12520","청계천로12가길","일반도로","국지도로","소로","6m미만","2026-03-01 11:18:09.136"
"12521","청계천로12길","일반도로","국지도로","소로","6m미만","2026-03-01 11:18:09.141"
"12522","청계천로12나길","일반도로","국지도로","소로","6m미만","2026-03-01 11:18:09.141"
"12523","청계천로12다길","일반도로","국지도로","소로","6m미만","2026-03-01 11:18:09.141"
"12524","청계천로13길","일반도로","국지도로","소로3류","폭6-8m","2026-03-01 11:18:09.141"
"12525","청계천로1가길","일반도로","국지도로","소로","6m미만","2026-03-01 11:18:09.141"
"12526","청계천로1길","일반도로","국지도로","소로3류","폭6-8m","2026-03-01 11:18:09.141"
"12527","청계천로5길","일반도로","국지도로","소로2류","폭8-10m","2026-03-01 11:18:09.141"
"12528","청계천로7길","일반도로","국지도로","소로1류","폭10-12m","2026-03-01 11:18:09.141"
"12529","청구로","일반도로","국지도로","소로","6m미만","2026-03-01 11:18:09.141"
"12530","청구로10길","일반도로","국지도로","소로","6m미만","2026-03-01 11:18:09.141"
"12531","청구로12길","일반도로","국지도로","소로","6m미만","2026-03-01 11:18:09.146"
"12532","청구로14길","일반도로","국지도로","소로3류","폭6-8m","2026-03-01 11:18:09.146"
"12533","청구로16길","일반도로","국지도로","소로","6m미만","2026-03-01 11:18:09.146"
"12534","청구로17길","일반도로","국지도로","소로","6m미만","2026-03-01 11:18:09.146"
"12535","청구로19길","일반도로","국지도로","소로","6m미만","2026-03-01 11:18:09.146"
"12536","청구로1길","일반도로","국지도로","소로","6m미만","2026-03-01 11:18:09.146"
"12537","청구로21길","일반도로","국지도로","소로","6m미만","2026-03-01 11:18:09.146"
"12538","청구로22길","일반도로","국지도로","소로","6m미만","2026-03-01 11:18:09.146"
"12539","청구로24길","일반도로","국지도로","소로","6m미만","2026-03-01 11:18:09.146"
"12540","청구로3가길","일반도로","국지도로","소로","6m미만","2026-03-01 11:18:09.146"
"12541","청구로3길","일반도로","국지도로","소로","6m미만","2026-03-01 11:18:09.151"
"12542","청구로3나길","일반도로","국지도로","소로","6m미만","2026-03-01 11:18:09.151"
"12543","청구로3다길","일반도로","국지도로","소로","6m미만","2026-03-01 11:18:09.151"
"12544","청구로4길","일반도로","국지도로","소로2류","폭8-10m","2026-03-01 11:18:09.151"
"12545","청구로6길","일반도로","국지도로","소로3류","폭6-8m","2026-03-01 11:18:09.151"
"12546","청구로8길","일반도로","국지도로","소로3류","폭6-8m","2026-03-01 11:18:09.151"
"12547","청두곶10길","일반도로","국지도로","소로","6m미만","2026-03-01 11:18:09.151"
"12548","청두곶11길","일반도로","국지도로","소로","6m미만","2026-03-01 11:18:09.151"
"12549","청두곶12길","일반도로","국지도로","소로","6m미만","2026-03-01 11:18:09.151"
"12550","청두곶13길","일반도로","국지도로","소로","6m미만","2026-03-01 11:18:09.151"
"12551","청두곶14길","일반도로","국지도로","소로","6m미만","2026-03-01 11:18:09.156"
"12552","청두곶15길","일반도로","국지도로","소로","6m미만","2026-03-01 11:18:09.156"
"12553","청두곶2길","일반도로","국지도로","소로","6m미만","2026-03-01 11:18:09.156"
"12554","청두곶3길","일반도로","국지도로","소로","6m미만","2026-03-01 11:18:09.156"
"12555","청두곶4길","일반도로","국지도로","소로","6m미만","2026-03-01 11:18:09.156"
"12556","청두곶6길","일반도로","국지도로","소로","6m미만","2026-03-01 11:18:09.156"
"12557","청두곶7길","일반도로","국지도로","소로","6m미만","2026-03-01 11:18:09.156"
"12558","청두곶8길","일반도로","국지도로","소로","6m미만","2026-03-01 11:18:09.156"
"12559","청두곶9길","일반도로","국지도로","소로","6m미만","2026-03-01 11:18:09.156"
"12560","청두곶길","일반도로","국지도로","소로3류","폭6-8m","2026-03-01 11:18:09.156"
"12561","청뜰로","일반도로","국지도로","소로","6m미만","2026-03-01 11:18:09.161"
"12562","청룡10길","일반도로","국지도로","소로2류","폭8-10m","2026-03-01 11:18:09.161"
"12563","청룡11길","일반도로","국지도로","소로","6m미만","2026-03-01 11:18:09.161"
"12564","청룡12길","일반도로","국지도로","소로","6m미만","2026-03-01 11:18:09.161"
"12565","청룡13길","일반도로","국지도로","소로","6m미만","2026-03-01 11:18:09.161"
"12566","청룡15길","일반도로","국지도로","소로","6m미만","2026-03-01 11:18:09.161"
"12567","청룡16길","일반도로","국지도로","소로1류","폭10-12m","2026-03-01 11:18:09.161"
"12568","청룡1길","일반도로","국지도로","소로3류","폭6-8m","2026-03-01 11:18:09.161"
"12569","청룡2길","일반도로","국지도로","소로","6m미만","2026-03-01 11:18:09.161"
"12570","청룡3길","일반도로","국지도로","소로","6m미만","2026-03-01 11:18:09.162"
"12571","청룡4길","일반도로","국지도로","소로","6m미만","2026-03-01 11:18:09.166"
"12572","청룡5길","일반도로","국지도로","소로3류","폭6-8m","2026-03-01 11:18:09.166"
"12573","청룡6길","일반도로","국지도로","소로","6m미만","2026-03-01 11:18:09.166"
"12574","청룡7길","일반도로","국지도로","소로","6m미만","2026-03-01 11:18:09.166"
"12575","청룡8길","일반도로","국지도로","소로","6m미만","2026-03-01 11:18:09.166"
"12576","청룡9길","일반도로","국지도로","소로","6m미만","2026-03-01 11:18:09.166"
"12577","청룡길","일반도로","국지도로","소로3류","폭6-8m","2026-03-01 11:18:09.166"
"12578","청룡마을1길","일반도로","국지도로","소로3류","폭6-8m","2026-03-01 11:18:09.166"
"12579","청룡마을2길","일반도로","국지도로","소로3류","폭6-8m","2026-03-01 11:18:09.166"
"12580","청룡마을3길","일반도로","국지도로","소로","6m미만","2026-03-01 11:18:09.166"
"12581","청룡마을4길","일반도로","국지도로","소로","6m미만","2026-03-01 11:18:09.171"
"12582","청룡마을길","일반도로","국지도로","소로","6m미만","2026-03-01 11:18:09.171"
"12583","청룡중앙길","일반도로","국지도로","소로","6m미만","2026-03-01 11:18:09.171"
"12584","청림1길","일반도로","국지도로","소로","6m미만","2026-03-01 11:18:09.171"
"12585","청림2길","일반도로","국지도로","소로","6m미만","2026-03-01 11:18:09.171"
"12586","청림3가길","일반도로","국지도로","소로","6m미만","2026-03-01 11:18:09.171"
"12587","청림3길","일반도로","국지도로","소로","6m미만","2026-03-01 11:18:09.171"
"12588","청림3나길","일반도로","국지도로","소로","6m미만","2026-03-01 11:18:09.171"
"12589","청림3다길","일반도로","국지도로","소로","6m미만","2026-03-01 11:18:09.171"
"12590","청림3라길","일반도로","국지도로","소로","6m미만","2026-03-01 11:18:09.171"
"12591","청림3마길","일반도로","국지도로","소로","6m미만","2026-03-01 11:18:09.176"
"12592","청림3바길","일반도로","국지도로","소로","6m미만","2026-03-01 11:18:09.176"
"12593","청림5가길","일반도로","국지도로","소로","6m미만","2026-03-01 11:18:09.176"
"12594","청림5길","일반도로","국지도로","소로","6m미만","2026-03-01 11:18:09.176"
"12595","청림5나길","일반도로","국지도로","소로","6m미만","2026-03-01 11:18:09.176"
"12596","청림6길","일반도로","국지도로","소로2류","폭8-10m","2026-03-01 11:18:09.176"
"12597","청림길","일반도로","국지도로","소로","6m미만","2026-03-01 11:18:09.176"
"12598","청암~원효선","일반도로","보조간선도로","중로1류","폭20-25m","2026-03-01 11:18:09.176"
"12599","청와대로","일반도로","국지도로","확인","불가","2026-03-01 11:18:09.176"
"12600","청파로","일반도로","국지도로","소로2류","폭8-10m","2026-03-01 11:18:09.176"
"12601","청파로103길","일반도로","국지도로","소로2류","폭8-10m","2026-03-01 11:18:09.181"
"12602","청파로20길","일반도로","국지도로","소로2류","폭8-10m","2026-03-01 11:18:09.181"
"12603","청파로22가길","일반도로","국지도로","소로","6m미만","2026-03-01 11:18:09.181"
"12604","청파로22길","일반도로","국지도로","소로3류","폭6-8m","2026-03-01 11:18:09.181"
"12605","청파로39길","일반도로","국지도로","소로","6m미만","2026-03-01 11:18:09.181"
"12606","청파로43가길","일반도로","국지도로","소로","6m미만","2026-03-01 11:18:09.181"
"12607","청파로43길","일반도로","국지도로","소로","6m미만","2026-03-01 11:18:09.181"
"12608","청파로43나길","일반도로","국지도로","소로3류","폭6-8m","2026-03-01 11:18:09.181"
"12609","청파로43다길","일반도로","국지도로","소로","6m미만","2026-03-01 11:18:09.181"
"12610","청파로43라길","일반도로","국지도로","소로","6m미만","2026-03-01 11:18:09.181"
"12611","청파로45길","일반도로","국지도로","소로","6m미만","2026-03-01 11:18:09.186"
"12612","청파로47가길","일반도로","국지도로","소로","6m미만","2026-03-01 11:18:09.186"
"12613","청파로47길","일반도로","국지도로","소로","6m미만","2026-03-01 11:18:09.186"
"12614","청파로47나길","일반도로","국지도로","소로","6m미만","2026-03-01 11:18:09.186"
"12615","청파로47다길","일반도로","국지도로","소로","6m미만","2026-03-01 11:18:09.186"
"12616","청파로49길","일반도로","국지도로","소로","6m미만","2026-03-01 11:18:09.186"
"12617","청파로51길","일반도로","국지도로","소로","6m미만","2026-03-01 11:18:09.186"
"12618","청파로53길","일반도로","국지도로","소로","6m미만","2026-03-01 11:18:09.186"
"12619","청파로55길","일반도로","국지도로","소로","6m미만","2026-03-01 11:18:09.186"
"12620","청파로57가길","일반도로","국지도로","소로","6m미만","2026-03-01 11:18:09.186"
"12621","청파로57길","일반도로","국지도로","소로","6m미만","2026-03-01 11:18:09.19"
"12622","청파로61길","일반도로","국지도로","소로","6m미만","2026-03-01 11:18:09.19"
"12623","청파로63가길","일반도로","국지도로","소로","6m미만","2026-03-01 11:18:09.19"
"12624","청파로63길","일반도로","국지도로","소로","6m미만","2026-03-01 11:18:09.19"
"12625","청파로67길","일반도로","국지도로","소로","6m미만","2026-03-01 11:18:09.19"
"12626","청파로71가길","일반도로","국지도로","소로","6m미만","2026-03-01 11:18:09.19"
"12627","청파로71길","일반도로","국지도로","소로","6m미만","2026-03-01 11:18:09.19"
"12628","청파로71나길","일반도로","국지도로","소로","6m미만","2026-03-01 11:18:09.19"
"12629","청파로71다길","일반도로","국지도로","소로","6m미만","2026-03-01 11:18:09.19"
"12630","청파로73가길","일반도로","국지도로","소로","6m미만","2026-03-01 11:18:09.19"
"12631","청파로73길","일반도로","국지도로","소로","6m미만","2026-03-01 11:18:09.195"
"12632","청파로73나길","일반도로","국지도로","소로","6m미만","2026-03-01 11:18:09.195"
"12633","청파로73다길","일반도로","국지도로","소로","6m미만","2026-03-01 11:18:09.195"
"12634","청파로75길","일반도로","국지도로","소로","6m미만","2026-03-01 11:18:09.196"
"12635","청파로77가길","일반도로","국지도로","소로","6m미만","2026-03-01 11:18:09.196"
"12636","청파로77길","일반도로","국지도로","소로","6m미만","2026-03-01 11:18:09.196"
"12637","청파로83길","일반도로","국지도로","소로","6m미만","2026-03-01 11:18:09.196"
"12638","청파로85가길","일반도로","국지도로","소로","6m미만","2026-03-01 11:18:09.196"
"12639","청파로85길","일반도로","국지도로","소로","6m미만","2026-03-01 11:18:09.196"
"12640","청파로89길","일반도로","국지도로","소로","6m미만","2026-03-01 11:18:09.196"
"12641","청파로93길","일반도로","국지도로","소로","6m미만","2026-03-01 11:18:09.201"
"12642","청파로95길","일반도로","국지도로","소로","6m미만","2026-03-01 11:18:09.201"
"12643","초광로294번길","일반도로","국지도로","소로3류","폭6-8m","2026-03-01 11:18:09.201"
"12644","초록마을로","일반도로","국지도로","소로","6m미만","2026-03-01 11:18:09.201"
"12645","초록마을로10길","일반도로","국지도로","소로","6m미만","2026-03-01 11:18:09.201"
"12646","초록마을로11길","일반도로","국지도로","소로","6m미만","2026-03-01 11:18:09.201"
"12647","초록마을로12길","일반도로","국지도로","소로","6m미만","2026-03-01 11:18:09.201"
"12648","초록마을로14길","일반도로","국지도로","소로","6m미만","2026-03-01 11:18:09.201"
"12649","초록마을로15길","일반도로","국지도로","소로3류","폭6-8m","2026-03-01 11:18:09.201"
"12650","초록마을로16길","일반도로","국지도로","소로","6m미만","2026-03-01 11:18:09.201"
"12651","초록마을로18길","일반도로","국지도로","소로","6m미만","2026-03-01 11:18:09.206"
"12652","초록마을로19길","일반도로","국지도로","소로","6m미만","2026-03-01 11:18:09.206"
"12653","초록마을로21길","일반도로","국지도로","소로","6m미만","2026-03-01 11:18:09.206"
"12654","초록마을로22길","일반도로","국지도로","소로","6m미만","2026-03-01 11:18:09.206"
"12655","초록마을로24길","일반도로","국지도로","소로","6m미만","2026-03-01 11:18:09.206"
"12656","초록마을로26길","일반도로","국지도로","소로","6m미만","2026-03-01 11:18:09.206"
"12657","초록마을로28길","일반도로","국지도로","소로","6m미만","2026-03-01 11:18:09.206"
"12658","초록마을로2길","일반도로","국지도로","소로","6m미만","2026-03-01 11:18:09.206"
"12659","초록마을로30길","일반도로","국지도로","소로","6m미만","2026-03-01 11:18:09.206"
"12660","초록마을로32길","일반도로","국지도로","소로","6m미만","2026-03-01 11:18:09.206"
"12661","초록마을로34길","일반도로","국지도로","소로","6m미만","2026-03-01 11:18:09.211"
"12662","초록마을로36길","일반도로","국지도로","소로","6m미만","2026-03-01 11:18:09.211"
"12663","초록마을로37길","일반도로","국지도로","소로","6m미만","2026-03-01 11:18:09.211"
"12664","초록마을로3길","일반도로","국지도로","소로","6m미만","2026-03-01 11:18:09.211"
"12665","초록마을로4길","일반도로","국지도로","소로","6m미만","2026-03-01 11:18:09.211"
"12666","초록마을로5길","일반도로","국지도로","소로","6m미만","2026-03-01 11:18:09.211"
"12667","초록마을로6길","일반도로","국지도로","소로","6m미만","2026-03-01 11:18:09.211"
"12668","초록마을로7가길","일반도로","국지도로","소로","6m미만","2026-03-01 11:18:09.211"
"12669","초록마을로7길","일반도로","국지도로","소로","6m미만","2026-03-01 11:18:09.211"
"12670","초록마을로8길","일반도로","국지도로","소로","6m미만","2026-03-01 11:18:09.211"
"12671","초록마을로9길","일반도로","국지도로","소로","6m미만","2026-03-01 11:18:09.216"
"12672","초안산로","일반도로","국지도로","중로2류","폭15-20m","2026-03-01 11:18:09.216"
"12673","초안산로1길","일반도로","국지도로","중로2류","폭15-20m","2026-03-01 11:18:09.216"
"12674","초안산로2길","일반도로","국지도로","소로","6m미만","2026-03-01 11:18:09.216"
"12675","초안산로2라길","일반도로","국지도로","소로3류","폭6-8m","2026-03-01 11:18:09.216"
"12676","초안산로3길","일반도로","국지도로","소로3류","폭6-8m","2026-03-01 11:18:09.216"
"12677","초안산로5길","일반도로","국지도로","중로1류","폭20-25m","2026-03-01 11:18:09.216"
"12678","초안산로7길","일반도로","국지도로","소로2류","폭8-10m","2026-03-01 11:18:09.216"
"12679","초원로","일반도로","국지도로","소로3류","폭6-8m","2026-03-01 11:18:09.216"
"12680","초원로10길","일반도로","국지도로","소로","6m미만","2026-03-01 11:18:09.216"
"12681","초원로11길","일반도로","국지도로","소로","6m미만","2026-03-01 11:18:09.221"
"12682","초원로12길","일반도로","국지도로","소로","6m미만","2026-03-01 11:18:09.221"
"12683","초원로13길","일반도로","국지도로","소로","6m미만","2026-03-01 11:18:09.221"
"12684","초원로14길","일반도로","국지도로","소로","6m미만","2026-03-01 11:18:09.221"
"12685","초원로16길","일반도로","국지도로","소로","6m미만","2026-03-01 11:18:09.221"
"12686","초원로2길","일반도로","국지도로","소로","6m미만","2026-03-01 11:18:09.221"
"12687","초원로4길","일반도로","국지도로","소로","6m미만","2026-03-01 11:18:09.221"
"12688","초원로6길","일반도로","국지도로","소로3류","폭6-8m","2026-03-01 11:18:09.221"
"12689","초원로8길","일반도로","국지도로","소로","6m미만","2026-03-01 11:18:09.221"
"12690","충무~낙원선","일반도로","보조간선도로","중로2류","폭15-20m","2026-03-01 11:18:09.221"
"12691","충무로","일반도로","국지도로","소로","6m미만","2026-03-01 11:18:09.226"
"12692","충무로11길","일반도로","국지도로","소로","6m미만","2026-03-01 11:18:09.226"
"12693","충무로2길","일반도로","국지도로","소로","6m미만","2026-03-01 11:18:09.226"
"12694","충무로4길","일반도로","국지도로","소로","6m미만","2026-03-01 11:18:09.226"
"12695","충무로5길","일반도로","국지도로","소로","6m미만","2026-03-01 11:18:09.226"
"12696","충무로7길","일반도로","국지도로","소로3류","폭6-8m","2026-03-01 11:18:09.226"
"12697","충무로9길","일반도로","국지도로","소로3류","폭6-8m","2026-03-01 11:18:09.226"
"12698","충민로","일반도로","국지도로","대로3류","폭25-30m","2026-03-01 11:18:09.226"
"12699","충민로2길","일반도로","국지도로","중로1류","폭20-25m","2026-03-01 11:18:09.226"
"12700","충민로4길","일반도로","국지도로","중로1류","폭20-25m","2026-03-01 11:18:09.226"
"12701","충민로6길","일반도로","국지도로","중로1류","폭20-25m","2026-03-01 11:18:09.231"
"12702","충신1길","일반도로","국지도로","소로","6m미만","2026-03-01 11:18:09.231"
"12703","충신2길","일반도로","국지도로","소로","6m미만","2026-03-01 11:18:09.231"
"12704","충신4가길","일반도로","국지도로","소로","6m미만","2026-03-01 11:18:09.231"
"12705","충신4길","일반도로","국지도로","소로","6m미만","2026-03-01 11:18:09.231"
"12706","충신4나길","일반도로","국지도로","소로","6m미만","2026-03-01 11:18:09.231"
"12707","충신6길","일반도로","국지도로","소로","6m미만","2026-03-01 11:18:09.231"
"12708","충신길","일반도로","국지도로","소로","6m미만","2026-03-01 11:18:09.231"
"12709","충정로","일반도로","국지도로","소로","6m미만","2026-03-01 11:18:09.231"
"12710","충정로11길","일반도로","국지도로","소로","6m미만","2026-03-01 11:18:09.231"
"12711","충정로2길","일반도로","국지도로","소로","6m미만","2026-03-01 11:18:09.236"
"12712","충정로4길","일반도로","국지도로","소로","6m미만","2026-03-01 11:18:09.236"
"12713","충정로5길","일반도로","국지도로","소로","6m미만","2026-03-01 11:18:09.236"
"12714","충정로6길","일반도로","국지도로","소로","6m미만","2026-03-01 11:18:09.236"
"12715","충정로6안길","일반도로","국지도로","소로","6m미만","2026-03-01 11:18:09.236"
"12716","충정로7길","일반도로","국지도로","소로3류","폭6-8m","2026-03-01 11:18:09.236"
"12717","충정로9길","일반도로","국지도로","소로3류","폭6-8m","2026-03-01 11:18:09.236"
"12718","칠패로","일반도로","국지도로","중로1류","폭20-25m","2026-03-01 11:18:09.236"
"12719","큰우물로","일반도로","국지도로","소로1류","폭10-12m","2026-03-01 11:18:09.236"
"12720","큰우물로2길","일반도로","국지도로","중로2류","폭15-20m","2026-03-01 11:18:09.236"
"12721","큰우물로4길","일반도로","국지도로","소로3류","폭6-8m","2026-03-01 11:18:09.241"
"12722","탄천동로","일반도로","국지도로","소로1류","폭10-12m","2026-03-01 11:18:09.241"
"12723","탑골로","일반도로","국지도로","소로","6m미만","2026-03-01 11:18:09.241"
"12724","탑골로10길","일반도로","국지도로","소로3류","폭6-8m","2026-03-01 11:18:09.241"
"12725","탑골로11길","일반도로","국지도로","소로","6m미만","2026-03-01 11:18:09.241"
"12726","탑골로13길","일반도로","국지도로","소로","6m미만","2026-03-01 11:18:09.241"
"12727","탑골로2길","일반도로","국지도로","소로","6m미만","2026-03-01 11:18:09.241"
"12728","탑골로3가길","일반도로","국지도로","소로","6m미만","2026-03-01 11:18:09.241"
"12729","탑골로3길","일반도로","국지도로","소로","6m미만","2026-03-01 11:18:09.241"
"12730","탑골로4길","일반도로","국지도로","소로","6m미만","2026-03-01 11:18:09.241"
"12731","탑골로5가길","일반도로","국지도로","소로","6m미만","2026-03-01 11:18:09.246"
"12732","탑골로5길","일반도로","국지도로","소로","6m미만","2026-03-01 11:18:09.246"
"12733","탑골로7길","일반도로","국지도로","소로","6m미만","2026-03-01 11:18:09.246"
"12734","탑골로8길","일반도로","국지도로","소로","6m미만","2026-03-01 11:18:09.246"
"12735","탑성말1길","일반도로","국지도로","소로3류","폭6-8m","2026-03-01 11:18:09.246"
"12736","탑성말길","일반도로","국지도로","소로3류","폭6-8m","2026-03-01 11:18:09.246"
"12737","태봉로","일반도로","국지도로","중로1류","폭20-25m","2026-03-01 11:18:09.246"
"12738","태봉로2길","일반도로","국지도로","중로1류","폭20-25m","2026-03-01 11:18:09.246"
"12739","태흥길","일반도로","국지도로","소로","6m미만","2026-03-01 11:18:09.246"
"12740","테헤란로","일반도로","국지도로","확인","불가","2026-03-01 11:18:09.246"
"12741","테헤란로103길","일반도로","국지도로","소로2류","폭8-10m","2026-03-01 11:18:09.251"
"12742","테헤란로104길","일반도로","국지도로","소로2류","폭8-10m","2026-03-01 11:18:09.251"
"12743","테헤란로107길","일반도로","국지도로","소로2류","폭8-10m","2026-03-01 11:18:09.251"
"12744","테헤란로108길","일반도로","국지도로","소로3류","폭6-8m","2026-03-01 11:18:09.251"
"12745","테헤란로10길","일반도로","국지도로","소로","6m미만","2026-03-01 11:18:09.251"
"12746","테헤란로113길","일반도로","국지도로","중로1류","폭20-25m","2026-03-01 11:18:09.251"
"12747","테헤란로114길","일반도로","국지도로","중로1류","폭20-25m","2026-03-01 11:18:09.251"
"12748","테헤란로115길","일반도로","국지도로","확인","불가","2026-03-01 11:18:09.251"
"12749","테헤란로13길","일반도로","국지도로","소로","6m미만","2026-03-01 11:18:09.251"
"12750","테헤란로14길","일반도로","국지도로","소로3류","폭6-8m","2026-03-01 11:18:09.251"
"12751","테헤란로16길","일반도로","국지도로","소로","6m미만","2026-03-01 11:18:09.256"
"12752","테헤란로19길","일반도로","국지도로","소로","6m미만","2026-03-01 11:18:09.256"
"12753","테헤란로1길","일반도로","국지도로","소로3류","폭6-8m","2026-03-01 11:18:09.256"
"12754","테헤란로20길","일반도로","국지도로","소로3류","폭6-8m","2026-03-01 11:18:09.256"
"12755","테헤란로21길","일반도로","국지도로","소로","6m미만","2026-03-01 11:18:09.256"
"12756","테헤란로22길","일반도로","국지도로","소로","6m미만","2026-03-01 11:18:09.256"
"12757","테헤란로25길","일반도로","국지도로","소로3류","폭6-8m","2026-03-01 11:18:09.256"
"12758","테헤란로26길","일반도로","국지도로","중로2류","폭15-20m","2026-03-01 11:18:09.256"
"12759","테헤란로27길","일반도로","국지도로","소로3류","폭6-8m","2026-03-01 11:18:09.256"
"12760","테헤란로28길","일반도로","국지도로","소로3류","폭6-8m","2026-03-01 11:18:09.256"
"12761","테헤란로29길","일반도로","국지도로","소로","6m미만","2026-03-01 11:18:09.261"
"12762","테헤란로2길","일반도로","국지도로","소로","6m미만","2026-03-01 11:18:09.261"
"12763","테헤란로30길","일반도로","국지도로","소로","6m미만","2026-03-01 11:18:09.261"
"12764","테헤란로32길","일반도로","국지도로","소로","6m미만","2026-03-01 11:18:09.261"
"12765","테헤란로33길","일반도로","국지도로","소로","6m미만","2026-03-01 11:18:09.261"
"12766","테헤란로34길","일반도로","국지도로","소로","6m미만","2026-03-01 11:18:09.261"
"12767","테헤란로37길","일반도로","국지도로","소로1류","폭10-12m","2026-03-01 11:18:09.261"
"12768","테헤란로38길","일반도로","국지도로","소로3류","폭6-8m","2026-03-01 11:18:09.261"
"12769","테헤란로39길","일반도로","국지도로","소로3류","폭6-8m","2026-03-01 11:18:09.261"
"12770","테헤란로43길","일반도로","국지도로","소로3류","폭6-8m","2026-03-01 11:18:09.261"
"12771","테헤란로44길","일반도로","국지도로","중로2류","폭15-20m","2026-03-01 11:18:09.266"
"12772","테헤란로47길","일반도로","국지도로","소로","6m미만","2026-03-01 11:18:09.266"
"12773","테헤란로48길","일반도로","국지도로","소로","6m미만","2026-03-01 11:18:09.266"
"12774","테헤란로4길","일반도로","국지도로","소로3류","폭6-8m","2026-03-01 11:18:09.266"
"12775","테헤란로51길","일반도로","국지도로","소로3류","폭6-8m","2026-03-01 11:18:09.266"
"12776","테헤란로52길","일반도로","국지도로","소로2류","폭8-10m","2026-03-01 11:18:09.266"
"12777","테헤란로53길","일반도로","국지도로","소로","6m미만","2026-03-01 11:18:09.266"
"12778","테헤란로55길","일반도로","국지도로","소로","6m미만","2026-03-01 11:18:09.266"
"12779","테헤란로57길","일반도로","국지도로","소로","6m미만","2026-03-01 11:18:09.266"
"12780","테헤란로5길","일반도로","국지도로","소로","6m미만","2026-03-01 11:18:09.266"
"12781","테헤란로63길","일반도로","국지도로","중로2류","폭15-20m","2026-03-01 11:18:09.271"
"12782","테헤란로64길","일반도로","국지도로","소로2류","폭8-10m","2026-03-01 11:18:09.271"
"12783","테헤란로68길","일반도로","국지도로","소로","6m미만","2026-03-01 11:18:09.271"
"12784","테헤란로69길","일반도로","국지도로","중로1류","폭20-25m","2026-03-01 11:18:09.271"
"12785","테헤란로6길","일반도로","국지도로","소로","6m미만","2026-03-01 11:18:09.271"
"12786","테헤란로70길","일반도로","국지도로","소로2류","폭8-10m","2026-03-01 11:18:09.271"
"12787","테헤란로77길","일반도로","국지도로","소로2류","폭8-10m","2026-03-01 11:18:09.271"
"12788","테헤란로78길","일반도로","국지도로","소로2류","폭8-10m","2026-03-01 11:18:09.271"
"12789","테헤란로79길","일반도로","국지도로","소로","6m미만","2026-03-01 11:18:09.271"
"12790","테헤란로7길","일반도로","국지도로","중로2류","폭15-20m","2026-03-01 11:18:09.271"
"12791","테헤란로81길","일반도로","국지도로","소로","6m미만","2026-03-01 11:18:09.276"
"12792","테헤란로82길","일반도로","국지도로","소로2류","폭8-10m","2026-03-01 11:18:09.276"
"12793","테헤란로83길","일반도로","국지도로","소로3류","폭6-8m","2026-03-01 11:18:09.276"
"12794","테헤란로84길","일반도로","국지도로","소로2류","폭8-10m","2026-03-01 11:18:09.276"
"12795","테헤란로86길","일반도로","국지도로","소로2류","폭8-10m","2026-03-01 11:18:09.276"
"12796","테헤란로87길","일반도로","국지도로","대로2류","폭30-35m","2026-03-01 11:18:09.276"
"12797","테헤란로88길","일반도로","국지도로","소로1류","폭10-12m","2026-03-01 11:18:09.276"
"12798","테헤란로8길","일반도로","국지도로","소로1류","폭10-12m","2026-03-01 11:18:09.276"
"12799","테헤란로92길","일반도로","국지도로","소로3류","폭6-8m","2026-03-01 11:18:09.276"
"12800","테헤란로98길","일반도로","국지도로","소로2류","폭8-10m","2026-03-01 11:18:09.276"
"12801","토성로","일반도로","국지도로","소로3류","폭6-8m","2026-03-01 11:18:09.281"
"12802","토성로15길","일반도로","국지도로","소로3류","폭6-8m","2026-03-01 11:18:09.281"
"12803","토성로17길","일반도로","국지도로","소로3류","폭6-8m","2026-03-01 11:18:09.281"
"12804","토성로19길","일반도로","국지도로","소로3류","폭6-8m","2026-03-01 11:18:09.281"
"12805","토성로3길","일반도로","국지도로","소로3류","폭6-8m","2026-03-01 11:18:09.281"
"12806","토성로4길","일반도로","국지도로","소로","6m미만","2026-03-01 11:18:09.281"
"12807","토성로5길","일반도로","국지도로","소로","6m미만","2026-03-01 11:18:09.281"
"12808","토성로6길","일반도로","국지도로","소로","6m미만","2026-03-01 11:18:09.281"
"12809","토성로7길","일반도로","국지도로","소로","6m미만","2026-03-01 11:18:09.281"
"12810","토정로","일반도로","국지도로","소로","6m미만","2026-03-01 11:18:09.281"
"12811","토정로11길","일반도로","국지도로","소로","6m미만","2026-03-01 11:18:09.285"
"12812","토정로14길","일반도로","국지도로","소로","6m미만","2026-03-01 11:18:09.285"
"12813","토정로15길","일반도로","국지도로","소로","6m미만","2026-03-01 11:18:09.285"
"12814","토정로15안길","일반도로","국지도로","소로","6m미만","2026-03-01 11:18:09.285"
"12815","토정로16길","일반도로","국지도로","소로3류","폭6-8m","2026-03-01 11:18:09.285"
"12816","토정로17길","일반도로","국지도로","소로","6m미만","2026-03-01 11:18:09.285"
"12817","토정로17안길","일반도로","국지도로","소로","6m미만","2026-03-01 11:18:09.285"
"12818","토정로18길","일반도로","국지도로","중로2류","폭15-20m","2026-03-01 11:18:09.285"
"12819","토정로23길","일반도로","국지도로","소로","6m미만","2026-03-01 11:18:09.285"
"12820","토정로25길","일반도로","국지도로","소로","6m미만","2026-03-01 11:18:09.285"
"12821","토정로25안길","일반도로","국지도로","소로","6m미만","2026-03-01 11:18:09.29"
"12822","토정로27길","일반도로","국지도로","소로3류","폭6-8m","2026-03-01 11:18:09.29"
"12823","토정로28길","일반도로","국지도로","소로3류","폭6-8m","2026-03-01 11:18:09.29"
"12824","토정로2길","일반도로","국지도로","소로","6m미만","2026-03-01 11:18:09.29"
"12825","토정로31길","일반도로","국지도로","소로2류","폭8-10m","2026-03-01 11:18:09.29"
"12826","토정로32길","일반도로","국지도로","소로1류","폭10-12m","2026-03-01 11:18:09.29"
"12827","토정로33길","일반도로","국지도로","소로3류","폭6-8m","2026-03-01 11:18:09.29"
"12828","토정로35길","일반도로","국지도로","소로2류","폭8-10m","2026-03-01 11:18:09.29"
"12829","토정로37가길","일반도로","국지도로","소로","6m미만","2026-03-01 11:18:09.29"
"12830","토정로37길","일반도로","국지도로","중로2류","폭15-20m","2026-03-01 11:18:09.29"
"12831","토정로3길","일반도로","국지도로","소로3류","폭6-8m","2026-03-01 11:18:09.295"
"12832","토정로3안길","일반도로","국지도로","소로","6m미만","2026-03-01 11:18:09.295"
"12833","토정로4길","일반도로","국지도로","소로","6m미만","2026-03-01 11:18:09.295"
"12834","토정로4안길","일반도로","국지도로","소로","6m미만","2026-03-01 11:18:09.295"
"12835","토정로5길","일반도로","국지도로","소로","6m미만","2026-03-01 11:18:09.295"
"12836","토정로9길","일반도로","국지도로","소로","6m미만","2026-03-01 11:18:09.295"
"12837","통일로","일반도로","국지도로","소로","6m미만","2026-03-01 11:18:09.295"
"12838","통일로11길","일반도로","국지도로","소로","6m미만","2026-03-01 11:18:09.295"
"12839","통일로12길","일반도로","국지도로","소로","6m미만","2026-03-01 11:18:09.295"
"12840","통일로14길","일반도로","국지도로","소로","6m미만","2026-03-01 11:18:09.295"
"12841","통일로16길","일반도로","국지도로","소로","6m미만","2026-03-01 11:18:09.3"
"12842","통일로17길","일반도로","국지도로","소로","6m미만","2026-03-01 11:18:09.3"
"12843","통일로18가길","일반도로","국지도로","소로","6m미만","2026-03-01 11:18:09.3"
"12844","통일로18길","일반도로","국지도로","소로3류","폭6-8m","2026-03-01 11:18:09.3"
"12845","통일로18나길","일반도로","국지도로","소로","6m미만","2026-03-01 11:18:09.3"
"12846","통일로19길","일반도로","국지도로","소로2류","폭8-10m","2026-03-01 11:18:09.3"
"12847","통일로20길","일반도로","국지도로","소로","6m미만","2026-03-01 11:18:09.3"
"12848","통일로25길","일반도로","국지도로","중로1류","폭20-25m","2026-03-01 11:18:09.3"
"12849","통일로26길","일반도로","국지도로","소로","6m미만","2026-03-01 11:18:09.3"
"12850","통일로27길","일반도로","국지도로","소로3류","폭6-8m","2026-03-01 11:18:09.3"
"12851","통일로28길","일반도로","국지도로","소로","6m미만","2026-03-01 11:18:09.304"
"12852","통일로29길","일반도로","국지도로","소로","6m미만","2026-03-01 11:18:09.304"
"12853","통일로2길","일반도로","국지도로","중로2류","폭15-20m","2026-03-01 11:18:09.304"
"12854","통일로31길","일반도로","국지도로","소로","6m미만","2026-03-01 11:18:09.304"
"12855","통일로32길","일반도로","국지도로","소로","6m미만","2026-03-01 11:18:09.305"
"12856","통일로34길","일반도로","국지도로","소로2류","폭8-10m","2026-03-01 11:18:09.305"
"12857","통일로35길","일반도로","국지도로","소로","6m미만","2026-03-01 11:18:09.305"
"12858","통일로36가길","일반도로","국지도로","소로","6m미만","2026-03-01 11:18:09.305"
"12859","통일로36길","일반도로","국지도로","소로","6m미만","2026-03-01 11:18:09.305"
"12860","통일로36나길","일반도로","국지도로","소로","6m미만","2026-03-01 11:18:09.305"
"12861","통일로36다길","일반도로","국지도로","소로","6m미만","2026-03-01 11:18:09.309"
"12862","통일로37가길","일반도로","국지도로","소로","6m미만","2026-03-01 11:18:09.309"
"12863","통일로37길","일반도로","국지도로","소로","6m미만","2026-03-01 11:18:09.309"
"12864","통일로37나길","일반도로","국지도로","소로","6m미만","2026-03-01 11:18:09.309"
"12865","통일로37다길","일반도로","국지도로","소로","6m미만","2026-03-01 11:18:09.309"
"12866","통일로39가길","일반도로","국지도로","소로2류","폭8-10m","2026-03-01 11:18:09.309"
"12867","통일로39길","일반도로","국지도로","소로","6m미만","2026-03-01 11:18:09.309"
"12868","통일로39나길","일반도로","국지도로","소로","6m미만","2026-03-01 11:18:09.309"
"12869","통일로39다길","일반도로","국지도로","소로","6m미만","2026-03-01 11:18:09.309"
"12870","통일로40길","일반도로","국지도로","소로","6m미만","2026-03-01 11:18:09.309"
"12871","통일로40안길","일반도로","국지도로","소로","6m미만","2026-03-01 11:18:09.314"
"12872","통일로42길","일반도로","국지도로","소로2류","폭8-10m","2026-03-01 11:18:09.314"
"12873","통일로48가길","일반도로","국지도로","소로1류","폭10-12m","2026-03-01 11:18:09.314"
"12874","통일로48길","일반도로","국지도로","소로","6m미만","2026-03-01 11:18:09.314"
"12875","통일로48나길","일반도로","국지도로","소로","6m미만","2026-03-01 11:18:09.314"
"12876","통일로4길","일반도로","국지도로","중로2류","폭15-20m","2026-03-01 11:18:09.314"
"12877","통일로53길","일반도로","국지도로","소로","6m미만","2026-03-01 11:18:09.314"
"12878","통일로57길","일반도로","국지도로","소로","6m미만","2026-03-01 11:18:09.314"
"12879","통일로59길","일반도로","국지도로","소로","6m미만","2026-03-01 11:18:09.314"
"12880","통일로61길","일반도로","국지도로","소로","6m미만","2026-03-01 11:18:09.314"
"12881","통일로62길","일반도로","국지도로","소로","6m미만","2026-03-01 11:18:09.319"
"12882","통일로63길","일반도로","국지도로","소로","6m미만","2026-03-01 11:18:09.319"
"12883","통일로65길","일반도로","국지도로","소로","6m미만","2026-03-01 11:18:09.319"
"12884","통일로66길","일반도로","국지도로","소로3류","폭6-8m","2026-03-01 11:18:09.319"
"12885","통일로67길","일반도로","국지도로","소로","6m미만","2026-03-01 11:18:09.319"
"12886","통일로68가길","일반도로","국지도로","소로","6m미만","2026-03-01 11:18:09.319"
"12887","통일로68길","일반도로","국지도로","소로","6m미만","2026-03-01 11:18:09.319"
"12888","통일로69길","일반도로","국지도로","소로","6m미만","2026-03-01 11:18:09.319"
"12889","통일로71가길","일반도로","국지도로","소로","6m미만","2026-03-01 11:18:09.319"
"12890","통일로71길","일반도로","국지도로","소로","6m미만","2026-03-01 11:18:09.319"
"12891","통일로72길","일반도로","국지도로","소로","6m미만","2026-03-01 11:18:09.324"
"12892","통일로73길","일반도로","국지도로","소로3류","폭6-8m","2026-03-01 11:18:09.324"
"12893","통일로75길","일반도로","국지도로","소로3류","폭6-8m","2026-03-01 11:18:09.324"
"12894","통일로77길","일반도로","국지도로","소로","6m미만","2026-03-01 11:18:09.324"
"12895","통일로78가길","일반도로","국지도로","소로","6m미만","2026-03-01 11:18:09.324"
"12896","통일로78길","일반도로","국지도로","소로","6m미만","2026-03-01 11:18:09.324"
"12897","통일로80가길","일반도로","국지도로","소로","6m미만","2026-03-01 11:18:09.324"
"12898","통일로80길","일반도로","국지도로","소로","6m미만","2026-03-01 11:18:09.324"
"12899","통일로82가길","일반도로","국지도로","소로","6m미만","2026-03-01 11:18:09.324"
"12900","통일로82길","일반도로","국지도로","소로","6m미만","2026-03-01 11:18:09.324"
"12901","통일로82나길","일반도로","국지도로","소로","6m미만","2026-03-01 11:18:09.329"
"12902","통일로83길","일반도로","국지도로","소로","6m미만","2026-03-01 11:18:09.329"
"12903","통일로85길","일반도로","국지도로","소로3류","폭6-8m","2026-03-01 11:18:09.329"
"12904","통일로87길","일반도로","국지도로","소로3류","폭6-8m","2026-03-01 11:18:09.329"
"12905","통일로88가길","일반도로","국지도로","소로","6m미만","2026-03-01 11:18:09.329"
"12906","통일로88길","일반도로","국지도로","소로","6m미만","2026-03-01 11:18:09.329"
"12907","통일로89길","일반도로","국지도로","소로3류","폭6-8m","2026-03-01 11:18:09.329"
"12908","통일로8길","일반도로","국지도로","중로1류","폭20-25m","2026-03-01 11:18:09.329"
"12909","통일로90길","일반도로","국지도로","소로","6m미만","2026-03-01 11:18:09.329"
"12910","통일로92가길","일반도로","국지도로","소로","6m미만","2026-03-01 11:18:09.329"
"12911","통일로92길","일반도로","국지도로","소로","6m미만","2026-03-01 11:18:09.334"
"12912","통일로92나길","일반도로","국지도로","소로","6m미만","2026-03-01 11:18:09.334"
"12913","통일로92다길","일반도로","국지도로","소로","6m미만","2026-03-01 11:18:09.334"
"12914","통일로94길","일반도로","국지도로","소로","6m미만","2026-03-01 11:18:09.334"
"12915","통일로9길","일반도로","국지도로","소로","6m미만","2026-03-01 11:18:09.334"
"12916","통일로9안길","일반도로","국지도로","소로","6m미만","2026-03-01 11:18:09.334"
"12917","퇴계로","일반도로","국지도로","소로","6m미만","2026-03-01 11:18:09.334"
"12918","퇴계로10길","일반도로","국지도로","소로","6m미만","2026-03-01 11:18:09.334"
"12919","퇴계로12가길","일반도로","국지도로","소로","6m미만","2026-03-01 11:18:09.334"
"12920","퇴계로12길","일반도로","국지도로","소로","6m미만","2026-03-01 11:18:09.334"
"12921","퇴계로14길","일반도로","국지도로","소로3류","폭6-8m","2026-03-01 11:18:09.339"
"12922","퇴계로16길","일반도로","국지도로","소로","6m미만","2026-03-01 11:18:09.339"
"12923","퇴계로18길","일반도로","국지도로","소로","6m미만","2026-03-01 11:18:09.339"
"12924","퇴계로20가길","일반도로","국지도로","소로","6m미만","2026-03-01 11:18:09.339"
"12925","퇴계로20길","일반도로","국지도로","소로","6m미만","2026-03-01 11:18:09.339"
"12926","퇴계로20나길","일반도로","국지도로","소로","6m미만","2026-03-01 11:18:09.339"
"12927","퇴계로22길","일반도로","국지도로","소로1류","폭10-12m","2026-03-01 11:18:09.339"
"12928","퇴계로24길","일반도로","국지도로","소로","6m미만","2026-03-01 11:18:09.339"
"12929","퇴계로26길","일반도로","국지도로","소로3류","폭6-8m","2026-03-01 11:18:09.339"
"12930","퇴계로27길","일반도로","국지도로","소로","6m미만","2026-03-01 11:18:09.339"
"12931","퇴계로28길","일반도로","국지도로","소로","6m미만","2026-03-01 11:18:09.344"
"12932","퇴계로2길","일반도로","국지도로","소로","6m미만","2026-03-01 11:18:09.344"
"12933","퇴계로30길","일반도로","국지도로","소로","6m미만","2026-03-01 11:18:09.344"
"12934","퇴계로31길","일반도로","국지도로","소로3류","폭6-8m","2026-03-01 11:18:09.344"
"12935","퇴계로32길","일반도로","국지도로","소로","6m미만","2026-03-01 11:18:09.344"
"12936","퇴계로34길","일반도로","국지도로","소로3류","폭6-8m","2026-03-01 11:18:09.344"
"12937","퇴계로36가길","일반도로","국지도로","소로","6m미만","2026-03-01 11:18:09.344"
"12938","퇴계로36길","일반도로","국지도로","소로","6m미만","2026-03-01 11:18:09.344"
"12939","퇴계로36나길","일반도로","국지도로","소로","6m미만","2026-03-01 11:18:09.344"
"12940","퇴계로37길","일반도로","국지도로","소로","6m미만","2026-03-01 11:18:09.344"
"12941","퇴계로39길","일반도로","국지도로","소로","6m미만","2026-03-01 11:18:09.349"
"12942","퇴계로41가길","일반도로","국지도로","소로","6m미만","2026-03-01 11:18:09.349"
"12943","퇴계로41길","일반도로","국지도로","소로2류","폭8-10m","2026-03-01 11:18:09.349"
"12944","퇴계로42길","일반도로","국지도로","소로","6m미만","2026-03-01 11:18:09.349"
"12945","퇴계로44길","일반도로","국지도로","소로","6m미만","2026-03-01 11:18:09.349"
"12946","퇴계로45길","일반도로","국지도로","소로","6m미만","2026-03-01 11:18:09.349"
"12947","퇴계로46길","일반도로","국지도로","소로","6m미만","2026-03-01 11:18:09.349"
"12948","퇴계로48길","일반도로","국지도로","소로","6m미만","2026-03-01 11:18:09.349"
"12949","퇴계로49길","일반도로","국지도로","소로2류","폭8-10m","2026-03-01 11:18:09.349"
"12950","퇴계로4길","일반도로","국지도로","소로","6m미만","2026-03-01 11:18:09.349"
"12951","퇴계로50가길","일반도로","국지도로","소로","6m미만","2026-03-01 11:18:09.353"
"12952","퇴계로50길","일반도로","국지도로","소로","6m미만","2026-03-01 11:18:09.353"
"12953","퇴계로51길","일반도로","국지도로","소로3류","폭6-8m","2026-03-01 11:18:09.353"
"12954","퇴계로52길","일반도로","국지도로","소로","6m미만","2026-03-01 11:18:09.353"
"12955","퇴계로53길","일반도로","국지도로","소로","6m미만","2026-03-01 11:18:09.353"
"12956","퇴계로54길","일반도로","국지도로","소로","6m미만","2026-03-01 11:18:09.353"
"12957","퇴계로56가길","일반도로","국지도로","소로","6m미만","2026-03-01 11:18:09.353"
"12958","퇴계로56길","일반도로","국지도로","소로","6m미만","2026-03-01 11:18:09.353"
"12959","퇴계로58길","일반도로","국지도로","소로","6m미만","2026-03-01 11:18:09.353"
"12960","퇴계로60길","일반도로","국지도로","소로","6m미만","2026-03-01 11:18:09.353"
"12961","퇴계로62길","일반도로","국지도로","소로","6m미만","2026-03-01 11:18:09.358"
"12962","퇴계로63길","일반도로","국지도로","소로","6m미만","2026-03-01 11:18:09.358"
"12963","퇴계로64길","일반도로","국지도로","소로","6m미만","2026-03-01 11:18:09.358"
"12964","퇴계로66길","일반도로","국지도로","소로","6m미만","2026-03-01 11:18:09.358"
"12965","퇴계로67길","일반도로","국지도로","소로","6m미만","2026-03-01 11:18:09.358"
"12966","퇴계로68길","일반도로","국지도로","소로","6m미만","2026-03-01 11:18:09.358"
"12967","퇴계로6가길","일반도로","국지도로","소로","6m미만","2026-03-01 11:18:09.358"
"12968","퇴계로6길","일반도로","국지도로","소로3류","폭6-8m","2026-03-01 11:18:09.358"
"12969","퇴계로70길","일반도로","국지도로","소로","6m미만","2026-03-01 11:18:09.358"
"12970","퇴계로71길","일반도로","국지도로","소로3류","폭6-8m","2026-03-01 11:18:09.358"
"12971","퇴계로73가길","일반도로","국지도로","소로","6m미만","2026-03-01 11:18:09.363"
"12972","퇴계로73길","일반도로","국지도로","소로","6m미만","2026-03-01 11:18:09.363"
"12973","퇴계로74길","일반도로","국지도로","소로","6m미만","2026-03-01 11:18:09.363"
"12974","퇴계로75길","일반도로","국지도로","소로1류","폭10-12m","2026-03-01 11:18:09.363"
"12975","퇴계로76길","일반도로","국지도로","소로2류","폭8-10m","2026-03-01 11:18:09.363"
"12976","퇴계로78길","일반도로","국지도로","소로3류","폭6-8m","2026-03-01 11:18:09.363"
"12977","퇴계로80길","일반도로","국지도로","소로","6m미만","2026-03-01 11:18:09.363"
"12978","퇴계로81가길","일반도로","국지도로","소로","6m미만","2026-03-01 11:18:09.363"
"12979","퇴계로81길","일반도로","국지도로","소로3류","폭6-8m","2026-03-01 11:18:09.363"
"12980","퇴계로83길","일반도로","국지도로","소로","6m미만","2026-03-01 11:18:09.363"
"12981","퇴계로84길","일반도로","국지도로","소로","6m미만","2026-03-01 11:18:09.368"
"12982","퇴계로85길","일반도로","국지도로","소로2류","폭8-10m","2026-03-01 11:18:09.368"
"12983","퇴계로86가길","일반도로","국지도로","소로","6m미만","2026-03-01 11:18:09.368"
"12984","퇴계로86길","일반도로","국지도로","소로","6m미만","2026-03-01 11:18:09.368"
"12985","퇴계로87길","일반도로","국지도로","소로","6m미만","2026-03-01 11:18:09.368"
"12986","퇴계로88가길","일반도로","국지도로","소로","6m미만","2026-03-01 11:18:09.368"
"12987","퇴계로88길","일반도로","국지도로","소로","6m미만","2026-03-01 11:18:09.368"
"12988","퇴계로88나길","일반도로","국지도로","소로","6m미만","2026-03-01 11:18:09.368"
"12989","퇴계로88다길","일반도로","국지도로","소로","6m미만","2026-03-01 11:18:09.368"
"12990","퇴계로8길","일반도로","국지도로","소로","6m미만","2026-03-01 11:18:09.368"
"12991","퇴계로90길","일반도로","국지도로","소로","6m미만","2026-03-01 11:18:09.372"
"12992","팔판~효자선","일반도로","보조간선도로","중로1류","폭20-25m","2026-03-01 11:18:09.373"
"12993","팔판길","일반도로","국지도로","소로","6m미만","2026-03-01 11:18:09.373"
"12994","평창10길","일반도로","국지도로","소로","6m미만","2026-03-01 11:18:09.373"
"12995","평창11길","일반도로","국지도로","소로","6m미만","2026-03-01 11:18:09.373"
"12996","평창12길","일반도로","국지도로","소로","6m미만","2026-03-01 11:18:09.373"
"12997","평창13길","일반도로","국지도로","소로","6m미만","2026-03-01 11:18:09.373"
"12998","평창14길","일반도로","국지도로","소로","6m미만","2026-03-01 11:18:09.373"
"12999","평창15길","일반도로","국지도로","소로","6m미만","2026-03-01 11:18:09.373"
"13000","평창16길","일반도로","국지도로","소로","6m미만","2026-03-01 11:18:09.373"
"13001","평창17길","일반도로","국지도로","소로3류","폭6-8m","2026-03-01 11:18:09.377"
"13002","평창1길","일반도로","국지도로","소로","6m미만","2026-03-01 11:18:09.377"
"13003","평창20길","일반도로","국지도로","소로2류","폭8-10m","2026-03-01 11:18:09.377"
"13004","평창21길","일반도로","국지도로","소로3류","폭6-8m","2026-03-01 11:18:09.377"
"13005","평창22길","일반도로","국지도로","소로","6m미만","2026-03-01 11:18:09.377"
"13006","평창23길","일반도로","국지도로","소로","6m미만","2026-03-01 11:18:09.377"
"13007","평창24길","일반도로","국지도로","소로3류","폭6-8m","2026-03-01 11:18:09.377"
"13008","평창25길","일반도로","국지도로","소로","6m미만","2026-03-01 11:18:09.377"
"13009","평창26길","일반도로","국지도로","소로3류","폭6-8m","2026-03-01 11:18:09.377"
"13010","평창2길","일반도로","국지도로","소로","6m미만","2026-03-01 11:18:09.377"
"13011","평창30길","일반도로","국지도로","소로3류","폭6-8m","2026-03-01 11:18:09.382"
"13012","평창31길","일반도로","국지도로","소로","6m미만","2026-03-01 11:18:09.382"
"13013","평창32길","일반도로","국지도로","소로3류","폭6-8m","2026-03-01 11:18:09.382"
"13014","평창33길","일반도로","국지도로","소로","6m미만","2026-03-01 11:18:09.382"
"13015","평창34길","일반도로","국지도로","소로3류","폭6-8m","2026-03-01 11:18:09.382"
"13016","평창35길","일반도로","국지도로","소로3류","폭6-8m","2026-03-01 11:18:09.382"
"13017","평창36길","일반도로","국지도로","소로","6m미만","2026-03-01 11:18:09.382"
"13018","평창3길","일반도로","국지도로","소로","6m미만","2026-03-01 11:18:09.382"
"13019","평창40길","일반도로","국지도로","소로","6m미만","2026-03-01 11:18:09.382"
"13020","평창42길","일반도로","국지도로","소로","6m미만","2026-03-01 11:18:09.382"
"13021","평창44길","일반도로","국지도로","소로","6m미만","2026-03-01 11:18:09.387"
"13022","평창4길","일반도로","국지도로","소로","6m미만","2026-03-01 11:18:09.387"
"13023","평창5길","일반도로","국지도로","소로","6m미만","2026-03-01 11:18:09.387"
"13024","평창6길","일반도로","국지도로","소로","6m미만","2026-03-01 11:18:09.387"
"13025","평창7길","일반도로","국지도로","소로","6m미만","2026-03-01 11:18:09.387"
"13026","평창8길","일반도로","국지도로","소로","6m미만","2026-03-01 11:18:09.387"
"13027","평창길","일반도로","국지도로","소로","6m미만","2026-03-01 11:18:09.387"
"13028","평창문화로","일반도로","국지도로","소로","6m미만","2026-03-01 11:18:09.387"
"13029","포방터10길","일반도로","국지도로","소로1류","폭10-12m","2026-03-01 11:18:09.387"
"13030","포방터2가길","일반도로","국지도로","소로","6m미만","2026-03-01 11:18:09.387"
"13031","포방터2길","일반도로","국지도로","소로","6m미만","2026-03-01 11:18:09.392"
"13032","포방터2나길","일반도로","국지도로","소로","6m미만","2026-03-01 11:18:09.392"
"13033","포방터2다길","일반도로","국지도로","소로","6m미만","2026-03-01 11:18:09.392"
"13034","포방터2라길","일반도로","국지도로","소로","6m미만","2026-03-01 11:18:09.392"
"13035","포방터4길","일반도로","국지도로","소로","6m미만","2026-03-01 11:18:09.392"
"13036","포방터4안길","일반도로","국지도로","소로","6m미만","2026-03-01 11:18:09.392"
"13037","포방터6길","일반도로","국지도로","소로","6m미만","2026-03-01 11:18:09.392"
"13038","포방터8길","일반도로","국지도로","소로2류","폭8-10m","2026-03-01 11:18:09.392"
"13039","포방터길","일반도로","국지도로","소로","6m미만","2026-03-01 11:18:09.392"
"13040","포은로","일반도로","국지도로","소로3류","폭6-8m","2026-03-01 11:18:09.392"
"13041","포은로2가길","일반도로","국지도로","소로","6m미만","2026-03-01 11:18:09.397"
"13042","포은로2길","일반도로","국지도로","소로","6m미만","2026-03-01 11:18:09.397"
"13043","포은로2나길","일반도로","국지도로","소로","6m미만","2026-03-01 11:18:09.397"
"13044","포은로5길","일반도로","국지도로","소로","6m미만","2026-03-01 11:18:09.397"
"13045","포은로6길","일반도로","국지도로","소로","6m미만","2026-03-01 11:18:09.397"
"13046","포은로8길","일반도로","국지도로","소로","6m미만","2026-03-01 11:18:09.397"
"13047","풍산로","일반도로","국지도로","중로1류","폭20-25m","2026-03-01 11:18:09.397"
"13048","풍성로","일반도로","국지도로","소로3류","폭6-8m","2026-03-01 11:18:09.397"
"13049","풍성로10길","일반도로","국지도로","소로","6m미만","2026-03-01 11:18:09.397"
"13050","풍성로12길","일반도로","국지도로","소로","6m미만","2026-03-01 11:18:09.397"
"13051","풍성로14길","일반도로","국지도로","소로","6m미만","2026-03-01 11:18:09.402"
"13052","풍성로15길","일반도로","국지도로","소로","6m미만","2026-03-01 11:18:09.402"
"13053","풍성로16길","일반도로","국지도로","소로","6m미만","2026-03-01 11:18:09.402"
"13054","풍성로18길","일반도로","국지도로","소로","6m미만","2026-03-01 11:18:09.402"
"13055","풍성로20길","일반도로","국지도로","소로","6m미만","2026-03-01 11:18:09.402"
"13056","풍성로21길","일반도로","국지도로","소로","6m미만","2026-03-01 11:18:09.402"
"13057","풍성로22길","일반도로","국지도로","소로3류","폭6-8m","2026-03-01 11:18:09.402"
"13058","풍성로23길","일반도로","국지도로","소로","6m미만","2026-03-01 11:18:09.402"
"13059","풍성로24길","일반도로","국지도로","소로","6m미만","2026-03-01 11:18:09.402"
"13060","풍성로25가길","일반도로","국지도로","소로","6m미만","2026-03-01 11:18:09.402"
"13061","풍성로25길","일반도로","국지도로","소로2류","폭8-10m","2026-03-01 11:18:09.406"
"13062","풍성로25나길","일반도로","국지도로","소로","6m미만","2026-03-01 11:18:09.406"
"13063","풍성로25다길","일반도로","국지도로","소로","6m미만","2026-03-01 11:18:09.406"
"13064","풍성로26길","일반도로","국지도로","소로2류","폭8-10m","2026-03-01 11:18:09.407"
"13065","풍성로27길","일반도로","국지도로","소로","6m미만","2026-03-01 11:18:09.407"
"13066","풍성로29길","일반도로","국지도로","소로","6m미만","2026-03-01 11:18:09.407"
"13067","풍성로2길","일반도로","국지도로","소로","6m미만","2026-03-01 11:18:09.407"
"13068","풍성로31길","일반도로","국지도로","소로","6m미만","2026-03-01 11:18:09.407"
"13069","풍성로35길","일반도로","국지도로","소로","6m미만","2026-03-01 11:18:09.407"
"13070","풍성로37가길","일반도로","국지도로","소로","6m미만","2026-03-01 11:18:09.407"
"13071","풍성로37길","일반도로","국지도로","소로","6m미만","2026-03-01 11:18:09.412"
"13072","풍성로38길","일반도로","국지도로","소로1류","폭10-12m","2026-03-01 11:18:09.412"
"13073","풍성로39길","일반도로","국지도로","소로","6m미만","2026-03-01 11:18:09.412"
"13074","풍성로41길","일반도로","국지도로","소로","6m미만","2026-03-01 11:18:09.412"
"13075","풍성로42길","일반도로","국지도로","소로3류","폭6-8m","2026-03-01 11:18:09.412"
"13076","풍성로45길","일반도로","국지도로","소로2류","폭8-10m","2026-03-01 11:18:09.412"
"13077","풍성로4길","일반도로","국지도로","소로","6m미만","2026-03-01 11:18:09.412"
"13078","풍성로51길","일반도로","국지도로","소로2류","폭8-10m","2026-03-01 11:18:09.412"
"13079","풍성로52길","일반도로","국지도로","소로3류","폭6-8m","2026-03-01 11:18:09.412"
"13080","풍성로53길","일반도로","국지도로","소로3류","폭6-8m","2026-03-01 11:18:09.412"
"13081","풍성로54길","일반도로","국지도로","소로3류","폭6-8m","2026-03-01 11:18:09.416"
"13082","풍성로55길","일반도로","국지도로","소로","6m미만","2026-03-01 11:18:09.416"
"13083","풍성로56길","일반도로","국지도로","소로","6m미만","2026-03-01 11:18:09.416"
"13084","풍성로57길","일반도로","국지도로","소로3류","폭6-8m","2026-03-01 11:18:09.416"
"13085","풍성로58길","일반도로","국지도로","소로3류","폭6-8m","2026-03-01 11:18:09.416"
"13086","풍성로5길","일반도로","국지도로","소로3류","폭6-8m","2026-03-01 11:18:09.416"
"13087","풍성로61길","일반도로","국지도로","소로3류","폭6-8m","2026-03-01 11:18:09.416"
"13088","풍성로63길","일반도로","국지도로","소로","6m미만","2026-03-01 11:18:09.416"
"13089","풍성로65길","일반도로","국지도로","소로","6m미만","2026-03-01 11:18:09.416"
"13090","풍성로67길","일반도로","국지도로","소로3류","폭6-8m","2026-03-01 11:18:09.416"
"13091","풍성로6가길","일반도로","국지도로","소로3류","폭6-8m","2026-03-01 11:18:09.421"
"13092","풍성로6길","일반도로","국지도로","소로","6m미만","2026-03-01 11:18:09.421"
"13093","풍성로73길","일반도로","국지도로","소로3류","폭6-8m","2026-03-01 11:18:09.421"
"13094","풍성로7길","일반도로","국지도로","소로","6m미만","2026-03-01 11:18:09.421"
"13095","풍성로8길","일반도로","국지도로","소로","6m미만","2026-03-01 11:18:09.421"
"13096","피마길","일반도로","국지도로","소로","6m미만","2026-03-01 11:18:09.421"
"13097","필동~도봉선","일반도로","주간선도로","대로2류","폭30-35m","2026-03-01 11:18:09.421"
"13098","필동~와룡선","일반도로","보조간선도로","중로1류","폭20-25m","2026-03-01 11:18:09.421"
"13099","필동로","일반도로","국지도로","소로","6m미만","2026-03-01 11:18:09.421"
"13100","필동로1길","일반도로","국지도로","소로","6m미만","2026-03-01 11:18:09.421"
"13101","필동로3길","일반도로","국지도로","소로","6m미만","2026-03-01 11:18:09.426"
"13102","필동로5길","일반도로","국지도로","소로","6m미만","2026-03-01 11:18:09.426"
"13103","필동로6길","일반도로","국지도로","소로","6m미만","2026-03-01 11:18:09.426"
"13104","필동로8가길","일반도로","국지도로","소로","6m미만","2026-03-01 11:18:09.426"
"13105","필동로8길","일반도로","국지도로","소로","6m미만","2026-03-01 11:18:09.426"
"13106","필운대로","일반도로","국지도로","소로","6m미만","2026-03-01 11:18:09.426"
"13107","필운대로10길","일반도로","국지도로","소로","6m미만","2026-03-01 11:18:09.426"
"13108","필운대로11길","일반도로","국지도로","소로","6m미만","2026-03-01 11:18:09.426"
"13109","필운대로13길","일반도로","국지도로","소로","6m미만","2026-03-01 11:18:09.426"
"13110","필운대로1길","일반도로","국지도로","소로","6m미만","2026-03-01 11:18:09.426"
"13111","필운대로2길","일반도로","국지도로","소로","6m미만","2026-03-01 11:18:09.431"
"13112","필운대로3길","일반도로","국지도로","소로","6m미만","2026-03-01 11:18:09.431"
"13113","필운대로5가길","일반도로","국지도로","소로","6m미만","2026-03-01 11:18:09.431"
"13114","필운대로5길","일반도로","국지도로","소로","6m미만","2026-03-01 11:18:09.431"
"13115","필운대로5나길","일반도로","국지도로","소로","6m미만","2026-03-01 11:18:09.431"
"13116","필운대로5다길","일반도로","국지도로","소로","6m미만","2026-03-01 11:18:09.431"
"13117","필운대로6길","일반도로","국지도로","소로","6m미만","2026-03-01 11:18:09.431"
"13118","필운대로7길","일반도로","국지도로","소로","6m미만","2026-03-01 11:18:09.431"
"13119","필운대로9가길","일반도로","국지도로","소로","6m미만","2026-03-01 11:18:09.431"
"13120","필운대로9길","일반도로","국지도로","소로3류","폭6-8m","2026-03-01 11:18:09.431"
"13121","필운대로9나길","일반도로","국지도로","소로","6m미만","2026-03-01 11:18:09.436"
"13122","하늘공원로","일반도로","국지도로","중로1류","폭20-25m","2026-03-01 11:18:09.436"
"13123","하늘길","일반도로","국지도로","대로3류","폭25-30m","2026-03-01 11:18:09.436"
"13124","하수~마포선","일반도로","보조간선도로","중로2류","폭15-20m","2026-03-01 11:18:09.436"
"13125","하정로","일반도로","국지도로","소로2류","폭8-10m","2026-03-01 11:18:09.436"
"13126","하정로2가길","일반도로","국지도로","소로","6m미만","2026-03-01 11:18:09.436"
"13127","하정로2길","일반도로","국지도로","소로","6m미만","2026-03-01 11:18:09.436"
"13128","하정로3길","일반도로","국지도로","소로","6m미만","2026-03-01 11:18:09.436"
"13129","하정로4길","일반도로","국지도로","소로","6m미만","2026-03-01 11:18:09.436"
"13130","하정로5길","일반도로","국지도로","소로","6m미만","2026-03-01 11:18:09.436"
"13131","하정로6길","일반도로","국지도로","소로","6m미만","2026-03-01 11:18:09.441"
"13132","학동로","일반도로","국지도로","소로","6m미만","2026-03-01 11:18:09.441"
"13133","학동로101길","일반도로","국지도로","소로1류","폭10-12m","2026-03-01 11:18:09.441"
"13134","학동로11길","일반도로","국지도로","소로3류","폭6-8m","2026-03-01 11:18:09.441"
"13135","학동로12길","일반도로","국지도로","소로","6m미만","2026-03-01 11:18:09.441"
"13136","학동로14길","일반도로","국지도로","소로","6m미만","2026-03-01 11:18:09.441"
"13137","학동로17길","일반도로","국지도로","소로","6m미만","2026-03-01 11:18:09.441"
"13138","학동로18길","일반도로","국지도로","소로","6m미만","2026-03-01 11:18:09.441"
"13139","학동로19길","일반도로","국지도로","소로","6m미만","2026-03-01 11:18:09.441"
"13140","학동로1길","일반도로","국지도로","소로","6m미만","2026-03-01 11:18:09.441"
"13141","학동로20길","일반도로","국지도로","소로3류","폭6-8m","2026-03-01 11:18:09.446"
"13142","학동로21길","일반도로","국지도로","소로","6m미만","2026-03-01 11:18:09.446"
"13143","학동로23길","일반도로","국지도로","소로3류","폭6-8m","2026-03-01 11:18:09.446"
"13144","학동로24길","일반도로","국지도로","소로3류","폭6-8m","2026-03-01 11:18:09.447"
"13145","학동로25길","일반도로","국지도로","소로","6m미만","2026-03-01 11:18:09.447"
"13146","학동로26길","일반도로","국지도로","소로","6m미만","2026-03-01 11:18:09.447"
"13147","학동로28길","일반도로","국지도로","소로","6m미만","2026-03-01 11:18:09.447"
"13148","학동로29길","일반도로","국지도로","소로3류","폭6-8m","2026-03-01 11:18:09.447"
"13149","학동로2길","일반도로","국지도로","소로3류","폭6-8m","2026-03-01 11:18:09.447"
"13150","학동로30길","일반도로","국지도로","소로","6m미만","2026-03-01 11:18:09.447"
"13151","학동로31길","일반도로","국지도로","소로","6m미만","2026-03-01 11:18:09.451"
"13152","학동로33길","일반도로","국지도로","소로2류","폭8-10m","2026-03-01 11:18:09.451"
"13153","학동로34길","일반도로","국지도로","소로3류","폭6-8m","2026-03-01 11:18:09.451"
"13154","학동로37길","일반도로","국지도로","소로3류","폭6-8m","2026-03-01 11:18:09.451"
"13155","학동로38길","일반도로","국지도로","소로3류","폭6-8m","2026-03-01 11:18:09.451"
"13156","학동로3길","일반도로","국지도로","소로","6m미만","2026-03-01 11:18:09.451"
"13157","학동로41길","일반도로","국지도로","소로","6m미만","2026-03-01 11:18:09.451"
"13158","학동로42길","일반도로","국지도로","소로","6m미만","2026-03-01 11:18:09.451"
"13159","학동로43길","일반도로","국지도로","소로3류","폭6-8m","2026-03-01 11:18:09.451"
"13160","학동로44길","일반도로","국지도로","소로","6m미만","2026-03-01 11:18:09.451"
"13161","학동로45길","일반도로","국지도로","소로3류","폭6-8m","2026-03-01 11:18:09.456"
"13162","학동로46길","일반도로","국지도로","소로3류","폭6-8m","2026-03-01 11:18:09.456"
"13163","학동로47길","일반도로","국지도로","소로","6m미만","2026-03-01 11:18:09.456"
"13164","학동로48길","일반도로","국지도로","소로","6m미만","2026-03-01 11:18:09.456"
"13165","학동로4길","일반도로","국지도로","소로3류","폭6-8m","2026-03-01 11:18:09.456"
"13166","학동로50길","일반도로","국지도로","소로3류","폭6-8m","2026-03-01 11:18:09.456"
"13167","학동로53길","일반도로","국지도로","소로","6m미만","2026-03-01 11:18:09.456"
"13168","학동로55길","일반도로","국지도로","소로","6m미만","2026-03-01 11:18:09.456"
"13169","학동로56길","일반도로","국지도로","소로2류","폭8-10m","2026-03-01 11:18:09.456"
"13170","학동로59길","일반도로","국지도로","소로","6m미만","2026-03-01 11:18:09.456"
"13171","학동로5길","일반도로","국지도로","소로","6m미만","2026-03-01 11:18:09.461"
"13172","학동로60길","일반도로","국지도로","중로2류","폭15-20m","2026-03-01 11:18:09.461"
"13173","학동로63길","일반도로","국지도로","소로3류","폭6-8m","2026-03-01 11:18:09.461"
"13174","학동로64길","일반도로","국지도로","소로2류","폭8-10m","2026-03-01 11:18:09.461"
"13175","학동로67길","일반도로","국지도로","소로3류","폭6-8m","2026-03-01 11:18:09.461"
"13176","학동로68길","일반도로","국지도로","중로1류","폭20-25m","2026-03-01 11:18:09.461"
"13177","학동로6길","일반도로","국지도로","소로2류","폭8-10m","2026-03-01 11:18:09.461"
"13178","학동로73길","일반도로","국지도로","소로2류","폭8-10m","2026-03-01 11:18:09.461"
"13179","학동로77길","일반도로","국지도로","소로3류","폭6-8m","2026-03-01 11:18:09.461"
"13180","학동로7길","일반도로","국지도로","소로","6m미만","2026-03-01 11:18:09.461"
"13181","학동로81길","일반도로","국지도로","소로","6m미만","2026-03-01 11:18:09.466"
"13182","학동로82길","일반도로","국지도로","소로","6m미만","2026-03-01 11:18:09.466"
"13183","학동로87길","일반도로","국지도로","소로2류","폭8-10m","2026-03-01 11:18:09.466"
"13184","학동로88길","일반도로","국지도로","소로2류","폭8-10m","2026-03-01 11:18:09.466"
"13185","학동로8길","일반도로","국지도로","소로","6m미만","2026-03-01 11:18:09.466"
"13186","학동로95길","일반도로","국지도로","소로3류","폭6-8m","2026-03-01 11:18:09.466"
"13187","학동로96길","일반도로","국지도로","소로3류","폭6-8m","2026-03-01 11:18:09.466"
"13188","학동로97길","일반도로","국지도로","소로3류","폭6-8m","2026-03-01 11:18:09.466"
"13189","학동로98길","일반도로","국지도로","소로","6m미만","2026-03-01 11:18:09.466"
"13190","학동로9길","일반도로","국지도로","소로","6m미만","2026-03-01 11:18:09.466"
"13191","한가람로","일반도로","국지도로","중로1류","폭20-25m","2026-03-01 11:18:09.471"
"13192","한가람로10길","일반도로","국지도로","소로","6m미만","2026-03-01 11:18:09.471"
"13193","한가람로12길","일반도로","국지도로","소로","6m미만","2026-03-01 11:18:09.471"
"13194","한가람로14길","일반도로","국지도로","소로2류","폭8-10m","2026-03-01 11:18:09.471"
"13195","한가람로16길","일반도로","국지도로","소로3류","폭6-8m","2026-03-01 11:18:09.471"
"13196","한가람로18길","일반도로","국지도로","소로","6m미만","2026-03-01 11:18:09.471"
"13197","한가람로20길","일반도로","국지도로","소로","6m미만","2026-03-01 11:18:09.471"
"13198","한강대로","일반도로","국지도로","소로3류","폭6-8m","2026-03-01 11:18:09.471"
"13199","한강대로100길","일반도로","국지도로","소로","6m미만","2026-03-01 11:18:09.471"
"13200","한강대로102가길","일반도로","국지도로","소로","6m미만","2026-03-01 11:18:09.471"
"13201","한강대로102길","일반도로","국지도로","소로","6m미만","2026-03-01 11:18:09.476"
"13202","한강대로102나길","일반도로","국지도로","소로","6m미만","2026-03-01 11:18:09.476"
"13203","한강대로102다길","일반도로","국지도로","소로","6m미만","2026-03-01 11:18:09.476"
"13204","한강대로104가길","일반도로","국지도로","소로","6m미만","2026-03-01 11:18:09.476"
"13205","한강대로104길","일반도로","국지도로","소로3류","폭6-8m","2026-03-01 11:18:09.476"
"13206","한강대로104나길","일반도로","국지도로","소로","6m미만","2026-03-01 11:18:09.476"
"13207","한강대로104다길","일반도로","국지도로","소로","6m미만","2026-03-01 11:18:09.476"
"13208","한강대로104라길","일반도로","국지도로","소로","6m미만","2026-03-01 11:18:09.476"
"13209","한강대로104마길","일반도로","국지도로","소로","6m미만","2026-03-01 11:18:09.476"
"13210","한강대로10길","일반도로","국지도로","소로3류","폭6-8m","2026-03-01 11:18:09.476"
"13211","한강대로11길","일반도로","국지도로","소로3류","폭6-8m","2026-03-01 11:18:09.481"
"13212","한강대로14가길","일반도로","국지도로","소로","6m미만","2026-03-01 11:18:09.482"
"13213","한강대로14길","일반도로","국지도로","소로","6m미만","2026-03-01 11:18:09.482"
"13214","한강대로14나길","일반도로","국지도로","소로","6m미만","2026-03-01 11:18:09.482"
"13215","한강대로14다길","일반도로","국지도로","소로","6m미만","2026-03-01 11:18:09.482"
"13216","한강대로15길","일반도로","국지도로","소로","6m미만","2026-03-01 11:18:09.482"
"13217","한강대로17길","일반도로","국지도로","소로","6m미만","2026-03-01 11:18:09.482"
"13218","한강대로21가길","일반도로","국지도로","소로1류","폭10-12m","2026-03-01 11:18:09.482"
"13219","한강대로21길","일반도로","국지도로","소로2류","폭8-10m","2026-03-01 11:18:09.482"
"13220","한강대로21나길","일반도로","국지도로","소로","6m미만","2026-03-01 11:18:09.482"
"13221","한강대로23길","일반도로","국지도로","소로2류","폭8-10m","2026-03-01 11:18:09.487"
"13222","한강대로29길","일반도로","국지도로","소로1류","폭10-12m","2026-03-01 11:18:09.487"
"13223","한강대로30길","일반도로","국지도로","중로1류","폭20-25m","2026-03-01 11:18:09.487"
"13224","한강대로38가길","일반도로","국지도로","소로","6m미만","2026-03-01 11:18:09.487"
"13225","한강대로38길","일반도로","국지도로","소로","6m미만","2026-03-01 11:18:09.487"
"13226","한강대로38나길","일반도로","국지도로","중로1류","폭20-25m","2026-03-01 11:18:09.487"
"13227","한강대로39길","일반도로","국지도로","소로","6m미만","2026-03-01 11:18:09.487"
"13228","한강대로40가길","일반도로","국지도로","소로3류","폭6-8m","2026-03-01 11:18:09.487"
"13229","한강대로40길","일반도로","국지도로","소로","6m미만","2026-03-01 11:18:09.487"
"13230","한강대로42길","일반도로","국지도로","소로3류","폭6-8m","2026-03-01 11:18:09.487"
"13231","한강대로43길","일반도로","국지도로","소로3류","폭6-8m","2026-03-01 11:18:09.492"
"13232","한강대로44길","일반도로","국지도로","소로2류","폭8-10m","2026-03-01 11:18:09.492"
"13233","한강대로46길","일반도로","국지도로","소로","6m미만","2026-03-01 11:18:09.492"
"13234","한강대로48길","일반도로","국지도로","소로","6m미만","2026-03-01 11:18:09.492"
"13235","한강대로49길","일반도로","국지도로","소로3류","폭6-8m","2026-03-01 11:18:09.492"
"13236","한강대로50길","일반도로","국지도로","소로","6m미만","2026-03-01 11:18:09.492"
"13237","한강대로52길","일반도로","국지도로","소로3류","폭6-8m","2026-03-01 11:18:09.492"
"13238","한강대로53길","일반도로","국지도로","소로","6m미만","2026-03-01 11:18:09.492"
"13239","한강대로54길","일반도로","국지도로","소로2류","폭8-10m","2026-03-01 11:18:09.492"
"13240","한강대로57길","일반도로","국지도로","소로2류","폭8-10m","2026-03-01 11:18:09.492"
"13241","한강대로62가길","일반도로","국지도로","소로","6m미만","2026-03-01 11:18:09.497"
"13242","한강대로62길","일반도로","국지도로","소로","6m미만","2026-03-01 11:18:09.497"
"13243","한강대로62나길","일반도로","국지도로","소로","6m미만","2026-03-01 11:18:09.497"
"13244","한강대로62다길","일반도로","국지도로","소로3류","폭6-8m","2026-03-01 11:18:09.497"
"13245","한강대로67길","일반도로","국지도로","소로1류","폭10-12m","2026-03-01 11:18:09.497"
"13246","한강대로71길","일반도로","국지도로","소로3류","폭6-8m","2026-03-01 11:18:09.497"
"13247","한강대로72길","일반도로","국지도로","소로","6m미만","2026-03-01 11:18:09.497"
"13248","한강대로76길","일반도로","국지도로","소로","6m미만","2026-03-01 11:18:09.497"
"13249","한강대로77길","일반도로","국지도로","중로1류","폭20-25m","2026-03-01 11:18:09.497"
"13250","한강대로7길","일반도로","국지도로","소로","6m미만","2026-03-01 11:18:09.497"
"13251","한강대로80길","일반도로","국지도로","소로","6m미만","2026-03-01 11:18:09.502"
"13252","한강대로81길","일반도로","국지도로","소로","6m미만","2026-03-01 11:18:09.502"
"13253","한강대로84길","일반도로","국지도로","소로3류","폭6-8m","2026-03-01 11:18:09.502"
"13254","한강대로87길","일반도로","국지도로","소로3류","폭6-8m","2026-03-01 11:18:09.502"
"13255","한강대로88길","일반도로","국지도로","소로","6m미만","2026-03-01 11:18:09.502"
"13256","한강대로92길","일반도로","국지도로","소로","6m미만","2026-03-01 11:18:09.502"
"13257","한강대로94길","일반도로","국지도로","소로","6m미만","2026-03-01 11:18:09.502"
"13258","한강대로96가길","일반도로","국지도로","소로","6m미만","2026-03-01 11:18:09.502"
"13259","한강대로96길","일반도로","국지도로","소로","6m미만","2026-03-01 11:18:09.502"
"13260","한강대로98가길","일반도로","국지도로","소로","6m미만","2026-03-01 11:18:09.502"
"13261","한강대로98길","일반도로","국지도로","소로","6m미만","2026-03-01 11:18:09.507"
"13262","한강대로98나길","일반도로","국지도로","소로","6m미만","2026-03-01 11:18:09.507"
"13263","한강대로98다길","일반도로","국지도로","소로","6m미만","2026-03-01 11:18:09.507"
"13264","한글비석로","일반도로","국지도로","소로","6m미만","2026-03-01 11:18:09.507"
"13265","한글비석로12길","일반도로","국지도로","소로","6m미만","2026-03-01 11:18:09.507"
"13266","한글비석로14길","일반도로","국지도로","중로1류","폭20-25m","2026-03-01 11:18:09.507"
"13267","한글비석로15길","일반도로","국지도로","소로3류","폭6-8m","2026-03-01 11:18:09.507"
"13268","한글비석로19길","일반도로","국지도로","소로1류","폭10-12m","2026-03-01 11:18:09.507"
"13269","한글비석로1길","일반도로","국지도로","소로2류","폭8-10m","2026-03-01 11:18:09.507"
"13270","한글비석로20길","일반도로","국지도로","소로","6m미만","2026-03-01 11:18:09.507"
"13271","한글비석로21길","일반도로","국지도로","소로2류","폭8-10m","2026-03-01 11:18:09.512"
"13272","한글비석로22길","일반도로","국지도로","소로","6m미만","2026-03-01 11:18:09.512"
"13273","한글비석로23길","일반도로","국지도로","소로3류","폭6-8m","2026-03-01 11:18:09.512"
"13274","한글비석로24가길","일반도로","국지도로","소로","6m미만","2026-03-01 11:18:09.512"
"13275","한글비석로24길","일반도로","국지도로","소로","6m미만","2026-03-01 11:18:09.512"
"13276","한글비석로24나길","일반도로","국지도로","소로","6m미만","2026-03-01 11:18:09.512"
"13277","한글비석로24다길","일반도로","국지도로","소로","6m미만","2026-03-01 11:18:09.512"
"13278","한글비석로24라길","일반도로","국지도로","소로","6m미만","2026-03-01 11:18:09.512"
"13279","한글비석로24마길","일반도로","국지도로","소로","6m미만","2026-03-01 11:18:09.512"
"13280","한글비석로24바길","일반도로","국지도로","소로","6m미만","2026-03-01 11:18:09.512"
"13281","한글비석로24사길","일반도로","국지도로","소로","6m미만","2026-03-01 11:18:09.517"
"13282","한글비석로24아길","일반도로","국지도로","소로","6m미만","2026-03-01 11:18:09.517"
"13283","한글비석로24자길","일반도로","국지도로","소로","6m미만","2026-03-01 11:18:09.517"
"13284","한글비석로25길","일반도로","국지도로","소로","6m미만","2026-03-01 11:18:09.517"
"13285","한글비석로27길","일반도로","국지도로","소로","6m미만","2026-03-01 11:18:09.517"
"13286","한글비석로29길","일반도로","국지도로","소로","6m미만","2026-03-01 11:18:09.517"
"13287","한글비석로31가길","일반도로","국지도로","소로","6m미만","2026-03-01 11:18:09.517"
"13288","한글비석로31길","일반도로","국지도로","소로3류","폭6-8m","2026-03-01 11:18:09.517"
"13289","한글비석로33길","일반도로","국지도로","소로","6m미만","2026-03-01 11:18:09.517"
"13290","한글비석로35길","일반도로","국지도로","소로","6m미만","2026-03-01 11:18:09.517"
"13291","한글비석로36길","일반도로","국지도로","소로","6m미만","2026-03-01 11:18:09.522"
"13292","한글비석로37길","일반도로","국지도로","소로","6m미만","2026-03-01 11:18:09.522"
"13293","한글비석로39길","일반도로","국지도로","소로","6m미만","2026-03-01 11:18:09.522"
"13294","한글비석로41가길","일반도로","국지도로","소로3류","폭6-8m","2026-03-01 11:18:09.522"
"13295","한글비석로41길","일반도로","국지도로","소로3류","폭6-8m","2026-03-01 11:18:09.522"
"13296","한글비석로44가길","일반도로","국지도로","소로","6m미만","2026-03-01 11:18:09.522"
"13297","한글비석로44길","일반도로","국지도로","소로","6m미만","2026-03-01 11:18:09.522"
"13298","한글비석로46가길","일반도로","국지도로","소로","6m미만","2026-03-01 11:18:09.522"
"13299","한글비석로46길","일반도로","국지도로","소로","6m미만","2026-03-01 11:18:09.522"
"13300","한글비석로46나길","일반도로","국지도로","소로3류","폭6-8m","2026-03-01 11:18:09.522"
"13301","한글비석로47길","일반도로","국지도로","소로","6m미만","2026-03-01 11:18:09.527"
"13302","한글비석로48길","일반도로","국지도로","소로2류","폭8-10m","2026-03-01 11:18:09.528"
"13303","한글비석로49길","일반도로","국지도로","소로3류","폭6-8m","2026-03-01 11:18:09.528"
"13304","한글비석로50길","일반도로","국지도로","소로","6m미만","2026-03-01 11:18:09.528"
"13305","한글비석로52길","일반도로","국지도로","중로1류","폭20-25m","2026-03-01 11:18:09.528"
"13306","한글비석로54길","일반도로","국지도로","중로2류","폭15-20m","2026-03-01 11:18:09.528"
"13307","한글비석로5길","일반도로","국지도로","중로1류","폭20-25m","2026-03-01 11:18:09.528"
"13308","한글비석로8길","일반도로","국지도로","중로1류","폭20-25m","2026-03-01 11:18:09.528"
"13309","한남~광희선","일반도로","보조간선도로","중로1류","폭20-25m","2026-03-01 11:18:09.528"
"13310","한남~응봉선","일반도로","보조간선도로","대로3류","폭25-30m","2026-03-01 11:18:09.528"
"13311","한남~태평로선","일반도로","보조간선도로","중로1류","폭20-25m","2026-03-01 11:18:09.532"
"13312","한남대로","일반도로","국지도로","소로","6m미만","2026-03-01 11:18:09.532"
"13313","한남대로10길","일반도로","국지도로","소로","6m미만","2026-03-01 11:18:09.532"
"13314","한남대로11길","일반도로","국지도로","소로","6m미만","2026-03-01 11:18:09.532"
"13315","한남대로18길","일반도로","국지도로","소로3류","폭6-8m","2026-03-01 11:18:09.532"
"13316","한남대로20길","일반도로","국지도로","소로","6m미만","2026-03-01 11:18:09.532"
"13317","한남대로21길","일반도로","국지도로","소로","6m미만","2026-03-01 11:18:09.532"
"13318","한남대로27가길","일반도로","국지도로","소로","6m미만","2026-03-01 11:18:09.532"
"13319","한남대로27길","일반도로","국지도로","소로","6m미만","2026-03-01 11:18:09.532"
"13320","한남대로28가길","일반도로","국지도로","소로","6m미만","2026-03-01 11:18:09.532"
"13321","한남대로28길","일반도로","국지도로","소로2류","폭8-10m","2026-03-01 11:18:09.537"
"13322","한남대로28나길","일반도로","국지도로","소로","6m미만","2026-03-01 11:18:09.537"
"13323","한남대로36길","일반도로","국지도로","소로","6m미만","2026-03-01 11:18:09.537"
"13324","한남대로40길","일반도로","국지도로","소로","6m미만","2026-03-01 11:18:09.537"
"13325","한남대로42가길","일반도로","국지도로","소로","6m미만","2026-03-01 11:18:09.537"
"13326","한남대로42길","일반도로","국지도로","소로","6m미만","2026-03-01 11:18:09.537"
"13327","한남대로42나길","일반도로","국지도로","소로","6m미만","2026-03-01 11:18:09.537"
"13328","한남대로46길","일반도로","국지도로","소로","6m미만","2026-03-01 11:18:09.537"
"13329","한남대로8길","일반도로","국지도로","소로","6m미만","2026-03-01 11:18:09.537"
"13330","한내로","일반도로","국지도로","대로3류","폭25-30m","2026-03-01 11:18:09.537"
"13331","한림말1길","일반도로","국지도로","소로","6m미만","2026-03-01 11:18:09.542"
"13332","한림말3길","일반도로","국지도로","소로","6m미만","2026-03-01 11:18:09.542"
"13333","한림말5길","일반도로","국지도로","소로","6m미만","2026-03-01 11:18:09.542"
"13334","한림말길","일반도로","국지도로","소로3류","폭6-8m","2026-03-01 11:18:09.542"
"13335","한빛로","일반도로","국지도로","소로3류","폭6-8m","2026-03-01 11:18:09.542"
"13336","한빛로1길","일반도로","국지도로","소로3류","폭6-8m","2026-03-01 11:18:09.542"
"13337","한천로","일반도로","국지도로","소로","6m미만","2026-03-01 11:18:09.542"
"13338","한천로101가길","일반도로","국지도로","소로","6m미만","2026-03-01 11:18:09.542"
"13339","한천로101길","일반도로","국지도로","소로3류","폭6-8m","2026-03-01 11:18:09.542"
"13340","한천로105길","일반도로","국지도로","중로1류","폭20-25m","2026-03-01 11:18:09.542"
"13341","한천로109가길","일반도로","국지도로","소로2류","폭8-10m","2026-03-01 11:18:09.547"
"13342","한천로109길","일반도로","국지도로","소로","6m미만","2026-03-01 11:18:09.547"
"13343","한천로10길","일반도로","국지도로","소로3류","폭6-8m","2026-03-01 11:18:09.547"
"13344","한천로115길","일반도로","국지도로","중로1류","폭20-25m","2026-03-01 11:18:09.547"
"13345","한천로118길","일반도로","국지도로","소로","6m미만","2026-03-01 11:18:09.547"
"13346","한천로11가길","일반도로","국지도로","소로","6m미만","2026-03-01 11:18:09.547"
"13347","한천로11길","일반도로","국지도로","소로","6m미만","2026-03-01 11:18:09.547"
"13348","한천로11다길","일반도로","국지도로","소로2류","폭8-10m","2026-03-01 11:18:09.547"
"13349","한천로120길","일반도로","국지도로","소로","6m미만","2026-03-01 11:18:09.547"
"13350","한천로122길","일반도로","국지도로","소로","6m미만","2026-03-01 11:18:09.547"
"13351","한천로123가길","일반도로","국지도로","소로","6m미만","2026-03-01 11:18:09.552"
"13352","한천로123길","일반도로","국지도로","소로","6m미만","2026-03-01 11:18:09.552"
"13353","한천로124가길","일반도로","국지도로","소로","6m미만","2026-03-01 11:18:09.552"
"13354","한천로124길","일반도로","국지도로","소로","6m미만","2026-03-01 11:18:09.552"
"13355","한천로124나길","일반도로","국지도로","소로","6m미만","2026-03-01 11:18:09.552"
"13356","한천로124다길","일반도로","국지도로","소로","6m미만","2026-03-01 11:18:09.552"
"13357","한천로129길","일반도로","국지도로","소로","6m미만","2026-03-01 11:18:09.552"
"13358","한천로130가길","일반도로","국지도로","소로","6m미만","2026-03-01 11:18:09.552"
"13359","한천로130길","일반도로","국지도로","소로","6m미만","2026-03-01 11:18:09.552"
"13360","한천로130나길","일반도로","국지도로","소로","6m미만","2026-03-01 11:18:09.552"
"13361","한천로131길","일반도로","국지도로","소로","6m미만","2026-03-01 11:18:09.557"
"13362","한천로132길","일반도로","국지도로","소로","6m미만","2026-03-01 11:18:09.557"
"13363","한천로134길","일반도로","국지도로","소로","6m미만","2026-03-01 11:18:09.557"
"13364","한천로138길","일반도로","국지도로","소로","6m미만","2026-03-01 11:18:09.557"
"13365","한천로139가길","일반도로","국지도로","소로","6m미만","2026-03-01 11:18:09.557"
"13366","한천로139길","일반도로","국지도로","소로2류","폭8-10m","2026-03-01 11:18:09.557"
"13367","한천로139나길","일반도로","국지도로","소로","6m미만","2026-03-01 11:18:09.557"
"13368","한천로140가길","일반도로","국지도로","소로","6m미만","2026-03-01 11:18:09.557"
"13369","한천로140길","일반도로","국지도로","소로","6m미만","2026-03-01 11:18:09.557"
"13370","한천로143길","일반도로","국지도로","소로","6m미만","2026-03-01 11:18:09.557"
"13371","한천로144길","일반도로","국지도로","소로","6m미만","2026-03-01 11:18:09.562"
"13372","한천로145길","일반도로","국지도로","소로","6m미만","2026-03-01 11:18:09.562"
"13373","한천로148길","일반도로","국지도로","소로","6m미만","2026-03-01 11:18:09.562"
"13374","한천로14길","일반도로","국지도로","소로","6m미만","2026-03-01 11:18:09.562"
"13375","한천로150길","일반도로","국지도로","소로","6m미만","2026-03-01 11:18:09.562"
"13376","한천로153길","일반도로","국지도로","소로3류","폭6-8m","2026-03-01 11:18:09.562"
"13377","한천로155길","일반도로","국지도로","소로3류","폭6-8m","2026-03-01 11:18:09.562"
"13378","한천로159길","일반도로","국지도로","중로2류","폭15-20m","2026-03-01 11:18:09.562"
"13379","한천로15길","일반도로","국지도로","소로","6m미만","2026-03-01 11:18:09.562"
"13380","한천로160길","일반도로","국지도로","소로","6m미만","2026-03-01 11:18:09.562"
"13381","한천로161길","일반도로","국지도로","소로","6m미만","2026-03-01 11:18:09.567"
"13382","한천로162길","일반도로","국지도로","소로","6m미만","2026-03-01 11:18:09.567"
"13383","한천로166길","일반도로","국지도로","소로","6m미만","2026-03-01 11:18:09.567"
"13384","한천로170가길","일반도로","국지도로","소로","6m미만","2026-03-01 11:18:09.567"
"13385","한천로170길","일반도로","국지도로","소로","6m미만","2026-03-01 11:18:09.567"
"13386","한천로172가길","일반도로","국지도로","소로","6m미만","2026-03-01 11:18:09.567"
"13387","한천로172길","일반도로","국지도로","소로","6m미만","2026-03-01 11:18:09.567"
"13388","한천로17길","일반도로","국지도로","소로","6m미만","2026-03-01 11:18:09.567"
"13389","한천로18길","일반도로","국지도로","소로","6m미만","2026-03-01 11:18:09.567"
"13390","한천로20길","일반도로","국지도로","소로3류","폭6-8m","2026-03-01 11:18:09.568"
"13391","한천로22길","일반도로","국지도로","소로","6m미만","2026-03-01 11:18:09.573"
"13392","한천로24길","일반도로","국지도로","소로","6m미만","2026-03-01 11:18:09.573"
"13393","한천로26길","일반도로","국지도로","소로","6m미만","2026-03-01 11:18:09.573"
"13394","한천로28길","일반도로","국지도로","소로3류","폭6-8m","2026-03-01 11:18:09.573"
"13395","한천로2길","일반도로","국지도로","소로2류","폭8-10m","2026-03-01 11:18:09.573"
"13396","한천로30길","일반도로","국지도로","소로","6m미만","2026-03-01 11:18:09.573"
"13397","한천로32길","일반도로","국지도로","소로","6m미만","2026-03-01 11:18:09.573"
"13398","한천로33가길","일반도로","국지도로","소로","6m미만","2026-03-01 11:18:09.573"
"13399","한천로33길","일반도로","국지도로","소로","6m미만","2026-03-01 11:18:09.573"
"13400","한천로36길","일반도로","국지도로","소로3류","폭6-8m","2026-03-01 11:18:09.573"
"13401","한천로37길","일반도로","국지도로","소로3류","폭6-8m","2026-03-01 11:18:09.578"
"13402","한천로38가길","일반도로","국지도로","소로","6m미만","2026-03-01 11:18:09.578"
"13403","한천로38길","일반도로","국지도로","소로","6m미만","2026-03-01 11:18:09.578"
"13404","한천로38나길","일반도로","국지도로","소로","6m미만","2026-03-01 11:18:09.578"
"13405","한천로38다길","일반도로","국지도로","소로","6m미만","2026-03-01 11:18:09.578"
"13406","한천로39길","일반도로","국지도로","소로3류","폭6-8m","2026-03-01 11:18:09.578"
"13407","한천로40길","일반도로","국지도로","소로3류","폭6-8m","2026-03-01 11:18:09.578"
"13408","한천로41길","일반도로","국지도로","소로","6m미만","2026-03-01 11:18:09.578"
"13409","한천로42길","일반도로","국지도로","소로","6m미만","2026-03-01 11:18:09.578"
"13410","한천로43길","일반도로","국지도로","소로","6m미만","2026-03-01 11:18:09.578"
"13411","한천로46가길","일반도로","국지도로","소로","6m미만","2026-03-01 11:18:09.582"
"13412","한천로46길","일반도로","국지도로","소로","6m미만","2026-03-01 11:18:09.583"
"13413","한천로47길","일반도로","국지도로","소로","6m미만","2026-03-01 11:18:09.583"
"13414","한천로49길","일반도로","국지도로","소로","6m미만","2026-03-01 11:18:09.583"
"13415","한천로4길","일반도로","국지도로","소로2류","폭8-10m","2026-03-01 11:18:09.583"
"13416","한천로51길","일반도로","국지도로","소로3류","폭6-8m","2026-03-01 11:18:09.583"
"13417","한천로53길","일반도로","국지도로","소로","6m미만","2026-03-01 11:18:09.583"
"13418","한천로55가길","일반도로","국지도로","소로","6m미만","2026-03-01 11:18:09.583"
"13419","한천로55길","일반도로","국지도로","소로","6m미만","2026-03-01 11:18:09.583"
"13420","한천로58길","일반도로","국지도로","소로1류","폭10-12m","2026-03-01 11:18:09.583"
"13421","한천로59길","일반도로","국지도로","소로","6m미만","2026-03-01 11:18:09.587"
"13422","한천로61길","일반도로","국지도로","소로","6m미만","2026-03-01 11:18:09.587"
"13423","한천로63길","일반도로","국지도로","소로3류","폭6-8m","2026-03-01 11:18:09.587"
"13424","한천로66길","일반도로","국지도로","소로2류","폭8-10m","2026-03-01 11:18:09.587"
"13425","한천로67길","일반도로","국지도로","소로","6m미만","2026-03-01 11:18:09.587"
"13426","한천로68길","일반도로","국지도로","소로","6m미만","2026-03-01 11:18:09.587"
"13427","한천로69길","일반도로","국지도로","소로","6m미만","2026-03-01 11:18:09.587"
"13428","한천로6가길","일반도로","국지도로","소로","6m미만","2026-03-01 11:18:09.587"
"13429","한천로6길","일반도로","국지도로","소로","6m미만","2026-03-01 11:18:09.587"
"13430","한천로70길","일반도로","국지도로","소로","6m미만","2026-03-01 11:18:09.587"
"13431","한천로71길","일반도로","국지도로","소로","6m미만","2026-03-01 11:18:09.592"
"13432","한천로72길","일반도로","국지도로","소로","6m미만","2026-03-01 11:18:09.592"
"13433","한천로73길","일반도로","국지도로","소로","6m미만","2026-03-01 11:18:09.592"
"13434","한천로74길","일반도로","국지도로","소로","6m미만","2026-03-01 11:18:09.592"
"13435","한천로76가길","일반도로","국지도로","소로","6m미만","2026-03-01 11:18:09.592"
"13436","한천로76길","일반도로","국지도로","소로3류","폭6-8m","2026-03-01 11:18:09.592"
"13437","한천로76나길","일반도로","국지도로","소로","6m미만","2026-03-01 11:18:09.592"
"13438","한천로76다길","일반도로","국지도로","소로","6m미만","2026-03-01 11:18:09.592"
"13439","한천로78길","일반도로","국지도로","소로","6m미만","2026-03-01 11:18:09.592"
"13440","한천로79길","일반도로","국지도로","소로","6m미만","2026-03-01 11:18:09.592"
"13441","한천로80길","일반도로","국지도로","소로","6m미만","2026-03-01 11:18:09.598"
"13442","한천로81길","일반도로","국지도로","소로","6m미만","2026-03-01 11:18:09.598"
"13443","한천로82길","일반도로","국지도로","소로","6m미만","2026-03-01 11:18:09.598"
"13444","한천로83길","일반도로","국지도로","소로","6m미만","2026-03-01 11:18:09.598"
"13445","한천로84길","일반도로","국지도로","소로","6m미만","2026-03-01 11:18:09.598"
"13446","한천로8가길","일반도로","국지도로","소로","6m미만","2026-03-01 11:18:09.598"
"13447","한천로8길","일반도로","국지도로","소로","6m미만","2026-03-01 11:18:09.598"
"13448","한천로96길","일반도로","국지도로","소로","6m미만","2026-03-01 11:18:09.598"
"13449","한천로99가길","일반도로","국지도로","소로","6m미만","2026-03-01 11:18:09.598"
"13450","한천로99길","일반도로","국지도로","중로1류","폭20-25m","2026-03-01 11:18:09.598"
"13451","한천로99라길","일반도로","국지도로","소로","6m미만","2026-03-01 11:18:09.603"
"13452","한천로99마길","일반도로","국지도로","소로","6m미만","2026-03-01 11:18:09.603"
"13453","항동~개봉선","일반도로","보조간선도로","대로1류","폭35-40m","2026-03-01 11:18:09.603"
"13454","항동로","일반도로","국지도로","중로2류","폭15-20m","2026-03-01 11:18:09.603"
"13455","항동로3길","일반도로","국지도로","중로2류","폭15-20m","2026-03-01 11:18:09.603"
"13456","항동로4길","일반도로","국지도로","중로2류","폭15-20m","2026-03-01 11:18:09.603"
"13457","항동선","일반도로","보조간선도로","광로3류","폭40-50m","2026-03-01 11:18:09.603"
"13458","해등로","일반도로","국지도로","소로","6m미만","2026-03-01 11:18:09.603"
"13459","해등로12길","일반도로","국지도로","소로1류","폭10-12m","2026-03-01 11:18:09.603"
"13460","해등로14길","일반도로","국지도로","소로","6m미만","2026-03-01 11:18:09.603"
"13461","해등로16가길","일반도로","국지도로","소로","6m미만","2026-03-01 11:18:09.608"
"13462","해등로16길","일반도로","국지도로","소로3류","폭6-8m","2026-03-01 11:18:09.608"
"13463","해등로16나길","일반도로","국지도로","소로3류","폭6-8m","2026-03-01 11:18:09.608"
"13464","해등로16다길","일반도로","국지도로","소로3류","폭6-8m","2026-03-01 11:18:09.608"
"13465","해등로17길","일반도로","국지도로","소로","6m미만","2026-03-01 11:18:09.608"
"13466","해등로25길","일반도로","국지도로","중로1류","폭20-25m","2026-03-01 11:18:09.608"
"13467","해등로26길","일반도로","국지도로","소로2류","폭8-10m","2026-03-01 11:18:09.608"
"13468","해등로32가길","일반도로","국지도로","소로","6m미만","2026-03-01 11:18:09.608"
"13469","해등로32길","일반도로","국지도로","소로2류","폭8-10m","2026-03-01 11:18:09.608"
"13470","해등로34길","일반도로","국지도로","소로","6m미만","2026-03-01 11:18:09.608"
"13471","해등로36길","일반도로","국지도로","소로","6m미만","2026-03-01 11:18:09.613"
"13472","해등로3길","일반도로","국지도로","중로1류","폭20-25m","2026-03-01 11:18:09.613"
"13473","해등로4길","일반도로","국지도로","중로1류","폭20-25m","2026-03-01 11:18:09.613"
"13474","행당로","일반도로","국지도로","소로","6m미만","2026-03-01 11:18:09.613"
"13475","행당로11길","일반도로","국지도로","소로","6m미만","2026-03-01 11:18:09.613"
"13476","행당로13길","일반도로","국지도로","소로","6m미만","2026-03-01 11:18:09.613"
"13477","행당로15길","일반도로","국지도로","소로","6m미만","2026-03-01 11:18:09.613"
"13478","행당로17길","일반도로","국지도로","소로","6m미만","2026-03-01 11:18:09.613"
"13479","행당로1길","일반도로","국지도로","소로","6m미만","2026-03-01 11:18:09.613"
"13480","행당로3길","일반도로","국지도로","소로","6m미만","2026-03-01 11:18:09.613"
"13481","행당로5길","일반도로","국지도로","소로","6m미만","2026-03-01 11:18:09.618"
"13482","행당로6길","일반도로","국지도로","소로3류","폭6-8m","2026-03-01 11:18:09.618"
"13483","행당로8길","일반도로","국지도로","소로3류","폭6-8m","2026-03-01 11:18:09.618"
"13484","행당로9길","일반도로","국지도로","소로3류","폭6-8m","2026-03-01 11:18:09.618"
"13485","행운10길","일반도로","국지도로","소로","6m미만","2026-03-01 11:18:09.618"
"13486","행운1가길","일반도로","국지도로","소로","6m미만","2026-03-01 11:18:09.618"
"13487","행운1길","일반도로","국지도로","소로","6m미만","2026-03-01 11:18:09.618"
"13488","행운1나길","일반도로","국지도로","소로","6m미만","2026-03-01 11:18:09.618"
"13489","행운1다길","일반도로","국지도로","소로","6m미만","2026-03-01 11:18:09.618"
"13490","행운1라길","일반도로","국지도로","소로","6m미만","2026-03-01 11:18:09.618"
"13491","행운1마길","일반도로","국지도로","소로","6m미만","2026-03-01 11:18:09.622"
"13492","행운1바길","일반도로","국지도로","소로","6m미만","2026-03-01 11:18:09.622"
"13493","행운2길","일반도로","국지도로","소로","6m미만","2026-03-01 11:18:09.622"
"13494","행운4길","일반도로","국지도로","소로","6m미만","2026-03-01 11:18:09.622"
"13495","행운5길","일반도로","국지도로","소로","6m미만","2026-03-01 11:18:09.622"
"13496","행운6길","일반도로","국지도로","소로","6m미만","2026-03-01 11:18:09.622"
"13497","행운7길","일반도로","국지도로","소로","6m미만","2026-03-01 11:18:09.622"
"13498","행운8길","일반도로","국지도로","소로","6m미만","2026-03-01 11:18:09.622"
"13499","행운9길","일반도로","국지도로","소로2류","폭8-10m","2026-03-01 11:18:09.622"
"13500","행운길","일반도로","국지도로","소로","6m미만","2026-03-01 11:18:09.622"
"13501","향동아랫말길","일반도로","국지도로","중로2류","폭15-20m","2026-03-01 11:18:09.627"
"13502","허준로","일반도로","국지도로","중로2류","폭15-20m","2026-03-01 11:18:09.627"
"13503","허준로5길","일반도로","국지도로","소로2류","폭8-10m","2026-03-01 11:18:09.627"
"13504","헌릉로","일반도로","국지도로","소로","6m미만","2026-03-01 11:18:09.627"
"13505","헌릉로422길","일반도로","국지도로","소로2류","폭8-10m","2026-03-01 11:18:09.627"
"13506","헌릉로468길","일반도로","국지도로","소로3류","폭6-8m","2026-03-01 11:18:09.627"
"13507","헌릉로569길","일반도로","국지도로","중로2류","폭15-20m","2026-03-01 11:18:09.627"
"13508","헌릉로570길","일반도로","국지도로","대로3류","폭25-30m","2026-03-01 11:18:09.627"
"13509","헌릉로571길","일반도로","국지도로","소로2류","폭8-10m","2026-03-01 11:18:09.627"
"13510","헌릉로590길","일반도로","국지도로","소로1류","폭10-12m","2026-03-01 11:18:09.627"
"13511","헌릉로618길","일반도로","국지도로","소로3류","폭6-8m","2026-03-01 11:18:09.632"
"13512","헌릉로622길","일반도로","국지도로","소로3류","폭6-8m","2026-03-01 11:18:09.632"
"13513","헌릉로637길","일반도로","국지도로","소로3류","폭6-8m","2026-03-01 11:18:09.632"
"13514","헌릉로645길","일반도로","국지도로","소로3류","폭6-8m","2026-03-01 11:18:09.636"
"13515","헌릉로718길","일반도로","국지도로","중로2류","폭15-20m","2026-03-01 11:18:09.636"
"13516","헌릉로745길","일반도로","국지도로","중로1류","폭20-25m","2026-03-01 11:18:09.636"
"13517","헌릉로757길","일반도로","국지도로","중로1류","폭20-25m","2026-03-01 11:18:09.636"
"13518","헌릉로758길","일반도로","국지도로","중로1류","폭20-25m","2026-03-01 11:18:09.636"
"13519","헌릉로8길","일반도로","국지도로","중로1류","폭20-25m","2026-03-01 11:18:09.636"
"13520","헌인릉1길","일반도로","국지도로","소로","6m미만","2026-03-01 11:18:09.636"
"13521","헌인릉2길","일반도로","국지도로","소로","6m미만","2026-03-01 11:18:09.642"
"13522","헌인릉길","일반도로","국지도로","중로1류","폭20-25m","2026-03-01 11:18:09.642"
"13523","현저고가도로","일반도로","국지도로","확인","불가","2026-03-01 11:18:09.642"
"13524","현충로","일반도로","국지도로","소로","6m미만","2026-03-01 11:18:09.642"
"13525","현충로10길","일반도로","국지도로","소로","6m미만","2026-03-01 11:18:09.642"
"13526","현충로12가길","일반도로","국지도로","소로","6m미만","2026-03-01 11:18:09.642"
"13527","현충로12길","일반도로","국지도로","소로","6m미만","2026-03-01 11:18:09.642"
"13528","현충로14가길","일반도로","국지도로","소로","6m미만","2026-03-01 11:18:09.642"
"13529","현충로14길","일반도로","국지도로","소로","6m미만","2026-03-01 11:18:09.642"
"13530","현충로14나길","일반도로","국지도로","소로","6m미만","2026-03-01 11:18:09.642"
"13531","현충로16길","일반도로","국지도로","소로","6m미만","2026-03-01 11:18:09.647"
"13532","현충로18길","일반도로","국지도로","소로","6m미만","2026-03-01 11:18:09.647"
"13533","현충로20길","일반도로","국지도로","소로","6m미만","2026-03-01 11:18:09.647"
"13534","현충로22길","일반도로","국지도로","소로","6m미만","2026-03-01 11:18:09.647"
"13535","현충로24가길","일반도로","국지도로","소로","6m미만","2026-03-01 11:18:09.647"
"13536","현충로24길","일반도로","국지도로","소로","6m미만","2026-03-01 11:18:09.647"
"13537","현충로2길","일반도로","국지도로","소로3류","폭6-8m","2026-03-01 11:18:09.647"
"13538","현충로4길","일반도로","국지도로","중로1류","폭20-25m","2026-03-01 11:18:09.648"
"13539","현충로6길","일반도로","국지도로","소로","6m미만","2026-03-01 11:18:09.648"
"13540","현충로8길","일반도로","국지도로","소로","6m미만","2026-03-01 11:18:09.648"
"13541","형촌10길","일반도로","국지도로","소로","6m미만","2026-03-01 11:18:09.652"
"13542","형촌1길","일반도로","국지도로","중로2류","폭15-20m","2026-03-01 11:18:09.652"
"13543","형촌2길","일반도로","국지도로","소로1류","폭10-12m","2026-03-01 11:18:09.652"
"13544","형촌3길","일반도로","국지도로","소로3류","폭6-8m","2026-03-01 11:18:09.652"
"13545","형촌5길","일반도로","국지도로","소로","6m미만","2026-03-01 11:18:09.652"
"13546","형촌6길","일반도로","국지도로","소로3류","폭6-8m","2026-03-01 11:18:09.652"
"13547","형촌7길","일반도로","국지도로","소로3류","폭6-8m","2026-03-01 11:18:09.652"
"13548","형촌8길","일반도로","국지도로","소로","6m미만","2026-03-01 11:18:09.652"
"13549","형촌9길","일반도로","국지도로","소로","6m미만","2026-03-01 11:18:09.652"
"13550","형촌길","일반도로","국지도로","중로1류","폭20-25m","2026-03-01 11:18:09.652"
"13551","혜화로","일반도로","국지도로","소로2류","폭8-10m","2026-03-01 11:18:09.657"
"13552","혜화로10길","일반도로","국지도로","소로","6m미만","2026-03-01 11:18:09.657"
"13553","혜화로11가길","일반도로","국지도로","소로","6m미만","2026-03-01 11:18:09.657"
"13554","혜화로11길","일반도로","국지도로","소로","6m미만","2026-03-01 11:18:09.657"
"13555","혜화로12길","일반도로","국지도로","소로","6m미만","2026-03-01 11:18:09.657"
"13556","혜화로14길","일반도로","국지도로","소로","6m미만","2026-03-01 11:18:09.657"
"13557","혜화로16길","일반도로","국지도로","소로","6m미만","2026-03-01 11:18:09.657"
"13558","혜화로2길","일반도로","국지도로","소로","6m미만","2026-03-01 11:18:09.657"
"13559","혜화로3가길","일반도로","국지도로","소로","6m미만","2026-03-01 11:18:09.657"
"13560","혜화로3길","일반도로","국지도로","소로","6m미만","2026-03-01 11:18:09.657"
"13561","혜화로5길","일반도로","국지도로","소로","6m미만","2026-03-01 11:18:09.662"
"13562","혜화로6가길","일반도로","국지도로","소로","6m미만","2026-03-01 11:18:09.662"
"13563","혜화로6길","일반도로","국지도로","소로","6m미만","2026-03-01 11:18:09.662"
"13564","혜화로8길","일반도로","국지도로","소로","6m미만","2026-03-01 11:18:09.662"
"13565","혜화로9길","일반도로","국지도로","소로","6m미만","2026-03-01 11:18:09.662"
"13566","호암로","일반도로","국지도로","소로","6m미만","2026-03-01 11:18:09.662"
"13567","호암로16길","일반도로","국지도로","소로","6m미만","2026-03-01 11:18:09.662"
"13568","호암로18가길","일반도로","국지도로","소로","6m미만","2026-03-01 11:18:09.662"
"13569","호암로18길","일반도로","국지도로","소로","6m미만","2026-03-01 11:18:09.662"
"13570","호암로18나길","일반도로","국지도로","소로","6m미만","2026-03-01 11:18:09.662"
"13571","호암로18다길","일반도로","국지도로","소로","6m미만","2026-03-01 11:18:09.667"
"13572","호암로20길","일반도로","국지도로","소로","6m미만","2026-03-01 11:18:09.667"
"13573","호암로22가길","일반도로","국지도로","소로","6m미만","2026-03-01 11:18:09.667"
"13574","호암로22길","일반도로","국지도로","소로3류","폭6-8m","2026-03-01 11:18:09.667"
"13575","호암로24가길","일반도로","국지도로","소로","6m미만","2026-03-01 11:18:09.667"
"13576","호암로24길","일반도로","국지도로","소로3류","폭6-8m","2026-03-01 11:18:09.667"
"13577","호암로26가길","일반도로","국지도로","소로3류","폭6-8m","2026-03-01 11:18:09.667"
"13578","호암로26길","일반도로","국지도로","소로2류","폭8-10m","2026-03-01 11:18:09.667"
"13579","홍릉로","일반도로","국지도로","소로3류","폭6-8m","2026-03-01 11:18:09.667"
"13580","홍릉로10길","일반도로","국지도로","소로","6m미만","2026-03-01 11:18:09.667"
"13581","홍릉로12길","일반도로","국지도로","소로","6m미만","2026-03-01 11:18:09.672"
"13582","홍릉로15길","일반도로","국지도로","소로3류","폭6-8m","2026-03-01 11:18:09.672"
"13583","홍릉로17길","일반도로","국지도로","소로","6m미만","2026-03-01 11:18:09.672"
"13584","홍릉로18길","일반도로","국지도로","소로","6m미만","2026-03-01 11:18:09.672"
"13585","홍릉로1가길","일반도로","국지도로","소로","6m미만","2026-03-01 11:18:09.672"
"13586","홍릉로1길","일반도로","국지도로","소로","6m미만","2026-03-01 11:18:09.672"
"13587","홍릉로20길","일반도로","국지도로","소로","6m미만","2026-03-01 11:18:09.672"
"13588","홍릉로22길","일반도로","국지도로","소로","6m미만","2026-03-01 11:18:09.672"
"13589","홍릉로24길","일반도로","국지도로","소로2류","폭8-10m","2026-03-01 11:18:09.672"
"13590","홍릉로25길","일반도로","국지도로","중로2류","폭15-20m","2026-03-01 11:18:09.672"
"13591","홍릉로27길","일반도로","국지도로","소로","6m미만","2026-03-01 11:18:09.676"
"13592","홍릉로29길","일반도로","국지도로","소로","6m미만","2026-03-01 11:18:09.676"
"13593","홍릉로3길","일반도로","국지도로","소로","6m미만","2026-03-01 11:18:09.676"
"13594","홍릉로5길","일반도로","국지도로","소로","6m미만","2026-03-01 11:18:09.676"
"13595","홍릉로8길","일반도로","국지도로","소로","6m미만","2026-03-01 11:18:09.676"
"13596","홍씨마을길","일반도로","국지도로","소로3류","폭6-8m","2026-03-01 11:18:09.676"
"13597","홍연2길","일반도로","국지도로","소로","6m미만","2026-03-01 11:18:09.676"
"13598","홍연4길","일반도로","국지도로","소로","6m미만","2026-03-01 11:18:09.676"
"13599","홍연6길","일반도로","국지도로","소로","6m미만","2026-03-01 11:18:09.676"
"13600","홍연6안길","일반도로","국지도로","소로","6m미만","2026-03-01 11:18:09.676"
"13601","홍연8길","일반도로","국지도로","소로","6m미만","2026-03-01 11:18:09.682"
"13602","홍연길","일반도로","국지도로","소로","6m미만","2026-03-01 11:18:09.682"
"13603","홍은중앙로","일반도로","국지도로","소로","6m미만","2026-03-01 11:18:09.682"
"13604","홍은중앙로11길","일반도로","국지도로","소로","6m미만","2026-03-01 11:18:09.682"
"13605","홍은중앙로1길","일반도로","국지도로","소로3류","폭6-8m","2026-03-01 11:18:09.682"
"13606","홍은중앙로3길","일반도로","국지도로","소로","6m미만","2026-03-01 11:18:09.682"
"13607","홍은중앙로5길","일반도로","국지도로","소로","6m미만","2026-03-01 11:18:09.682"
"13608","홍은중앙로7길","일반도로","국지도로","소로","6m미만","2026-03-01 11:18:09.682"
"13609","홍은중앙로8길","일반도로","국지도로","소로","6m미만","2026-03-01 11:18:09.682"
"13610","홍은중앙로9길","일반도로","국지도로","소로","6m미만","2026-03-01 11:18:09.682"
"13611","홍은중앙로9나길","일반도로","국지도로","소로","6m미만","2026-03-01 11:18:09.686"
"13612","홍익~용두선","일반도로","보조간선도로","중로1류","폭20-25m","2026-03-01 11:18:09.686"
"13613","홍익로","일반도로","국지도로","소로","6m미만","2026-03-01 11:18:09.686"
"13614","홍익로2길","일반도로","국지도로","소로","6m미만","2026-03-01 11:18:09.686"
"13615","홍익로3길","일반도로","국지도로","소로","6m미만","2026-03-01 11:18:09.686"
"13616","홍익로5길","일반도로","국지도로","소로3류","폭6-8m","2026-03-01 11:18:09.686"
"13617","홍익로5안길","일반도로","국지도로","소로","6m미만","2026-03-01 11:18:09.686"
"13618","홍익로6길","일반도로","국지도로","소로3류","폭6-8m","2026-03-01 11:18:09.686"
"13619","홍제내2가길","일반도로","국지도로","소로","6m미만","2026-03-01 11:18:09.686"
"13620","홍제내2길","일반도로","국지도로","소로","6m미만","2026-03-01 11:18:09.686"
"13621","홍제내2나길","일반도로","국지도로","소로","6m미만","2026-03-01 11:18:09.691"
"13622","홍제내2다길","일반도로","국지도로","소로","6m미만","2026-03-01 11:18:09.691"
"13623","홍제내2라길","일반도로","국지도로","소로","6m미만","2026-03-01 11:18:09.691"
"13624","홍제내2마길","일반도로","국지도로","소로","6m미만","2026-03-01 11:18:09.691"
"13625","홍제내2바길","일반도로","국지도로","소로","6m미만","2026-03-01 11:18:09.691"
"13626","홍제내4길","일반도로","국지도로","소로","6m미만","2026-03-01 11:18:09.691"
"13627","홍제내길","일반도로","국지도로","소로3류","폭6-8m","2026-03-01 11:18:09.691"
"13628","홍제원1길","일반도로","국지도로","소로","6m미만","2026-03-01 11:18:09.691"
"13629","홍제원3길","일반도로","국지도로","소로","6m미만","2026-03-01 11:18:09.691"
"13630","홍제원4길","일반도로","국지도로","소로","6m미만","2026-03-01 11:18:09.691"
"13631","홍제원6길","일반도로","국지도로","소로","6m미만","2026-03-01 11:18:09.697"
"13632","홍제원6안길","일반도로","국지도로","소로","6m미만","2026-03-01 11:18:09.697"
"13633","홍제원길","일반도로","국지도로","소로","6m미만","2026-03-01 11:18:09.697"
"13634","홍제천동자전거길","일반도로","국지도로","소로","6m미만","2026-03-01 11:18:09.697"
"13635","홍제천로","일반도로","국지도로","소로","6m미만","2026-03-01 11:18:09.697"
"13636","홍제천로2길","일반도로","국지도로","소로","6m미만","2026-03-01 11:18:09.697"
"13637","홍제천로2다길","일반도로","국지도로","소로","6m미만","2026-03-01 11:18:09.697"
"13638","홍제천로4길","일반도로","국지도로","소로","6m미만","2026-03-01 11:18:09.697"
"13639","홍제천로6길","일반도로","국지도로","소로","6m미만","2026-03-01 11:18:09.697"
"13640","홍제천서자전거길","일반도로","국지도로","소로","6m미만","2026-03-01 11:18:09.697"
"13641","홍지문1길","일반도로","국지도로","소로","6m미만","2026-03-01 11:18:09.702"
"13642","홍지문2가길","일반도로","국지도로","소로","6m미만","2026-03-01 11:18:09.702"
"13643","홍지문2길","일반도로","국지도로","소로","6m미만","2026-03-01 11:18:09.702"
"13644","홍지문2길","일반도로","국지도로","소로","6m미만","2026-03-01 11:18:09.702"
"13645","홍지문3길","일반도로","국지도로","소로","6m미만","2026-03-01 11:18:09.702"
"13646","홍지문4길","일반도로","국지도로","소로","6m미만","2026-03-01 11:18:09.702"
"13647","홍지문길","일반도로","국지도로","소로","6m미만","2026-03-01 11:18:09.702"
"13648","홍지문길","일반도로","국지도로","소로","6m미만","2026-03-01 11:18:09.702"
"13649","화계사1가길","일반도로","국지도로","소로","6m미만","2026-03-01 11:18:09.702"
"13650","화계사1길","일반도로","국지도로","소로","6m미만","2026-03-01 11:18:09.702"
"13651","화계사1나길","일반도로","국지도로","소로","6m미만","2026-03-01 11:18:09.707"
"13652","화계사길","일반도로","국지도로","소로3류","폭6-8m","2026-03-01 11:18:09.707"
"13653","화곡로","일반도로","국지도로","소로","6m미만","2026-03-01 11:18:09.707"
"13654","화곡로10길","일반도로","국지도로","소로","6m미만","2026-03-01 11:18:09.707"
"13655","화곡로12길","일반도로","국지도로","소로","6m미만","2026-03-01 11:18:09.707"
"13656","화곡로13가길","일반도로","국지도로","소로","6m미만","2026-03-01 11:18:09.707"
"13657","화곡로13길","일반도로","국지도로","소로","6m미만","2026-03-01 11:18:09.707"
"13658","화곡로13나길","일반도로","국지도로","소로","6m미만","2026-03-01 11:18:09.707"
"13659","화곡로14길","일반도로","국지도로","소로3류","폭6-8m","2026-03-01 11:18:09.707"
"13660","화곡로15길","일반도로","국지도로","소로3류","폭6-8m","2026-03-01 11:18:09.707"
"13661","화곡로17길","일반도로","국지도로","소로","6m미만","2026-03-01 11:18:09.712"
"13662","화곡로18길","일반도로","국지도로","소로","6m미만","2026-03-01 11:18:09.712"
"13663","화곡로19길","일반도로","국지도로","소로","6m미만","2026-03-01 11:18:09.712"
"13664","화곡로20길","일반도로","국지도로","소로","6m미만","2026-03-01 11:18:09.712"
"13665","화곡로21길","일반도로","국지도로","소로","6m미만","2026-03-01 11:18:09.712"
"13666","화곡로23길","일반도로","국지도로","소로","6m미만","2026-03-01 11:18:09.712"
"13667","화곡로24길","일반도로","국지도로","소로","6m미만","2026-03-01 11:18:09.712"
"13668","화곡로25길","일반도로","국지도로","소로","6m미만","2026-03-01 11:18:09.712"
"13669","화곡로26가길","일반도로","국지도로","소로","6m미만","2026-03-01 11:18:09.712"
"13670","화곡로26길","일반도로","국지도로","소로","6m미만","2026-03-01 11:18:09.712"
"13671","화곡로27가길","일반도로","국지도로","소로","6m미만","2026-03-01 11:18:09.717"
"13672","화곡로27길","일반도로","국지도로","소로","6m미만","2026-03-01 11:18:09.717"
"13673","화곡로29길","일반도로","국지도로","소로","6m미만","2026-03-01 11:18:09.717"
"13674","화곡로31가길","일반도로","국지도로","소로","6m미만","2026-03-01 11:18:09.717"
"13675","화곡로31길","일반도로","국지도로","소로","6m미만","2026-03-01 11:18:09.717"
"13676","화곡로31나길","일반도로","국지도로","소로3류","폭6-8m","2026-03-01 11:18:09.717"
"13677","화곡로31다길","일반도로","국지도로","소로2류","폭8-10m","2026-03-01 11:18:09.717"
"13678","화곡로32길","일반도로","국지도로","소로3류","폭6-8m","2026-03-01 11:18:09.717"
"13679","화곡로33길","일반도로","국지도로","소로","6m미만","2026-03-01 11:18:09.717"
"13680","화곡로34길","일반도로","국지도로","소로","6m미만","2026-03-01 11:18:09.717"
"13681","화곡로35길","일반도로","국지도로","소로","6m미만","2026-03-01 11:18:09.722"
"13682","화곡로37길","일반도로","국지도로","소로","6m미만","2026-03-01 11:18:09.722"
"13683","화곡로39길","일반도로","국지도로","소로3류","폭6-8m","2026-03-01 11:18:09.722"
"13684","화곡로3가길","일반도로","국지도로","소로","6m미만","2026-03-01 11:18:09.722"
"13685","화곡로3길","일반도로","국지도로","소로","6m미만","2026-03-01 11:18:09.722"
"13686","화곡로41길","일반도로","국지도로","소로","6m미만","2026-03-01 11:18:09.722"
"13687","화곡로42가길","일반도로","국지도로","소로","6m미만","2026-03-01 11:18:09.722"
"13688","화곡로42길","일반도로","국지도로","소로","6m미만","2026-03-01 11:18:09.722"
"13689","화곡로42나길","일반도로","국지도로","소로","6m미만","2026-03-01 11:18:09.722"
"13690","화곡로43가길","일반도로","국지도로","소로","6m미만","2026-03-01 11:18:09.722"
"13691","화곡로43길","일반도로","국지도로","소로","6m미만","2026-03-01 11:18:09.727"
"13692","화곡로44가길","일반도로","국지도로","소로","6m미만","2026-03-01 11:18:09.727"
"13693","화곡로44길","일반도로","국지도로","소로3류","폭6-8m","2026-03-01 11:18:09.727"
"13694","화곡로44나길","일반도로","국지도로","소로3류","폭6-8m","2026-03-01 11:18:09.727"
"13695","화곡로46길","일반도로","국지도로","소로","6m미만","2026-03-01 11:18:09.727"
"13696","화곡로49길","일반도로","국지도로","소로","6m미만","2026-03-01 11:18:09.727"
"13697","화곡로4길","일반도로","국지도로","중로2류","폭15-20m","2026-03-01 11:18:09.727"
"13698","화곡로50길","일반도로","국지도로","소로","6m미만","2026-03-01 11:18:09.727"
"13699","화곡로51길","일반도로","국지도로","소로","6m미만","2026-03-01 11:18:09.727"
"13700","화곡로52길","일반도로","국지도로","소로","6m미만","2026-03-01 11:18:09.727"
"13701","화곡로53가길","일반도로","국지도로","소로","6m미만","2026-03-01 11:18:09.732"
"13702","화곡로53길","일반도로","국지도로","소로","6m미만","2026-03-01 11:18:09.732"
"13703","화곡로53나길","일반도로","국지도로","소로","6m미만","2026-03-01 11:18:09.732"
"13704","화곡로54길","일반도로","국지도로","소로1류","폭10-12m","2026-03-01 11:18:09.732"
"13705","화곡로55길","일반도로","국지도로","소로","6m미만","2026-03-01 11:18:09.732"
"13706","화곡로56길","일반도로","국지도로","소로","6m미만","2026-03-01 11:18:09.732"
"13707","화곡로58길","일반도로","국지도로","소로3류","폭6-8m","2026-03-01 11:18:09.732"
"13708","화곡로59길","일반도로","국지도로","소로3류","폭6-8m","2026-03-01 11:18:09.732"
"13709","화곡로5길","일반도로","국지도로","소로3류","폭6-8m","2026-03-01 11:18:09.732"
"13710","화곡로60길","일반도로","국지도로","소로3류","폭6-8m","2026-03-01 11:18:09.732"
"13711","화곡로61길","일반도로","국지도로","소로3류","폭6-8m","2026-03-01 11:18:09.737"
"13712","화곡로63가길","일반도로","국지도로","중로2류","폭15-20m","2026-03-01 11:18:09.737"
"13713","화곡로63길","일반도로","국지도로","중로2류","폭15-20m","2026-03-01 11:18:09.737"
"13714","화곡로64길","일반도로","국지도로","소로3류","폭6-8m","2026-03-01 11:18:09.737"
"13715","화곡로65길","일반도로","국지도로","중로1류","폭20-25m","2026-03-01 11:18:09.737"
"13716","화곡로66길","일반도로","국지도로","소로2류","폭8-10m","2026-03-01 11:18:09.737"
"13717","화곡로68길","일반도로","국지도로","소로3류","폭6-8m","2026-03-01 11:18:09.737"
"13718","화곡로69길","일반도로","국지도로","중로2류","폭15-20m","2026-03-01 11:18:09.737"
"13719","화곡로6길","일반도로","국지도로","소로","6m미만","2026-03-01 11:18:09.737"
"13720","화곡로72길","일반도로","국지도로","소로3류","폭6-8m","2026-03-01 11:18:09.737"
"13721","화곡로8길","일반도로","국지도로","소로","6m미만","2026-03-01 11:18:09.742"
"13722","화랑로","일반도로","국지도로","소로","6m미만","2026-03-01 11:18:09.742"
"13723","화랑로11길","일반도로","국지도로","소로","6m미만","2026-03-01 11:18:09.742"
"13724","화랑로13가길","일반도로","국지도로","소로3류","폭6-8m","2026-03-01 11:18:09.742"
"13725","화랑로13길","일반도로","국지도로","소로","6m미만","2026-03-01 11:18:09.742"
"13726","화랑로14길","일반도로","국지도로","소로1류","폭10-12m","2026-03-01 11:18:09.742"
"13727","화랑로15가길","일반도로","국지도로","소로","6m미만","2026-03-01 11:18:09.742"
"13728","화랑로15길","일반도로","국지도로","소로","6m미만","2026-03-01 11:18:09.742"
"13729","화랑로17길","일반도로","국지도로","소로","6m미만","2026-03-01 11:18:09.742"
"13730","화랑로18가길","일반도로","국지도로","소로","6m미만","2026-03-01 11:18:09.742"
"13731","화랑로18길","일반도로","국지도로","소로","6m미만","2026-03-01 11:18:09.747"
"13732","화랑로18나길","일반도로","국지도로","소로","6m미만","2026-03-01 11:18:09.747"
"13733","화랑로18다길","일반도로","국지도로","소로","6m미만","2026-03-01 11:18:09.747"
"13734","화랑로18라길","일반도로","국지도로","소로","6m미만","2026-03-01 11:18:09.747"
"13735","화랑로18마길","일반도로","국지도로","소로","6m미만","2026-03-01 11:18:09.747"
"13736","화랑로18바길","일반도로","국지도로","소로","6m미만","2026-03-01 11:18:09.747"
"13737","화랑로18아길","일반도로","국지도로","소로","6m미만","2026-03-01 11:18:09.747"
"13738","화랑로18자길","일반도로","국지도로","소로","6m미만","2026-03-01 11:18:09.747"
"13739","화랑로19가길","일반도로","국지도로","소로","6m미만","2026-03-01 11:18:09.747"
"13740","화랑로19길","일반도로","국지도로","소로","6m미만","2026-03-01 11:18:09.747"
"13741","화랑로1길","일반도로","국지도로","소로","6m미만","2026-03-01 11:18:09.752"
"13742","화랑로21가길","일반도로","국지도로","소로","6m미만","2026-03-01 11:18:09.752"
"13743","화랑로21길","일반도로","국지도로","소로","6m미만","2026-03-01 11:18:09.752"
"13744","화랑로22가길","일반도로","국지도로","소로","6m미만","2026-03-01 11:18:09.752"
"13745","화랑로22길","일반도로","국지도로","소로","6m미만","2026-03-01 11:18:09.752"
"13746","화랑로22나길","일반도로","국지도로","소로","6m미만","2026-03-01 11:18:09.752"
"13747","화랑로22다길","일반도로","국지도로","소로","6m미만","2026-03-01 11:18:09.752"
"13748","화랑로23길","일반도로","국지도로","소로","6m미만","2026-03-01 11:18:09.752"
"13749","화랑로24길","일반도로","국지도로","소로","6m미만","2026-03-01 11:18:09.752"
"13750","화랑로25길","일반도로","국지도로","소로2류","폭8-10m","2026-03-01 11:18:09.752"
"13751","화랑로27길","일반도로","국지도로","소로","6m미만","2026-03-01 11:18:09.757"
"13752","화랑로30길","일반도로","국지도로","소로2류","폭8-10m","2026-03-01 11:18:09.758"
"13753","화랑로32가길","일반도로","국지도로","소로2류","폭8-10m","2026-03-01 11:18:09.758"
"13754","화랑로32길","일반도로","국지도로","소로","6m미만","2026-03-01 11:18:09.758"
"13755","화랑로32나길","일반도로","국지도로","소로","6m미만","2026-03-01 11:18:09.758"
"13756","화랑로32다길","일반도로","국지도로","소로","6m미만","2026-03-01 11:18:09.758"
"13757","화랑로32라길","일반도로","국지도로","소로","6m미만","2026-03-01 11:18:09.758"
"13758","화랑로33가길","일반도로","국지도로","소로","6m미만","2026-03-01 11:18:09.758"
"13759","화랑로33길","일반도로","국지도로","소로","6m미만","2026-03-01 11:18:09.758"
"13760","화랑로35길","일반도로","국지도로","소로","6m미만","2026-03-01 11:18:09.758"
"13761","화랑로37가길","일반도로","국지도로","소로3류","폭6-8m","2026-03-01 11:18:09.763"
"13762","화랑로37길","일반도로","국지도로","소로2류","폭8-10m","2026-03-01 11:18:09.763"
"13763","화랑로38길","일반도로","국지도로","소로","6m미만","2026-03-01 11:18:09.763"
"13764","화랑로39길","일반도로","국지도로","소로","6m미만","2026-03-01 11:18:09.763"
"13765","화랑로40길","일반도로","국지도로","소로","6m미만","2026-03-01 11:18:09.763"
"13766","화랑로42길","일반도로","국지도로","소로","6m미만","2026-03-01 11:18:09.763"
"13767","화랑로43가길","일반도로","국지도로","소로","6m미만","2026-03-01 11:18:09.763"
"13768","화랑로43길","일반도로","국지도로","소로","6m미만","2026-03-01 11:18:09.763"
"13769","화랑로43나길","일반도로","국지도로","소로3류","폭6-8m","2026-03-01 11:18:09.763"
"13770","화랑로45길","일반도로","국지도로","소로1류","폭10-12m","2026-03-01 11:18:09.763"
"13771","화랑로47길","일반도로","국지도로","소로","6m미만","2026-03-01 11:18:09.768"
"13772","화랑로48길","일반도로","국지도로","중로1류","폭20-25m","2026-03-01 11:18:09.768"
"13773","화랑로51가길","일반도로","국지도로","소로3류","폭6-8m","2026-03-01 11:18:09.768"
"13774","화랑로51길","일반도로","국지도로","중로1류","폭20-25m","2026-03-01 11:18:09.768"
"13775","화랑로51나길","일반도로","국지도로","소로2류","폭8-10m","2026-03-01 11:18:09.768"
"13776","화랑로53길","일반도로","국지도로","소로","6m미만","2026-03-01 11:18:09.768"
"13777","화랑로55길","일반도로","국지도로","소로","6m미만","2026-03-01 11:18:09.768"
"13778","화랑로5가길","일반도로","국지도로","소로","6m미만","2026-03-01 11:18:09.768"
"13779","화랑로5길","일반도로","국지도로","소로","6m미만","2026-03-01 11:18:09.768"
"13780","화랑로60가길","일반도로","국지도로","소로","6m미만","2026-03-01 11:18:09.768"
"13781","화랑로60길","일반도로","국지도로","소로","6m미만","2026-03-01 11:18:09.773"
"13782","화랑로7길","일반도로","국지도로","소로","6m미만","2026-03-01 11:18:09.773"
"13783","화랑로9길","일반도로","국지도로","소로","6m미만","2026-03-01 11:18:09.773"
"13784","환일1길","일반도로","국지도로","소로","6m미만","2026-03-01 11:18:09.773"
"13785","환일2길","일반도로","국지도로","소로","6m미만","2026-03-01 11:18:09.773"
"13786","환일6길","일반도로","국지도로","소로","6m미만","2026-03-01 11:18:09.773"
"13787","환일7길","일반도로","국지도로","소로","6m미만","2026-03-01 11:18:09.773"
"13788","환일7안길","일반도로","국지도로","소로","6m미만","2026-03-01 11:18:09.773"
"13789","환일8길","일반도로","국지도로","소로","6m미만","2026-03-01 11:18:09.773"
"13790","환일길","일반도로","국지도로","소로","6m미만","2026-03-01 11:18:09.773"
"13791","황물로","일반도로","국지도로","소로2류","폭8-10m","2026-03-01 11:18:09.778"
"13792","황물로11길","일반도로","국지도로","소로","6m미만","2026-03-01 11:18:09.778"
"13793","황물로13길","일반도로","국지도로","소로","6m미만","2026-03-01 11:18:09.778"
"13794","황물로15가길","일반도로","국지도로","소로","6m미만","2026-03-01 11:18:09.778"
"13795","황물로15길","일반도로","국지도로","소로","6m미만","2026-03-01 11:18:09.778"
"13796","황물로15나길","일반도로","국지도로","소로","6m미만","2026-03-01 11:18:09.778"
"13797","황물로15다길","일반도로","국지도로","소로","6m미만","2026-03-01 11:18:09.778"
"13798","황물로17가길","일반도로","국지도로","소로","6m미만","2026-03-01 11:18:09.778"
"13799","황물로17길","일반도로","국지도로","소로3류","폭6-8m","2026-03-01 11:18:09.778"
"13800","황물로1길","일반도로","국지도로","소로","6m미만","2026-03-01 11:18:09.778"
"13801","황물로3가길","일반도로","국지도로","소로","6m미만","2026-03-01 11:18:09.783"
"13802","황물로3길","일반도로","국지도로","소로","6m미만","2026-03-01 11:18:09.783"
"13803","황물로5가길","일반도로","국지도로","소로","6m미만","2026-03-01 11:18:09.783"
"13804","황물로5길","일반도로","국지도로","소로","6m미만","2026-03-01 11:18:09.783"
"13805","황물로7길","일반도로","국지도로","소로","6m미만","2026-03-01 11:18:09.783"
"13806","황물로9길","일반도로","국지도로","소로","6m미만","2026-03-01 11:18:09.783"
"13807","회기~번동선","일반도로","보조간선도로","중로1류","폭20-25m","2026-03-01 11:18:09.783"
"13808","회기로","일반도로","국지도로","소로","6m미만","2026-03-01 11:18:09.783"
"13809","회기로10가길","일반도로","국지도로","소로","6m미만","2026-03-01 11:18:09.783"
"13810","회기로10길","일반도로","국지도로","소로","6m미만","2026-03-01 11:18:09.783"
"13811","회기로12가길","일반도로","국지도로","소로","6m미만","2026-03-01 11:18:09.788"
"13812","회기로12길","일반도로","국지도로","소로","6m미만","2026-03-01 11:18:09.788"
"13813","회기로12나길","일반도로","국지도로","소로","6m미만","2026-03-01 11:18:09.788"
"13814","회기로12다길","일반도로","국지도로","소로","6m미만","2026-03-01 11:18:09.788"
"13815","회기로13길","일반도로","국지도로","소로3류","폭6-8m","2026-03-01 11:18:09.788"
"13816","회기로14길","일반도로","국지도로","소로","6m미만","2026-03-01 11:18:09.788"
"13817","회기로16길","일반도로","국지도로","소로","6m미만","2026-03-01 11:18:09.788"
"13818","회기로18길","일반도로","국지도로","소로2류","폭8-10m","2026-03-01 11:18:09.788"
"13819","회기로19길","일반도로","국지도로","소로","6m미만","2026-03-01 11:18:09.788"
"13820","회기로21가길","일반도로","국지도로","소로","6m미만","2026-03-01 11:18:09.788"
"13821","회기로21길","일반도로","국지도로","소로","6m미만","2026-03-01 11:18:09.793"
"13822","회기로23가길","일반도로","국지도로","소로","6m미만","2026-03-01 11:18:09.793"
"13823","회기로23길","일반도로","국지도로","소로","6m미만","2026-03-01 11:18:09.793"
"13824","회기로23나길","일반도로","국지도로","소로","6m미만","2026-03-01 11:18:09.793"
"13825","회기로23다길","일반도로","국지도로","소로","6m미만","2026-03-01 11:18:09.793"
"13826","회기로25가길","일반도로","국지도로","소로","6m미만","2026-03-01 11:18:09.793"
"13827","회기로25길","일반도로","국지도로","소로","6m미만","2026-03-01 11:18:09.793"
"13828","회기로26길","일반도로","국지도로","소로","6m미만","2026-03-01 11:18:09.793"
"13829","회기로28길","일반도로","국지도로","소로","6m미만","2026-03-01 11:18:09.793"
"13830","회기로29길","일반도로","국지도로","소로","6m미만","2026-03-01 11:18:09.793"
"13831","회기로2길","일반도로","국지도로","소로","6m미만","2026-03-01 11:18:09.797"
"13832","회기로31가길","일반도로","국지도로","소로","6m미만","2026-03-01 11:18:09.797"
"13833","회기로31길","일반도로","국지도로","소로","6m미만","2026-03-01 11:18:09.797"
"13834","회기로31나길","일반도로","국지도로","소로","6m미만","2026-03-01 11:18:09.797"
"13835","회기로3가길","일반도로","국지도로","소로","6m미만","2026-03-01 11:18:09.797"
"13836","회기로3길","일반도로","국지도로","소로","6m미만","2026-03-01 11:18:09.797"
"13837","회기로4길","일반도로","국지도로","소로","6m미만","2026-03-01 11:18:09.797"
"13838","회기로5길","일반도로","국지도로","소로2류","폭8-10m","2026-03-01 11:18:09.797"
"13839","회기로8가길","일반도로","국지도로","소로","6m미만","2026-03-01 11:18:09.797"
"13840","회기로8길","일반도로","국지도로","소로","6m미만","2026-03-01 11:18:09.797"
"13841","회나무로","일반도로","국지도로","소로","6m미만","2026-03-01 11:18:09.802"
"13842","회나무로10길","일반도로","국지도로","소로","6m미만","2026-03-01 11:18:09.802"
"13843","회나무로12가길","일반도로","국지도로","소로","6m미만","2026-03-01 11:18:09.802"
"13844","회나무로12길","일반도로","국지도로","소로","6m미만","2026-03-01 11:18:09.802"
"13845","회나무로12나길","일반도로","국지도로","소로","6m미만","2026-03-01 11:18:09.802"
"13846","회나무로13가길","일반도로","국지도로","소로","6m미만","2026-03-01 11:18:09.802"
"13847","회나무로13길","일반도로","국지도로","소로","6m미만","2026-03-01 11:18:09.802"
"13848","회나무로13나길","일반도로","국지도로","소로","6m미만","2026-03-01 11:18:09.802"
"13849","회나무로21길","일반도로","국지도로","소로","6m미만","2026-03-01 11:18:09.802"
"13850","회나무로25길","일반도로","국지도로","소로","6m미만","2026-03-01 11:18:09.802"
"13851","회나무로26가길","일반도로","국지도로","소로","6m미만","2026-03-01 11:18:09.807"
"13852","회나무로26길","일반도로","국지도로","소로","6m미만","2026-03-01 11:18:09.807"
"13853","회나무로28가길","일반도로","국지도로","소로","6m미만","2026-03-01 11:18:09.807"
"13854","회나무로28길","일반도로","국지도로","소로","6m미만","2026-03-01 11:18:09.807"
"13855","회나무로32길","일반도로","국지도로","소로","6m미만","2026-03-01 11:18:09.807"
"13856","회나무로35길","일반도로","국지도로","소로","6m미만","2026-03-01 11:18:09.807"
"13857","회나무로39가길","일반도로","국지도로","소로","6m미만","2026-03-01 11:18:09.807"
"13858","회나무로39길","일반도로","국지도로","소로","6m미만","2026-03-01 11:18:09.807"
"13859","회나무로41가길","일반도로","국지도로","소로","6m미만","2026-03-01 11:18:09.807"
"13860","회나무로41길","일반도로","국지도로","소로","6m미만","2026-03-01 11:18:09.807"
"13861","회나무로42길","일반도로","국지도로","소로","6m미만","2026-03-01 11:18:09.812"
"13862","회나무로44가길","일반도로","국지도로","소로","6m미만","2026-03-01 11:18:09.812"
"13863","회나무로44길","일반도로","국지도로","소로3류","폭6-8m","2026-03-01 11:18:09.812"
"13864","회나무로44나길","일반도로","국지도로","소로","6m미만","2026-03-01 11:18:09.812"
"13865","회나무로44다길","일반도로","국지도로","소로3류","폭6-8m","2026-03-01 11:18:09.812"
"13866","회나무로6길","일반도로","국지도로","소로","6m미만","2026-03-01 11:18:09.812"
"13867","효령로","일반도로","국지도로","소로3류","폭6-8m","2026-03-01 11:18:09.812"
"13868","효령로10길","일반도로","국지도로","소로","6m미만","2026-03-01 11:18:09.812"
"13869","효령로14가길","일반도로","국지도로","소로3류","폭6-8m","2026-03-01 11:18:09.812"
"13870","효령로14길","일반도로","국지도로","소로","6m미만","2026-03-01 11:18:09.812"
"13871","효령로14마길","일반도로","국지도로","소로","6m미만","2026-03-01 11:18:09.817"
"13872","효령로16길","일반도로","국지도로","소로","6m미만","2026-03-01 11:18:09.817"
"13873","효령로18길","일반도로","국지도로","소로","6m미만","2026-03-01 11:18:09.817"
"13874","효령로19길","일반도로","국지도로","소로","6m미만","2026-03-01 11:18:09.817"
"13875","효령로20가길","일반도로","국지도로","소로","6m미만","2026-03-01 11:18:09.817"
"13876","효령로20길","일반도로","국지도로","소로3류","폭6-8m","2026-03-01 11:18:09.817"
"13877","효령로20나길","일반도로","국지도로","소로","6m미만","2026-03-01 11:18:09.817"
"13878","효령로20다길","일반도로","국지도로","소로","6m미만","2026-03-01 11:18:09.817"
"13879","효령로20라길","일반도로","국지도로","소로","6m미만","2026-03-01 11:18:09.817"
"13880","효령로20마길","일반도로","국지도로","소로","6m미만","2026-03-01 11:18:09.817"
"13881","효령로21길","일반도로","국지도로","소로3류","폭6-8m","2026-03-01 11:18:09.822"
"13882","효령로23길","일반도로","국지도로","소로","6m미만","2026-03-01 11:18:09.822"
"13883","효령로25길","일반도로","국지도로","소로3류","폭6-8m","2026-03-01 11:18:09.822"
"13884","효령로26길","일반도로","국지도로","소로3류","폭6-8m","2026-03-01 11:18:09.822"
"13885","효령로27길","일반도로","국지도로","소로","6m미만","2026-03-01 11:18:09.822"
"13886","효령로28길","일반도로","국지도로","소로3류","폭6-8m","2026-03-01 11:18:09.822"
"13887","효령로29길","일반도로","국지도로","소로","6m미만","2026-03-01 11:18:09.822"
"13888","효령로2길","일반도로","국지도로","소로","6m미만","2026-03-01 11:18:09.822"
"13889","효령로31길","일반도로","국지도로","소로","6m미만","2026-03-01 11:18:09.822"
"13890","효령로33길","일반도로","국지도로","소로2류","폭8-10m","2026-03-01 11:18:09.822"
"13891","효령로34길","일반도로","국지도로","소로","6m미만","2026-03-01 11:18:09.827"
"13892","효령로36길","일반도로","국지도로","소로3류","폭6-8m","2026-03-01 11:18:09.827"
"13893","효령로37길","일반도로","국지도로","소로","6m미만","2026-03-01 11:18:09.827"
"13894","효령로40길","일반도로","국지도로","소로","6m미만","2026-03-01 11:18:09.827"
"13895","효령로43길","일반도로","국지도로","소로3류","폭6-8m","2026-03-01 11:18:09.827"
"13896","효령로45길","일반도로","국지도로","소로3류","폭6-8m","2026-03-01 11:18:09.827"
"13897","효령로46길","일반도로","국지도로","소로","6m미만","2026-03-01 11:18:09.827"
"13898","효령로47길","일반도로","국지도로","소로","6m미만","2026-03-01 11:18:09.827"
"13899","효령로49길","일반도로","국지도로","소로2류","폭8-10m","2026-03-01 11:18:09.827"
"13900","효령로4길","일반도로","국지도로","소로","6m미만","2026-03-01 11:18:09.827"
"13901","효령로51길","일반도로","국지도로","소로3류","폭6-8m","2026-03-01 11:18:09.832"
"13902","효령로52길","일반도로","국지도로","소로","6m미만","2026-03-01 11:18:09.832"
"13903","효령로53길","일반도로","국지도로","소로3류","폭6-8m","2026-03-01 11:18:09.832"
"13904","효령로55길","일반도로","국지도로","소로3류","폭6-8m","2026-03-01 11:18:09.832"
"13905","효령로57길","일반도로","국지도로","소로","6m미만","2026-03-01 11:18:09.832"
"13906","효령로5길","일반도로","국지도로","소로","6m미만","2026-03-01 11:18:09.832"
"13907","효령로60길","일반도로","국지도로","소로2류","폭8-10m","2026-03-01 11:18:09.832"
"13908","효령로61길","일반도로","국지도로","소로3류","폭6-8m","2026-03-01 11:18:09.832"
"13909","효령로66길","일반도로","국지도로","소로","6m미만","2026-03-01 11:18:09.832"
"13910","효령로67길","일반도로","국지도로","소로3류","폭6-8m","2026-03-01 11:18:09.832"
"13911","효령로68길","일반도로","국지도로","소로3류","폭6-8m","2026-03-01 11:18:09.837"
"13912","효령로69길","일반도로","국지도로","소로2류","폭8-10m","2026-03-01 11:18:09.837"
"13913","효령로70길","일반도로","국지도로","소로3류","폭6-8m","2026-03-01 11:18:09.837"
"13914","효령로72길","일반도로","국지도로","소로2류","폭8-10m","2026-03-01 11:18:09.837"
"13915","효령로74길","일반도로","국지도로","소로","6m미만","2026-03-01 11:18:09.837"
"13916","효령로77길","일반도로","국지도로","소로1류","폭10-12m","2026-03-01 11:18:09.837"
"13917","효령로79길","일반도로","국지도로","소로","6m미만","2026-03-01 11:18:09.837"
"13918","효령로7길","일반도로","국지도로","소로","6m미만","2026-03-01 11:18:09.837"
"13919","효령로8길","일반도로","국지도로","소로","6m미만","2026-03-01 11:18:09.837"
"13920","효자로","일반도로","국지도로","소로","6m미만","2026-03-01 11:18:09.837"
"13921","효자로13길","일반도로","국지도로","소로","6m미만","2026-03-01 11:18:09.842"
"13922","효자로7길","일반도로","국지도로","소로","6m미만","2026-03-01 11:18:09.842"
"13923","효자로9길","일반도로","국지도로","소로","6m미만","2026-03-01 11:18:09.842"
"13924","효창목2길","일반도로","국지도로","소로","6m미만","2026-03-01 11:18:09.842"
"13925","효창목4길","일반도로","국지도로","소로","6m미만","2026-03-01 11:18:09.842"
"13926","효창목5길","일반도로","국지도로","소로","6m미만","2026-03-01 11:18:09.842"
"13927","효창목5안길","일반도로","국지도로","소로","6m미만","2026-03-01 11:18:09.842"
"13928","효창목길","일반도로","국지도로","소로3류","폭6-8m","2026-03-01 11:18:09.842"
"13929","효창원로","일반도로","국지도로","소로","6m미만","2026-03-01 11:18:09.842"
"13930","효창원로104가길","일반도로","국지도로","소로","6m미만","2026-03-01 11:18:09.842"
"13931","효창원로104길","일반도로","국지도로","소로","6m미만","2026-03-01 11:18:09.846"
"13932","효창원로104나길","일반도로","국지도로","소로","6m미만","2026-03-01 11:18:09.846"
"13933","효창원로104다길","일반도로","국지도로","소로","6m미만","2026-03-01 11:18:09.846"
"13934","효창원로104라길","일반도로","국지도로","소로","6m미만","2026-03-01 11:18:09.846"
"13935","효창원로104마길","일반도로","국지도로","소로","6m미만","2026-03-01 11:18:09.846"
"13936","효창원로110길","일반도로","국지도로","소로","6m미만","2026-03-01 11:18:09.846"
"13937","효창원로12가길","일반도로","국지도로","소로","6m미만","2026-03-01 11:18:09.846"
"13938","효창원로12길","일반도로","국지도로","소로","6m미만","2026-03-01 11:18:09.846"
"13939","효창원로13길","일반도로","국지도로","소로2류","폭8-10m","2026-03-01 11:18:09.846"
"13940","효창원로15길","일반도로","국지도로","소로","6m미만","2026-03-01 11:18:09.846"
"13941","효창원로16가길","일반도로","국지도로","소로","6m미만","2026-03-01 11:18:09.851"
"13942","효창원로16길","일반도로","국지도로","소로","6m미만","2026-03-01 11:18:09.851"
"13943","효창원로23가길","일반도로","국지도로","소로","6m미만","2026-03-01 11:18:09.851"
"13944","효창원로23길","일반도로","국지도로","소로","6m미만","2026-03-01 11:18:09.851"
"13945","효창원로23나길","일반도로","국지도로","소로","6m미만","2026-03-01 11:18:09.851"
"13946","효창원로25가길","일반도로","국지도로","소로","6m미만","2026-03-01 11:18:09.851"
"13947","효창원로25길","일반도로","국지도로","소로","6m미만","2026-03-01 11:18:09.851"
"13948","효창원로25나길","일반도로","국지도로","소로","6m미만","2026-03-01 11:18:09.851"
"13949","효창원로25다길","일반도로","국지도로","소로","6m미만","2026-03-01 11:18:09.851"
"13950","효창원로26가길","일반도로","국지도로","소로","6m미만","2026-03-01 11:18:09.851"
"13951","효창원로26길","일반도로","국지도로","소로","6m미만","2026-03-01 11:18:09.856"
"13952","효창원로35길","일반도로","국지도로","소로","6m미만","2026-03-01 11:18:09.856"
"13953","효창원로37가길","일반도로","국지도로","소로","6m미만","2026-03-01 11:18:09.856"
"13954","효창원로37길","일반도로","국지도로","소로3류","폭6-8m","2026-03-01 11:18:09.856"
"13955","효창원로37나길","일반도로","국지도로","소로","6m미만","2026-03-01 11:18:09.856"
"13956","효창원로37다길","일반도로","국지도로","소로","6m미만","2026-03-01 11:18:09.856"
"13957","효창원로37라길","일반도로","국지도로","소로","6m미만","2026-03-01 11:18:09.856"
"13958","효창원로37마길","일반도로","국지도로","소로","6m미만","2026-03-01 11:18:09.856"
"13959","효창원로39길","일반도로","국지도로","소로","6m미만","2026-03-01 11:18:09.856"
"13960","효창원로40길","일반도로","국지도로","소로","6m미만","2026-03-01 11:18:09.856"
"13961","효창원로42길","일반도로","국지도로","소로3류","폭6-8m","2026-03-01 11:18:09.86"
"13962","효창원로48길","일반도로","국지도로","소로","6m미만","2026-03-01 11:18:09.86"
"13963","효창원로51길","일반도로","국지도로","소로","6m미만","2026-03-01 11:18:09.86"
"13964","효창원로52길","일반도로","국지도로","소로","6m미만","2026-03-01 11:18:09.86"
"13965","효창원로54길","일반도로","국지도로","소로","6m미만","2026-03-01 11:18:09.86"
"13966","효창원로55길","일반도로","국지도로","소로","6m미만","2026-03-01 11:18:09.86"
"13967","효창원로59길","일반도로","국지도로","소로","6m미만","2026-03-01 11:18:09.86"
"13968","효창원로62가길","일반도로","국지도로","소로3류","폭6-8m","2026-03-01 11:18:09.86"
"13969","효창원로62길","일반도로","국지도로","소로3류","폭6-8m","2026-03-01 11:18:09.86"
"13970","효창원로64길","일반도로","국지도로","소로3류","폭6-8m","2026-03-01 11:18:09.86"
"13971","효창원로66길","일반도로","국지도로","소로3류","폭6-8m","2026-03-01 11:18:09.865"
"13972","효창원로69가길","일반도로","국지도로","소로","6m미만","2026-03-01 11:18:09.865"
"13973","효창원로69길","일반도로","국지도로","소로","6m미만","2026-03-01 11:18:09.865"
"13974","효창원로69나길","일반도로","국지도로","소로","6m미만","2026-03-01 11:18:09.865"
"13975","효창원로70길","일반도로","국지도로","소로3류","폭6-8m","2026-03-01 11:18:09.865"
"13976","효창원로72길","일반도로","국지도로","소로","6m미만","2026-03-01 11:18:09.865"
"13977","효창원로76길","일반도로","국지도로","소로","6m미만","2026-03-01 11:18:09.865"
"13978","효창원로86가길","일반도로","국지도로","소로","6m미만","2026-03-01 11:18:09.865"
"13979","효창원로86길","일반도로","국지도로","소로","6m미만","2026-03-01 11:18:09.865"
"13980","효창원로86나길","일반도로","국지도로","소로","6m미만","2026-03-01 11:18:09.865"
"13981","효창원로86다길","일반도로","국지도로","소로","6m미만","2026-03-01 11:18:09.87"
"13982","효창원로86라길","일반도로","국지도로","소로","6m미만","2026-03-01 11:18:09.87"
"13983","효창원로8길","일반도로","국지도로","소로","6m미만","2026-03-01 11:18:09.87"
"13984","효창원로93길","일반도로","국지도로","소로","6m미만","2026-03-01 11:18:09.87"
"13985","효창원로94가길","일반도로","국지도로","소로","6m미만","2026-03-01 11:18:09.87"
"13986","효창원로94길","일반도로","국지도로","소로","6m미만","2026-03-01 11:18:09.87"
"13987","효창원로94나길","일반도로","국지도로","소로","6m미만","2026-03-01 11:18:09.87"
"13988","효창원로94다길","일반도로","국지도로","소로","6m미만","2026-03-01 11:18:09.87"
"13989","효창원로95길","일반도로","국지도로","소로","6m미만","2026-03-01 11:18:09.87"
"13990","효창원로97길","일반도로","국지도로","소로3류","폭6-8m","2026-03-01 11:18:09.87"
"13991","효창원로98길","일반도로","국지도로","소로","6m미만","2026-03-01 11:18:09.874"
"13992","후암로","일반도로","국지도로","소로","6m미만","2026-03-01 11:18:09.874"
"13993","후암로13가길","일반도로","국지도로","소로","6m미만","2026-03-01 11:18:09.874"
"13994","후암로13길","일반도로","국지도로","소로","6m미만","2026-03-01 11:18:09.874"
"13995","후암로15길","일반도로","국지도로","소로","6m미만","2026-03-01 11:18:09.874"
"13996","후암로16가길","일반도로","국지도로","소로","6m미만","2026-03-01 11:18:09.874"
"13997","후암로16길","일반도로","국지도로","소로3류","폭6-8m","2026-03-01 11:18:09.874"
"13998","후암로16나길","일반도로","국지도로","소로","6m미만","2026-03-01 11:18:09.874"
"13999","후암로16다길","일반도로","국지도로","소로","6m미만","2026-03-01 11:18:09.874"
"14000","후암로22길","일반도로","국지도로","소로","6m미만","2026-03-01 11:18:09.874"
"14001","후암로23길","일반도로","국지도로","소로","6m미만","2026-03-01 11:18:09.879"
"14002","후암로25길","일반도로","국지도로","소로","6m미만","2026-03-01 11:18:09.879"
"14003","후암로28가길","일반도로","국지도로","소로","6m미만","2026-03-01 11:18:09.879"
"14004","후암로28길","일반도로","국지도로","소로","6m미만","2026-03-01 11:18:09.879"
"14005","후암로28나길","일반도로","국지도로","소로","6m미만","2026-03-01 11:18:09.879"
"14006","후암로28다길","일반도로","국지도로","소로","6m미만","2026-03-01 11:18:09.879"
"14007","후암로28라길","일반도로","국지도로","소로","6m미만","2026-03-01 11:18:09.879"
"14008","후암로28마길","일반도로","국지도로","소로","6m미만","2026-03-01 11:18:09.879"
"14009","후암로28바길","일반도로","국지도로","소로","6m미만","2026-03-01 11:18:09.879"
"14010","후암로30길","일반도로","국지도로","소로","6m미만","2026-03-01 11:18:09.879"
"14011","후암로34가길","일반도로","국지도로","소로","6m미만","2026-03-01 11:18:09.884"
"14012","후암로34길","일반도로","국지도로","소로","6m미만","2026-03-01 11:18:09.884"
"14013","후암로35길","일반도로","국지도로","소로","6m미만","2026-03-01 11:18:09.884"
"14014","후암로40길","일반도로","국지도로","소로","6m미만","2026-03-01 11:18:09.884"
"14015","후암로44길","일반도로","국지도로","소로","6m미만","2026-03-01 11:18:09.884"
"14016","후암로48길","일반도로","국지도로","소로","6m미만","2026-03-01 11:18:09.884"
"14017","후암로49길","일반도로","국지도로","소로","6m미만","2026-03-01 11:18:09.884"
"14018","후암로4길","일반도로","국지도로","소로","6m미만","2026-03-01 11:18:09.884"
"14019","후암로57길","일반도로","국지도로","소로","6m미만","2026-03-01 11:18:09.884"
"14020","후암로58길","일반도로","국지도로","중로2류","폭15-20m","2026-03-01 11:18:09.884"
"14021","후암로5길","일반도로","국지도로","소로","6m미만","2026-03-01 11:18:09.889"
"14022","후암로60길","일반도로","국지도로","소로3류","폭6-8m","2026-03-01 11:18:09.889"
"14023","휘경~면목선","일반도로","보조간선도로","대로3류","폭25-30m","2026-03-01 11:18:09.889"
"14024","휘경로","일반도로","국지도로","소로3류","폭6-8m","2026-03-01 11:18:09.889"
"14025","휘경로10길","일반도로","국지도로","소로","6m미만","2026-03-01 11:18:09.889"
"14026","휘경로11가길","일반도로","국지도로","소로","6m미만","2026-03-01 11:18:09.889"
"14027","휘경로11길","일반도로","국지도로","소로","6m미만","2026-03-01 11:18:09.889"
"14028","휘경로12길","일반도로","국지도로","소로","6m미만","2026-03-01 11:18:09.889"
"14029","휘경로14길","일반도로","국지도로","소로3류","폭6-8m","2026-03-01 11:18:09.889"
"14030","휘경로15길","일반도로","국지도로","소로","6m미만","2026-03-01 11:18:09.889"
"14031","휘경로17길","일반도로","국지도로","소로","6m미만","2026-03-01 11:18:09.894"
"14032","휘경로19길","일반도로","국지도로","소로","6m미만","2026-03-01 11:18:09.894"
"14033","휘경로23길","일반도로","국지도로","소로","6m미만","2026-03-01 11:18:09.894"
"14034","휘경로2가길","일반도로","국지도로","소로","6m미만","2026-03-01 11:18:09.894"
"14035","휘경로2길","일반도로","국지도로","소로","6m미만","2026-03-01 11:18:09.894"
"14036","휘경로31길","일반도로","국지도로","소로","6m미만","2026-03-01 11:18:09.894"
"14037","휘경로3길","일반도로","국지도로","소로","6m미만","2026-03-01 11:18:09.894"
"14038","휘경로5길","일반도로","국지도로","소로","6m미만","2026-03-01 11:18:09.894"
"14039","휘경로7길","일반도로","국지도로","소로","6m미만","2026-03-01 11:18:09.894"
"14040","흑석로","일반도로","국지도로","소로3류","폭6-8m","2026-03-01 11:18:09.894"
"14041","흑석로10길","일반도로","국지도로","소로","6m미만","2026-03-01 11:18:09.899"
"14042","흑석로11길","일반도로","국지도로","소로","6m미만","2026-03-01 11:18:09.899"
"14043","흑석로13가길","일반도로","국지도로","소로","6m미만","2026-03-01 11:18:09.899"
"14044","흑석로13길","일반도로","국지도로","소로3류","폭6-8m","2026-03-01 11:18:09.899"
"14045","흑석로13마길","일반도로","국지도로","소로","6m미만","2026-03-01 11:18:09.899"
"14046","흑석로13바길","일반도로","국지도로","소로","6m미만","2026-03-01 11:18:09.899"
"14047","흑석로3가길","일반도로","국지도로","소로","6m미만","2026-03-01 11:18:09.899"
"14048","흑석로3길","일반도로","국지도로","소로","6m미만","2026-03-01 11:18:09.899"
"14049","흑석로5길","일반도로","국지도로","소로","6m미만","2026-03-01 11:18:09.899"
"14050","흑석로6가길","일반도로","국지도로","소로","6m미만","2026-03-01 11:18:09.899"
"14051","흑석로6길","일반도로","국지도로","소로","6m미만","2026-03-01 11:18:09.904"
"14052","흑석로6나길","일반도로","국지도로","소로","6m미만","2026-03-01 11:18:09.904"
"14053","흑석로7길","일반도로","국지도로","소로","6m미만","2026-03-01 11:18:09.904"
"14054","흑석로8길","일반도로","국지도로","소로","6m미만","2026-03-01 11:18:09.904"
"14055","흑석로9길","일반도로","국지도로","소로","6m미만","2026-03-01 11:18:09.904"
"14056","흑석한강로","일반도로","국지도로","중로1류","폭20-25m","2026-03-01 11:18:09.904"
"14057","흥국사길","일반도로","국지도로","소로","6m미만","2026-03-01 11:18:09.904"
"14058","흥인~면목선","일반도로","보조간선도로","대로2류","폭30-35m","2026-03-01 11:18:09.904"
"14059","흥천사길","일반도로","국지도로","소로3류","폭6-8m","2026-03-01 11:18:09.904"
"14060","희우정로","일반도로","국지도로","소로","6m미만","2026-03-01 11:18:09.904"
"14061","희우정로10길","일반도로","국지도로","소로","6m미만","2026-03-01 11:18:09.909"
"14062","희우정로10안길","일반도로","국지도로","소로","6m미만","2026-03-01 11:18:09.909"
"14063","희우정로12길","일반도로","국지도로","소로3류","폭6-8m","2026-03-01 11:18:09.909"
"14064","희우정로13길","일반도로","국지도로","소로3류","폭6-8m","2026-03-01 11:18:09.909"
"14065","희우정로15길","일반도로","국지도로","소로","6m미만","2026-03-01 11:18:09.909"
"14066","희우정로16길","일반도로","국지도로","소로","6m미만","2026-03-01 11:18:09.909"
"14067","희우정로17길","일반도로","국지도로","소로","6m미만","2026-03-01 11:18:09.909"
"14068","희우정로1길","일반도로","국지도로","소로3류","폭6-8m","2026-03-01 11:18:09.909"
"14069","희우정로20길","일반도로","국지도로","소로","6m미만","2026-03-01 11:18:09.909"
"14070","희우정로21길","일반도로","국지도로","소로","6m미만","2026-03-01 11:18:09.909"
"14071","희우정로3길","일반도로","국지도로","소로3류","폭6-8m","2026-03-01 11:18:09.91"
"14072","희우정로5길","일반도로","국지도로","소로","6m미만","2026-03-01 11:18:09.91"
"14073","희우정로7길","일반도로","국지도로","소로","6m미만","2026-03-01 11:18:09.91"